-- --------------------------------------------------------
-- Host:                         127.0.0.1
-- Versión del servidor:         5.6.26 - MySQL Community Server (GPL)
-- SO del servidor:              Win32
-- HeidiSQL Versión:             9.3.0.4984
-- --------------------------------------------------------

/*!40101 SET @OLD_CHARACTER_SET_CLIENT=@@CHARACTER_SET_CLIENT */;
/*!40101 SET NAMES utf8mb4 */;
/*!40014 SET @OLD_FOREIGN_KEY_CHECKS=@@FOREIGN_KEY_CHECKS, FOREIGN_KEY_CHECKS=0 */;
/*!40101 SET @OLD_SQL_MODE=@@SQL_MODE, SQL_MODE='NO_AUTO_VALUE_ON_ZERO' */;

-- Volcando estructura de base de datos para siam_scribe
CREATE DATABASE IF NOT EXISTS `siam_scribe` /*!40100 DEFAULT CHARACTER SET utf8 */;
USE `siam_scribe`;


-- Volcando estructura para tabla siam_scribe.aa_aspectos
CREATE TABLE IF NOT EXISTS `aa_aspectos` (
  `id` int(10) unsigned NOT NULL AUTO_INCREMENT,
  `aspectos` varchar(255) COLLATE utf8_unicode_ci NOT NULL,
  `detalle` varchar(255) COLLATE utf8_unicode_ci NOT NULL,
  `usu_alta_id` int(10) unsigned NOT NULL,
  `usu_mod_id` int(10) unsigned NOT NULL,
  `created_at` timestamp NOT NULL DEFAULT '0000-00-00 00:00:00',
  `updated_at` timestamp NOT NULL DEFAULT '0000-00-00 00:00:00',
  `deleted_at` timestamp NULL DEFAULT NULL,
  PRIMARY KEY (`id`),
  KEY `aa_aspectos_usu_alta_id_foreign` (`usu_alta_id`),
  KEY `aa_aspectos_usu_mod_id_foreign` (`usu_mod_id`),
  CONSTRAINT `aa_aspectos_usu_alta_id_foreign` FOREIGN KEY (`usu_alta_id`) REFERENCES `users` (`id`),
  CONSTRAINT `aa_aspectos_usu_mod_id_foreign` FOREIGN KEY (`usu_mod_id`) REFERENCES `users` (`id`)
) ENGINE=InnoDB AUTO_INCREMENT=6 DEFAULT CHARSET=utf8 COLLATE=utf8_unicode_ci;

-- Volcando datos para la tabla siam_scribe.aa_aspectos: ~5 rows (aproximadamente)
/*!40000 ALTER TABLE `aa_aspectos` DISABLE KEYS */;
INSERT INTO `aa_aspectos` (`id`, `aspectos`, `detalle`, `usu_alta_id`, `usu_mod_id`, `created_at`, `updated_at`, `deleted_at`) VALUES
	(1, 'Entradas', 'Detalle aspecto', 1, 1, '2015-03-30 23:25:12', '2015-03-30 23:26:52', NULL),
	(2, 'Procesos', 'Procesos', 1, 1, '0000-00-00 00:00:00', '0000-00-00 00:00:00', NULL),
	(3, 'Salidas', 'Salidas', 1, 1, '0000-00-00 00:00:00', '0000-00-00 00:00:00', NULL),
	(4, 'Recursos', 'Recursos', 1, 1, '0000-00-00 00:00:00', '0000-00-00 00:00:00', NULL),
	(5, 'Controles', 'Controles', 1, 1, '0000-00-00 00:00:00', '0000-00-00 00:00:00', NULL);
/*!40000 ALTER TABLE `aa_aspectos` ENABLE KEYS */;


-- Volcando estructura para tabla siam_scribe.aa_condiciones
CREATE TABLE IF NOT EXISTS `aa_condiciones` (
  `id` int(10) unsigned NOT NULL AUTO_INCREMENT,
  `condicion` varchar(255) COLLATE utf8_unicode_ci NOT NULL,
  `detalle` varchar(255) COLLATE utf8_unicode_ci NOT NULL,
  `usu_alta_id` int(10) unsigned NOT NULL,
  `usu_mod_id` int(10) unsigned NOT NULL,
  `created_at` timestamp NOT NULL DEFAULT '0000-00-00 00:00:00',
  `updated_at` timestamp NOT NULL DEFAULT '0000-00-00 00:00:00',
  `deleted_at` timestamp NULL DEFAULT NULL,
  PRIMARY KEY (`id`),
  KEY `aa_condiciones_usu_alta_id_foreign` (`usu_alta_id`),
  KEY `aa_condiciones_usu_mod_id_foreign` (`usu_mod_id`),
  CONSTRAINT `aa_condiciones_usu_alta_id_foreign` FOREIGN KEY (`usu_alta_id`) REFERENCES `users` (`id`),
  CONSTRAINT `aa_condiciones_usu_mod_id_foreign` FOREIGN KEY (`usu_mod_id`) REFERENCES `users` (`id`)
) ENGINE=InnoDB AUTO_INCREMENT=4 DEFAULT CHARSET=utf8 COLLATE=utf8_unicode_ci;

-- Volcando datos para la tabla siam_scribe.aa_condiciones: ~3 rows (aproximadamente)
/*!40000 ALTER TABLE `aa_condiciones` DISABLE KEYS */;
INSERT INTO `aa_condiciones` (`id`, `condicion`, `detalle`, `usu_alta_id`, `usu_mod_id`, `created_at`, `updated_at`, `deleted_at`) VALUES
	(1, 'Normal', 'Normal', 1, 1, '0000-00-00 00:00:00', '0000-00-00 00:00:00', NULL),
	(2, 'Anormal', 'Anormal', 1, 1, '0000-00-00 00:00:00', '0000-00-00 00:00:00', NULL),
	(3, 'De Riesgo', 'De Riesgo', 1, 1, '0000-00-00 00:00:00', '0000-00-00 00:00:00', NULL);
/*!40000 ALTER TABLE `aa_condiciones` ENABLE KEYS */;


-- Volcando estructura para tabla siam_scribe.aa_emes
CREATE TABLE IF NOT EXISTS `aa_emes` (
  `id` int(10) unsigned NOT NULL AUTO_INCREMENT,
  `eme` varchar(255) COLLATE utf8_unicode_ci NOT NULL,
  `detalle` varchar(255) COLLATE utf8_unicode_ci NOT NULL,
  `usu_alta_id` int(10) unsigned NOT NULL,
  `usu_mod_id` int(10) unsigned NOT NULL,
  `created_at` timestamp NOT NULL DEFAULT '0000-00-00 00:00:00',
  `updated_at` timestamp NOT NULL DEFAULT '0000-00-00 00:00:00',
  `deleted_at` timestamp NULL DEFAULT NULL,
  PRIMARY KEY (`id`),
  KEY `aa_emes_usu_alta_id_foreign` (`usu_alta_id`),
  KEY `aa_emes_usu_mod_id_foreign` (`usu_mod_id`),
  CONSTRAINT `aa_emes_usu_alta_id_foreign` FOREIGN KEY (`usu_alta_id`) REFERENCES `users` (`id`),
  CONSTRAINT `aa_emes_usu_mod_id_foreign` FOREIGN KEY (`usu_mod_id`) REFERENCES `users` (`id`)
) ENGINE=InnoDB AUTO_INCREMENT=6 DEFAULT CHARSET=utf8 COLLATE=utf8_unicode_ci;

-- Volcando datos para la tabla siam_scribe.aa_emes: ~5 rows (aproximadamente)
/*!40000 ALTER TABLE `aa_emes` DISABLE KEYS */;
INSERT INTO `aa_emes` (`id`, `eme`, `detalle`, `usu_alta_id`, `usu_mod_id`, `created_at`, `updated_at`, `deleted_at`) VALUES
	(1, 'Metodología', 'Metodología', 1, 1, '0000-00-00 00:00:00', '0000-00-00 00:00:00', NULL),
	(2, 'Maquinaria y Equipo', 'Maquinaria y Equipo', 1, 1, '0000-00-00 00:00:00', '0000-00-00 00:00:00', NULL),
	(3, 'Materias Primas', 'Materias Primas', 1, 1, '0000-00-00 00:00:00', '0000-00-00 00:00:00', NULL),
	(4, 'Medio Ambiente', 'Medio Ambiente', 1, 1, '0000-00-00 00:00:00', '0000-00-00 00:00:00', NULL),
	(5, 'Mano de Obra', 'Mano de Obra', 1, 1, '0000-00-00 00:00:00', '0000-00-00 00:00:00', NULL);
/*!40000 ALTER TABLE `aa_emes` ENABLE KEYS */;


-- Volcando estructura para tabla siam_scribe.aa_impactos
CREATE TABLE IF NOT EXISTS `aa_impactos` (
  `id` int(10) unsigned NOT NULL AUTO_INCREMENT,
  `impacto` varchar(255) COLLATE utf8_unicode_ci NOT NULL,
  `detalle` varchar(255) COLLATE utf8_unicode_ci NOT NULL,
  `usu_alta_id` int(10) unsigned NOT NULL,
  `usu_mod_id` int(10) unsigned NOT NULL,
  `created_at` timestamp NOT NULL DEFAULT '0000-00-00 00:00:00',
  `updated_at` timestamp NOT NULL DEFAULT '0000-00-00 00:00:00',
  `deleted_at` timestamp NULL DEFAULT NULL,
  PRIMARY KEY (`id`),
  KEY `aa_impactos_usu_alta_id_foreign` (`usu_alta_id`),
  KEY `aa_impactos_usu_mod_id_foreign` (`usu_mod_id`),
  CONSTRAINT `aa_impactos_usu_alta_id_foreign` FOREIGN KEY (`usu_alta_id`) REFERENCES `users` (`id`),
  CONSTRAINT `aa_impactos_usu_mod_id_foreign` FOREIGN KEY (`usu_mod_id`) REFERENCES `users` (`id`)
) ENGINE=InnoDB AUTO_INCREMENT=14 DEFAULT CHARSET=utf8 COLLATE=utf8_unicode_ci;

-- Volcando datos para la tabla siam_scribe.aa_impactos: ~13 rows (aproximadamente)
/*!40000 ALTER TABLE `aa_impactos` DISABLE KEYS */;
INSERT INTO `aa_impactos` (`id`, `impacto`, `detalle`, `usu_alta_id`, `usu_mod_id`, `created_at`, `updated_at`, `deleted_at`) VALUES
	(1, 'Aire', 'Aire', 1, 1, '2015-03-31 00:11:48', '2015-03-31 00:12:58', NULL),
	(2, 'Agua', 'Agua', 1, 1, '0000-00-00 00:00:00', '0000-00-00 00:00:00', NULL),
	(3, 'Suelo y Subsuelo', 'Suelo', 1, 1, '0000-00-00 00:00:00', '0000-00-00 00:00:00', NULL),
	(4, 'Flora', 'Flora', 1, 1, '0000-00-00 00:00:00', '0000-00-00 00:00:00', NULL),
	(5, 'Fauna', 'Fauna', 1, 1, '0000-00-00 00:00:00', '0000-00-00 00:00:00', NULL),
	(6, 'Humanos', 'humanos', 1, 1, '0000-00-00 00:00:00', '0000-00-00 00:00:00', NULL),
	(7, 'Uso de recursos naturales', 'Uso de recursos naturales', 1, 1, '0000-00-00 00:00:00', '0000-00-00 00:00:00', NULL),
	(8, 'Residuos Peligrosos', 'Residuos Peligrosos', 1, 1, '0000-00-00 00:00:00', '0000-00-00 00:00:00', NULL),
	(9, 'Residuos de Manejo Especial y Solidos Urbanos', 'Residuos de Manejo Especial y Solidos Urbanos', 1, 1, '0000-00-00 00:00:00', '0000-00-00 00:00:00', NULL),
	(10, 'Ruido', 'Ruido', 1, 1, '0000-00-00 00:00:00', '0000-00-00 00:00:00', NULL),
	(11, 'Seguridad e Higiene', 'Seguridad e Higiene', 1, 1, '0000-00-00 00:00:00', '0000-00-00 00:00:00', NULL),
	(12, 'Energia', 'Energia', 1, 1, '0000-00-00 00:00:00', '0000-00-00 00:00:00', NULL),
	(13, 'Riesgo Ambiental', 'Riesgo Ambiental', 1, 1, '0000-00-00 00:00:00', '0000-00-00 00:00:00', NULL);
/*!40000 ALTER TABLE `aa_impactos` ENABLE KEYS */;


-- Volcando estructura para tabla siam_scribe.aa_procesos
CREATE TABLE IF NOT EXISTS `aa_procesos` (
  `id` int(10) unsigned NOT NULL AUTO_INCREMENT,
  `proceso` varchar(255) COLLATE utf8_unicode_ci NOT NULL,
  `detalle` varchar(255) COLLATE utf8_unicode_ci NOT NULL,
  `usu_alta_id` int(10) unsigned NOT NULL,
  `usu_mod_id` int(10) unsigned NOT NULL,
  `created_at` timestamp NOT NULL DEFAULT '0000-00-00 00:00:00',
  `updated_at` timestamp NOT NULL DEFAULT '0000-00-00 00:00:00',
  `deleted_at` timestamp NULL DEFAULT NULL,
  PRIMARY KEY (`id`),
  KEY `aa_procesos_usu_alta_id_foreign` (`usu_alta_id`),
  KEY `aa_procesos_usu_mod_id_foreign` (`usu_mod_id`),
  CONSTRAINT `aa_procesos_usu_alta_id_foreign` FOREIGN KEY (`usu_alta_id`) REFERENCES `users` (`id`),
  CONSTRAINT `aa_procesos_usu_mod_id_foreign` FOREIGN KEY (`usu_mod_id`) REFERENCES `users` (`id`)
) ENGINE=InnoDB AUTO_INCREMENT=2 DEFAULT CHARSET=utf8 COLLATE=utf8_unicode_ci;

-- Volcando datos para la tabla siam_scribe.aa_procesos: ~0 rows (aproximadamente)
/*!40000 ALTER TABLE `aa_procesos` DISABLE KEYS */;
INSERT INTO `aa_procesos` (`id`, `proceso`, `detalle`, `usu_alta_id`, `usu_mod_id`, `created_at`, `updated_at`, `deleted_at`) VALUES
	(1, 'proceso 1 proceso 1proceso 1proceso 1proceso 1proceso 1proceso 1proceso 1proceso 1', 'detalle del proceso', 1, 1, '2015-03-30 23:09:11', '2015-03-31 18:58:33', NULL);
/*!40000 ALTER TABLE `aa_procesos` ENABLE KEYS */;


-- Volcando estructura para tabla siam_scribe.achecks
CREATE TABLE IF NOT EXISTS `achecks` (
  `id` int(10) unsigned NOT NULL AUTO_INCREMENT,
  `area` varchar(255) COLLATE utf8_unicode_ci NOT NULL,
  `usu_alta_id` int(10) unsigned NOT NULL,
  `usu_mod_id` int(10) unsigned NOT NULL,
  `created_at` timestamp NOT NULL DEFAULT '0000-00-00 00:00:00',
  `updated_at` timestamp NOT NULL DEFAULT '0000-00-00 00:00:00',
  `deleted_at` timestamp NULL DEFAULT NULL,
  PRIMARY KEY (`id`),
  KEY `achecks_usu_alta_id_foreign` (`usu_alta_id`),
  KEY `achecks_usu_mod_id_foreign` (`usu_mod_id`),
  CONSTRAINT `achecks_usu_alta_id_foreign` FOREIGN KEY (`usu_alta_id`) REFERENCES `users` (`id`),
  CONSTRAINT `achecks_usu_mod_id_foreign` FOREIGN KEY (`usu_mod_id`) REFERENCES `users` (`id`)
) ENGINE=InnoDB AUTO_INCREMENT=3 DEFAULT CHARSET=utf8 COLLATE=utf8_unicode_ci;

-- Volcando datos para la tabla siam_scribe.achecks: ~2 rows (aproximadamente)
/*!40000 ALTER TABLE `achecks` DISABLE KEYS */;
INSERT INTO `achecks` (`id`, `area`, `usu_alta_id`, `usu_mod_id`, `created_at`, `updated_at`, `deleted_at`) VALUES
	(1, 'SEGURIDAD', 1, 1, '2015-01-22 02:17:29', '2015-01-22 02:17:29', NULL),
	(2, 'MEDIO AMBIENTE', 1, 1, '2015-01-22 02:17:50', '2015-01-22 02:24:42', NULL);
/*!40000 ALTER TABLE `achecks` ENABLE KEYS */;


-- Volcando estructura para tabla siam_scribe.areas
CREATE TABLE IF NOT EXISTS `areas` (
  `id` int(10) unsigned NOT NULL AUTO_INCREMENT,
  `area` varchar(255) COLLATE utf8_unicode_ci NOT NULL,
  `usu_alta_id` int(10) unsigned NOT NULL,
  `usu_mod_id` int(10) unsigned NOT NULL,
  `cia_id` int(10) unsigned NOT NULL,
  `created_at` timestamp NOT NULL DEFAULT '0000-00-00 00:00:00',
  `updated_at` timestamp NOT NULL DEFAULT '0000-00-00 00:00:00',
  `deleted_at` timestamp NULL DEFAULT NULL,
  PRIMARY KEY (`id`),
  KEY `areas_usu_alta_id_foreign` (`usu_alta_id`),
  KEY `areas_usu_mod_id_foreign` (`usu_mod_id`),
  KEY `areas_cia_id_foreign` (`cia_id`),
  CONSTRAINT `areas_cia_id_foreign` FOREIGN KEY (`cia_id`) REFERENCES `entidades` (`id`),
  CONSTRAINT `areas_usu_alta_id_foreign` FOREIGN KEY (`usu_alta_id`) REFERENCES `users` (`id`),
  CONSTRAINT `areas_usu_mod_id_foreign` FOREIGN KEY (`usu_mod_id`) REFERENCES `users` (`id`)
) ENGINE=InnoDB AUTO_INCREMENT=2 DEFAULT CHARSET=utf8 COLLATE=utf8_unicode_ci;

-- Volcando datos para la tabla siam_scribe.areas: ~0 rows (aproximadamente)
/*!40000 ALTER TABLE `areas` DISABLE KEYS */;
INSERT INTO `areas` (`id`, `area`, `usu_alta_id`, `usu_mod_id`, `cia_id`, `created_at`, `updated_at`, `deleted_at`) VALUES
	(1, 'Area 1 editada', 1, 1, 1, '2015-02-23 22:51:05', '2015-02-23 22:53:18', NULL);
/*!40000 ALTER TABLE `areas` ENABLE KEYS */;


-- Volcando estructura para tabla siam_scribe.aspectos_ambientales
CREATE TABLE IF NOT EXISTS `aspectos_ambientales` (
  `id` int(10) unsigned NOT NULL AUTO_INCREMENT,
  `proceso_id` int(10) unsigned NOT NULL,
  `area_id` int(10) unsigned NOT NULL,
  `actividad` varchar(255) COLLATE utf8_unicode_ci NOT NULL,
  `descripcion` varchar(255) COLLATE utf8_unicode_ci NOT NULL,
  `aspecto_id` int(10) unsigned NOT NULL,
  `eme_id` int(10) unsigned NOT NULL,
  `condicion_id` int(10) unsigned NOT NULL,
  `impacto_id` int(10) unsigned NOT NULL,
  `al_federal_bnd` int(10) unsigned NOT NULL,
  `al_estatal_bnd` int(10) unsigned NOT NULL,
  `obj_corporativo_bnd` int(10) unsigned NOT NULL,
  `quejas_bnd` int(10) unsigned NOT NULL,
  `severidad_id` int(10) unsigned NOT NULL,
  `bnd_potencial` int(10) unsigned NOT NULL,
  `frecuencia_id` int(10) unsigned NOT NULL,
  `bnd_real` int(10) unsigned NOT NULL,
  `probabilidad_id` int(10) unsigned NOT NULL,
  `imp_potencial_id` int(10) unsigned NOT NULL,
  `imp_real_id` int(10) unsigned NOT NULL,
  `observaciones` varchar(255) COLLATE utf8_unicode_ci NOT NULL,
  `ctrls_opracionales` varchar(255) COLLATE utf8_unicode_ci NOT NULL,
  `cia_id` int(10) unsigned NOT NULL,
  `usu_alta_id` int(10) unsigned NOT NULL,
  `usu_mod_id` int(10) unsigned NOT NULL,
  `created_at` timestamp NOT NULL DEFAULT '0000-00-00 00:00:00',
  `updated_at` timestamp NOT NULL DEFAULT '0000-00-00 00:00:00',
  `deleted_at` timestamp NULL DEFAULT NULL,
  PRIMARY KEY (`id`),
  KEY `aspectos_ambientales_usu_alta_id_foreign` (`usu_alta_id`),
  KEY `aspectos_ambientales_usu_mod_id_foreign` (`usu_mod_id`),
  KEY `aspectos_ambientales_cia_id_foreign` (`cia_id`),
  KEY `aspectos_ambientales_imp_real_id_foreign` (`imp_real_id`),
  KEY `aspectos_ambientales_imp_potencial_id_foreign` (`imp_potencial_id`),
  KEY `aspectos_ambientales_probabilidad_id_foreign` (`probabilidad_id`),
  KEY `aspectos_ambientales_bnd_real_foreign` (`bnd_real`),
  KEY `aspectos_ambientales_frecuencia_id_foreign` (`frecuencia_id`),
  KEY `aspectos_ambientales_bnd_potencial_foreign` (`bnd_potencial`),
  KEY `aspectos_ambientales_severidad_id_foreign` (`severidad_id`),
  KEY `aspectos_ambientales_quejas_bnd_foreign` (`quejas_bnd`),
  KEY `aspectos_ambientales_obj_corporativo_bnd_foreign` (`obj_corporativo_bnd`),
  KEY `aspectos_ambientales_al_estatal_bnd_foreign` (`al_estatal_bnd`),
  KEY `aspectos_ambientales_al_federal_bnd_foreign` (`al_federal_bnd`),
  KEY `aspectos_ambientales_impacto_id_foreign` (`impacto_id`),
  KEY `aspectos_ambientales_condicion_id_foreign` (`condicion_id`),
  KEY `aspectos_ambientales_eme_id_foreign` (`eme_id`),
  KEY `aspectos_ambientales_aspecto_id_foreign` (`aspecto_id`),
  KEY `aspectos_ambientales_area_id_foreign` (`area_id`),
  KEY `aspectos_ambientales_proceso_id_foreign` (`proceso_id`),
  CONSTRAINT `aspectos_ambientales_al_estatal_bnd_foreign` FOREIGN KEY (`al_estatal_bnd`) REFERENCES `bnds` (`id`),
  CONSTRAINT `aspectos_ambientales_al_federal_bnd_foreign` FOREIGN KEY (`al_federal_bnd`) REFERENCES `bnds` (`id`),
  CONSTRAINT `aspectos_ambientales_area_id_foreign` FOREIGN KEY (`area_id`) REFERENCES `areas` (`id`),
  CONSTRAINT `aspectos_ambientales_aspecto_id_foreign` FOREIGN KEY (`aspecto_id`) REFERENCES `aa_aspectos` (`id`),
  CONSTRAINT `aspectos_ambientales_bnd_potencial_foreign` FOREIGN KEY (`bnd_potencial`) REFERENCES `bnds` (`id`),
  CONSTRAINT `aspectos_ambientales_bnd_real_foreign` FOREIGN KEY (`bnd_real`) REFERENCES `bnds` (`id`),
  CONSTRAINT `aspectos_ambientales_cia_id_foreign` FOREIGN KEY (`cia_id`) REFERENCES `entidades` (`id`),
  CONSTRAINT `aspectos_ambientales_condicion_id_foreign` FOREIGN KEY (`condicion_id`) REFERENCES `aa_condiciones` (`id`),
  CONSTRAINT `aspectos_ambientales_eme_id_foreign` FOREIGN KEY (`eme_id`) REFERENCES `aa_emes` (`id`),
  CONSTRAINT `aspectos_ambientales_frecuencia_id_foreign` FOREIGN KEY (`frecuencia_id`) REFERENCES `duracion_accions` (`id`),
  CONSTRAINT `aspectos_ambientales_imp_potencial_id_foreign` FOREIGN KEY (`imp_potencial_id`) REFERENCES `imp_potencials` (`id`),
  CONSTRAINT `aspectos_ambientales_imp_real_id_foreign` FOREIGN KEY (`imp_real_id`) REFERENCES `imp_reals` (`id`),
  CONSTRAINT `aspectos_ambientales_impacto_id_foreign` FOREIGN KEY (`impacto_id`) REFERENCES `aa_impactos` (`id`),
  CONSTRAINT `aspectos_ambientales_obj_corporativo_bnd_foreign` FOREIGN KEY (`obj_corporativo_bnd`) REFERENCES `bnds` (`id`),
  CONSTRAINT `aspectos_ambientales_probabilidad_id_foreign` FOREIGN KEY (`probabilidad_id`) REFERENCES `probabilidads` (`id`),
  CONSTRAINT `aspectos_ambientales_proceso_id_foreign` FOREIGN KEY (`proceso_id`) REFERENCES `aa_procesos` (`id`),
  CONSTRAINT `aspectos_ambientales_quejas_bnd_foreign` FOREIGN KEY (`quejas_bnd`) REFERENCES `bnds` (`id`),
  CONSTRAINT `aspectos_ambientales_severidad_id_foreign` FOREIGN KEY (`severidad_id`) REFERENCES `efectos` (`id`),
  CONSTRAINT `aspectos_ambientales_usu_alta_id_foreign` FOREIGN KEY (`usu_alta_id`) REFERENCES `users` (`id`),
  CONSTRAINT `aspectos_ambientales_usu_mod_id_foreign` FOREIGN KEY (`usu_mod_id`) REFERENCES `users` (`id`)
) ENGINE=InnoDB AUTO_INCREMENT=2 DEFAULT CHARSET=utf8 COLLATE=utf8_unicode_ci;

-- Volcando datos para la tabla siam_scribe.aspectos_ambientales: ~0 rows (aproximadamente)
/*!40000 ALTER TABLE `aspectos_ambientales` DISABLE KEYS */;
INSERT INTO `aspectos_ambientales` (`id`, `proceso_id`, `area_id`, `actividad`, `descripcion`, `aspecto_id`, `eme_id`, `condicion_id`, `impacto_id`, `al_federal_bnd`, `al_estatal_bnd`, `obj_corporativo_bnd`, `quejas_bnd`, `severidad_id`, `bnd_potencial`, `frecuencia_id`, `bnd_real`, `probabilidad_id`, `imp_potencial_id`, `imp_real_id`, `observaciones`, `ctrls_opracionales`, `cia_id`, `usu_alta_id`, `usu_mod_id`, `created_at`, `updated_at`, `deleted_at`) VALUES
	(1, 1, 1, 'actividad', 'desc', 1, 1, 1, 1, 1, 1, 1, 1, 8, 2, 5, 1, 2, 4, 1, '', '', 1, 1, 1, '2015-04-08 16:18:51', '2015-04-08 22:43:27', NULL);
/*!40000 ALTER TABLE `aspectos_ambientales` ENABLE KEYS */;


-- Volcando estructura para tabla siam_scribe.a_archivos
CREATE TABLE IF NOT EXISTS `a_archivos` (
  `id` int(10) unsigned NOT NULL AUTO_INCREMENT,
  `documento_id` int(10) unsigned NOT NULL,
  `descripcion` varchar(255) COLLATE utf8_unicode_ci NOT NULL,
  `archivo` varchar(255) COLLATE utf8_unicode_ci NOT NULL,
  `fec_ini_vigencia` date NOT NULL,
  `fec_fin_vigencia` date NOT NULL,
  `aviso` int(10) unsigned NOT NULL,
  `dias_aviso` int(11) NOT NULL,
  `responsable_id` int(10) unsigned NOT NULL,
  `obs` varchar(255) COLLATE utf8_unicode_ci NOT NULL,
  `st_archivo_id` int(10) unsigned NOT NULL,
  `cia_id` int(10) unsigned NOT NULL,
  `usu_alta_id` int(10) unsigned NOT NULL,
  `usu_mod_id` int(10) unsigned NOT NULL,
  `created_at` timestamp NOT NULL DEFAULT '0000-00-00 00:00:00',
  `updated_at` timestamp NOT NULL DEFAULT '0000-00-00 00:00:00',
  `deleted_at` timestamp NULL DEFAULT NULL,
  PRIMARY KEY (`id`),
  KEY `a_archivos_usu_alta_id_foreign` (`usu_alta_id`),
  KEY `a_archivos_usu_mod_id_foreign` (`usu_mod_id`),
  KEY `a_archivos_cia_id_foreign` (`cia_id`),
  KEY `a_archivos_st_archivo_id_foreign` (`st_archivo_id`),
  KEY `a_archivos_aviso_foreign` (`aviso`),
  KEY `a_archivos_documento_id_foreign` (`documento_id`),
  KEY `a_archivos_responsable_id_foreign` (`responsable_id`),
  CONSTRAINT `a_archivos_aviso_foreign` FOREIGN KEY (`aviso`) REFERENCES `bnds` (`id`),
  CONSTRAINT `a_archivos_cia_id_foreign` FOREIGN KEY (`cia_id`) REFERENCES `entidades` (`id`),
  CONSTRAINT `a_archivos_documento_id_foreign` FOREIGN KEY (`documento_id`) REFERENCES `ca_ca_docs` (`id`),
  CONSTRAINT `a_archivos_responsable_id_foreign` FOREIGN KEY (`responsable_id`) REFERENCES `empleados` (`id`),
  CONSTRAINT `a_archivos_st_archivo_id_foreign` FOREIGN KEY (`st_archivo_id`) REFERENCES `a_st_archivos` (`id`),
  CONSTRAINT `a_archivos_usu_alta_id_foreign` FOREIGN KEY (`usu_alta_id`) REFERENCES `users` (`id`),
  CONSTRAINT `a_archivos_usu_mod_id_foreign` FOREIGN KEY (`usu_mod_id`) REFERENCES `users` (`id`)
) ENGINE=InnoDB AUTO_INCREMENT=2 DEFAULT CHARSET=utf8 COLLATE=utf8_unicode_ci;

-- Volcando datos para la tabla siam_scribe.a_archivos: ~0 rows (aproximadamente)
/*!40000 ALTER TABLE `a_archivos` DISABLE KEYS */;
INSERT INTO `a_archivos` (`id`, `documento_id`, `descripcion`, `archivo`, `fec_ini_vigencia`, `fec_fin_vigencia`, `aviso`, `dias_aviso`, `responsable_id`, `obs`, `st_archivo_id`, `cia_id`, `usu_alta_id`, `usu_mod_id`, `created_at`, `updated_at`, `deleted_at`) VALUES
	(1, 1, 'desc 1', 'carga.pdf', '2015-03-01', '2015-03-31', 1, 3, 2, '', 2, 1, 1, 1, '2015-03-21 00:54:44', '2015-03-21 01:21:07', NULL);
/*!40000 ALTER TABLE `a_archivos` ENABLE KEYS */;


-- Volcando estructura para tabla siam_scribe.a_comentarios_archivos
CREATE TABLE IF NOT EXISTS `a_comentarios_archivos` (
  `id` int(10) unsigned NOT NULL AUTO_INCREMENT,
  `a_archivo_id` int(10) unsigned NOT NULL,
  `comentario` varchar(255) COLLATE utf8_unicode_ci NOT NULL,
  `a_st_archivo_id` int(10) unsigned NOT NULL,
  `usu_alta_id` int(10) unsigned NOT NULL,
  `usu_mod_id` int(10) unsigned NOT NULL,
  `created_at` timestamp NOT NULL DEFAULT '0000-00-00 00:00:00',
  `updated_at` timestamp NOT NULL DEFAULT '0000-00-00 00:00:00',
  `deleted_at` timestamp NULL DEFAULT NULL,
  PRIMARY KEY (`id`),
  KEY `a_comentarios_archivos_usu_alta_id_foreign` (`usu_alta_id`),
  KEY `a_comentarios_archivos_usu_mod_id_foreign` (`usu_mod_id`),
  KEY `a_comentarios_archivos_a_st_archivo_id_foreign` (`a_st_archivo_id`),
  KEY `a_comentarios_archivos_a_archivo_id_foreign` (`a_archivo_id`),
  CONSTRAINT `a_comentarios_archivos_a_archivo_id_foreign` FOREIGN KEY (`a_archivo_id`) REFERENCES `a_archivos` (`id`),
  CONSTRAINT `a_comentarios_archivos_a_st_archivo_id_foreign` FOREIGN KEY (`a_st_archivo_id`) REFERENCES `a_st_archivos` (`id`),
  CONSTRAINT `a_comentarios_archivos_usu_alta_id_foreign` FOREIGN KEY (`usu_alta_id`) REFERENCES `users` (`id`),
  CONSTRAINT `a_comentarios_archivos_usu_mod_id_foreign` FOREIGN KEY (`usu_mod_id`) REFERENCES `users` (`id`)
) ENGINE=InnoDB AUTO_INCREMENT=2 DEFAULT CHARSET=utf8 COLLATE=utf8_unicode_ci;

-- Volcando datos para la tabla siam_scribe.a_comentarios_archivos: ~0 rows (aproximadamente)
/*!40000 ALTER TABLE `a_comentarios_archivos` DISABLE KEYS */;
INSERT INTO `a_comentarios_archivos` (`id`, `a_archivo_id`, `comentario`, `a_st_archivo_id`, `usu_alta_id`, `usu_mod_id`, `created_at`, `updated_at`, `deleted_at`) VALUES
	(1, 1, 'cambio de estatus', 2, 1, 1, '2015-03-21 01:21:07', '2015-03-21 01:21:07', NULL);
/*!40000 ALTER TABLE `a_comentarios_archivos` ENABLE KEYS */;


-- Volcando estructura para tabla siam_scribe.a_comentarios_ncs
CREATE TABLE IF NOT EXISTS `a_comentarios_ncs` (
  `id` int(10) unsigned NOT NULL AUTO_INCREMENT,
  `no_conformidad_id` int(10) unsigned NOT NULL,
  `comentario` varchar(255) COLLATE utf8_unicode_ci NOT NULL,
  `costo` float(8,2) NOT NULL,
  `estatus_id` int(10) unsigned NOT NULL,
  `usu_alta_id` int(10) unsigned NOT NULL,
  `usu_mod_id` int(10) unsigned NOT NULL,
  `created_at` timestamp NOT NULL DEFAULT '0000-00-00 00:00:00',
  `updated_at` timestamp NOT NULL DEFAULT '0000-00-00 00:00:00',
  `deleted_at` timestamp NULL DEFAULT NULL,
  PRIMARY KEY (`id`),
  KEY `a_comentarios_ncs_usu_alta_id_foreign` (`usu_alta_id`),
  KEY `a_comentarios_ncs_usu_mod_id_foreign` (`usu_mod_id`),
  KEY `a_comentarios_ncs_estatus_id_foreign` (`estatus_id`),
  KEY `a_comentarios_ncs_no_conformidad_id_foreign` (`no_conformidad_id`),
  CONSTRAINT `a_comentarios_ncs_estatus_id_foreign` FOREIGN KEY (`estatus_id`) REFERENCES `a_st_ncs` (`id`),
  CONSTRAINT `a_comentarios_ncs_no_conformidad_id_foreign` FOREIGN KEY (`no_conformidad_id`) REFERENCES `a_no_conformidades` (`id`),
  CONSTRAINT `a_comentarios_ncs_usu_alta_id_foreign` FOREIGN KEY (`usu_alta_id`) REFERENCES `users` (`id`),
  CONSTRAINT `a_comentarios_ncs_usu_mod_id_foreign` FOREIGN KEY (`usu_mod_id`) REFERENCES `users` (`id`)
) ENGINE=InnoDB DEFAULT CHARSET=utf8 COLLATE=utf8_unicode_ci;

-- Volcando datos para la tabla siam_scribe.a_comentarios_ncs: ~0 rows (aproximadamente)
/*!40000 ALTER TABLE `a_comentarios_ncs` DISABLE KEYS */;
/*!40000 ALTER TABLE `a_comentarios_ncs` ENABLE KEYS */;


-- Volcando estructura para tabla siam_scribe.a_comentarios_pendientes
CREATE TABLE IF NOT EXISTS `a_comentarios_pendientes` (
  `id` int(10) unsigned NOT NULL AUTO_INCREMENT,
  `pendiente_id` int(10) unsigned NOT NULL,
  `comentario` varchar(255) COLLATE utf8_unicode_ci NOT NULL,
  `estatus_id` int(10) unsigned NOT NULL,
  `usu_alta_id` int(10) unsigned NOT NULL,
  `usu_mod_id` int(10) unsigned NOT NULL,
  `created_at` timestamp NOT NULL DEFAULT '0000-00-00 00:00:00',
  `updated_at` timestamp NOT NULL DEFAULT '0000-00-00 00:00:00',
  `deleted_at` timestamp NULL DEFAULT NULL,
  PRIMARY KEY (`id`),
  KEY `a_comentarios_pendientes_usu_alta_id_foreign` (`usu_alta_id`),
  KEY `a_comentarios_pendientes_usu_mod_id_foreign` (`usu_mod_id`),
  KEY `a_comentarios_pendientes_estatus_id_foreign` (`estatus_id`),
  KEY `a_comentarios_pendientes_pendiente_id_foreign` (`pendiente_id`),
  CONSTRAINT `a_comentarios_pendientes_estatus_id_foreign` FOREIGN KEY (`estatus_id`) REFERENCES `bit_sts` (`id`),
  CONSTRAINT `a_comentarios_pendientes_pendiente_id_foreign` FOREIGN KEY (`pendiente_id`) REFERENCES `bitacora_pendientes` (`id`),
  CONSTRAINT `a_comentarios_pendientes_usu_alta_id_foreign` FOREIGN KEY (`usu_alta_id`) REFERENCES `users` (`id`),
  CONSTRAINT `a_comentarios_pendientes_usu_mod_id_foreign` FOREIGN KEY (`usu_mod_id`) REFERENCES `users` (`id`)
) ENGINE=InnoDB AUTO_INCREMENT=2 DEFAULT CHARSET=utf8 COLLATE=utf8_unicode_ci;

-- Volcando datos para la tabla siam_scribe.a_comentarios_pendientes: ~0 rows (aproximadamente)
/*!40000 ALTER TABLE `a_comentarios_pendientes` DISABLE KEYS */;
INSERT INTO `a_comentarios_pendientes` (`id`, `pendiente_id`, `comentario`, `estatus_id`, `usu_alta_id`, `usu_mod_id`, `created_at`, `updated_at`, `deleted_at`) VALUES
	(1, 4, 'cambio', 2, 1, 1, '2015-03-21 16:10:35', '2015-03-21 16:10:35', NULL);
/*!40000 ALTER TABLE `a_comentarios_pendientes` ENABLE KEYS */;


-- Volcando estructura para tabla siam_scribe.a_comentarios_procedimientos
CREATE TABLE IF NOT EXISTS `a_comentarios_procedimientos` (
  `id` int(10) unsigned NOT NULL AUTO_INCREMENT,
  `a_procedimiento_id` int(10) unsigned NOT NULL,
  `comentario` varchar(255) COLLATE utf8_unicode_ci NOT NULL,
  `a_st_procedimiento_id` int(10) unsigned NOT NULL,
  `usu_alta_id` int(10) unsigned NOT NULL,
  `usu_mod_id` int(10) unsigned NOT NULL,
  `created_at` timestamp NOT NULL DEFAULT '0000-00-00 00:00:00',
  `updated_at` timestamp NOT NULL DEFAULT '0000-00-00 00:00:00',
  `deleted_at` timestamp NULL DEFAULT NULL,
  PRIMARY KEY (`id`),
  KEY `a_comentarios_procedimientos_usu_alta_id_foreign` (`usu_alta_id`),
  KEY `a_comentarios_procedimientos_usu_mod_id_foreign` (`usu_mod_id`),
  KEY `a_comentarios_procedimientos_a_st_procedimiento_id_foreign` (`a_st_procedimiento_id`),
  KEY `a_comentarios_procedimientos_a_procedimiento_id_foreign` (`a_procedimiento_id`),
  CONSTRAINT `a_comentarios_procedimientos_a_procedimiento_id_foreign` FOREIGN KEY (`a_procedimiento_id`) REFERENCES `a_procedimientos` (`id`),
  CONSTRAINT `a_comentarios_procedimientos_a_st_procedimiento_id_foreign` FOREIGN KEY (`a_st_procedimiento_id`) REFERENCES `a_st_archivos` (`id`),
  CONSTRAINT `a_comentarios_procedimientos_usu_alta_id_foreign` FOREIGN KEY (`usu_alta_id`) REFERENCES `users` (`id`),
  CONSTRAINT `a_comentarios_procedimientos_usu_mod_id_foreign` FOREIGN KEY (`usu_mod_id`) REFERENCES `users` (`id`)
) ENGINE=InnoDB AUTO_INCREMENT=2 DEFAULT CHARSET=utf8 COLLATE=utf8_unicode_ci;

-- Volcando datos para la tabla siam_scribe.a_comentarios_procedimientos: ~0 rows (aproximadamente)
/*!40000 ALTER TABLE `a_comentarios_procedimientos` DISABLE KEYS */;
INSERT INTO `a_comentarios_procedimientos` (`id`, `a_procedimiento_id`, `comentario`, `a_st_procedimiento_id`, `usu_alta_id`, `usu_mod_id`, `created_at`, `updated_at`, `deleted_at`) VALUES
	(1, 1, 'c', 2, 1, 1, '2015-03-21 01:24:46', '2015-03-21 01:24:46', NULL);
/*!40000 ALTER TABLE `a_comentarios_procedimientos` ENABLE KEYS */;


-- Volcando estructura para tabla siam_scribe.a_comentarios_rrs
CREATE TABLE IF NOT EXISTS `a_comentarios_rrs` (
  `id` int(10) unsigned NOT NULL AUTO_INCREMENT,
  `a_rr_id` int(10) unsigned NOT NULL,
  `comentario` varchar(255) COLLATE utf8_unicode_ci NOT NULL,
  `a_st_rr_id` int(11) NOT NULL,
  `usu_alta_id` int(10) unsigned NOT NULL,
  `usu_mod_id` int(10) unsigned NOT NULL,
  `created_at` timestamp NOT NULL DEFAULT '0000-00-00 00:00:00',
  `updated_at` timestamp NOT NULL DEFAULT '0000-00-00 00:00:00',
  `deleted_at` timestamp NULL DEFAULT NULL,
  PRIMARY KEY (`id`),
  KEY `a_comentarios_rrs_usu_alta_id_foreign` (`usu_alta_id`),
  KEY `a_comentarios_rrs_usu_mod_id_foreign` (`usu_mod_id`),
  KEY `a_comentarios_rrs_a_rr_id_foreign` (`a_rr_id`),
  CONSTRAINT `a_comentarios_rrs_a_rr_id_foreign` FOREIGN KEY (`a_rr_id`) REFERENCES `a_rr_ambientales` (`id`),
  CONSTRAINT `a_comentarios_rrs_usu_alta_id_foreign` FOREIGN KEY (`usu_alta_id`) REFERENCES `users` (`id`),
  CONSTRAINT `a_comentarios_rrs_usu_mod_id_foreign` FOREIGN KEY (`usu_mod_id`) REFERENCES `users` (`id`)
) ENGINE=InnoDB DEFAULT CHARSET=utf8 COLLATE=utf8_unicode_ci;

-- Volcando datos para la tabla siam_scribe.a_comentarios_rrs: ~0 rows (aproximadamente)
/*!40000 ALTER TABLE `a_comentarios_rrs` DISABLE KEYS */;
/*!40000 ALTER TABLE `a_comentarios_rrs` ENABLE KEYS */;


-- Volcando estructura para tabla siam_scribe.a_no_conformidades
CREATE TABLE IF NOT EXISTS `a_no_conformidades` (
  `id` int(10) unsigned NOT NULL AUTO_INCREMENT,
  `no_conformidad` varchar(255) COLLATE utf8_unicode_ci NOT NULL,
  `fecha` date NOT NULL,
  `anio` int(11) NOT NULL,
  `mes` int(11) NOT NULL,
  `area_id` int(11) NOT NULL,
  `tpo_deteccion_id` int(10) unsigned NOT NULL,
  `tpo_bitacora_id` int(10) unsigned NOT NULL,
  `tpo_inconformidad_id` int(10) unsigned NOT NULL,
  `solucion` varchar(255) COLLATE utf8_unicode_ci NOT NULL,
  `responsable_id` int(10) unsigned NOT NULL,
  `fec_planeada` date NOT NULL,
  `fec_solucion` date NOT NULL,
  `costo` float(8,2) NOT NULL,
  `estatus_id` int(10) unsigned NOT NULL,
  `cia_id` int(10) unsigned NOT NULL,
  `usu_alta_id` int(10) unsigned NOT NULL,
  `usu_mod_id` int(10) unsigned NOT NULL,
  `created_at` timestamp NOT NULL DEFAULT '0000-00-00 00:00:00',
  `updated_at` timestamp NOT NULL DEFAULT '0000-00-00 00:00:00',
  `deleted_at` timestamp NULL DEFAULT NULL,
  `dias_aviso` int(11) DEFAULT NULL,
  PRIMARY KEY (`id`),
  KEY `a_no_conformidades_usu_alta_id_foreign` (`usu_alta_id`),
  KEY `a_no_conformidades_usu_mod_id_foreign` (`usu_mod_id`),
  KEY `a_no_conformidades_cia_id_foreign` (`cia_id`),
  KEY `a_no_conformidades_estatus_id_foreign` (`estatus_id`),
  KEY `a_no_conformidades_responsable_id_foreign` (`responsable_id`),
  KEY `a_no_conformidades_tpo_inconformidad_id_foreign` (`tpo_inconformidad_id`),
  KEY `a_no_conformidades_tpo_bitacora_id_foreign` (`tpo_bitacora_id`),
  KEY `a_no_conformidades_tpo_deteccion_id_foreign` (`tpo_deteccion_id`),
  CONSTRAINT `a_no_conformidades_cia_id_foreign` FOREIGN KEY (`cia_id`) REFERENCES `entidades` (`id`),
  CONSTRAINT `a_no_conformidades_estatus_id_foreign` FOREIGN KEY (`estatus_id`) REFERENCES `a_st_ncs` (`id`),
  CONSTRAINT `a_no_conformidades_responsable_id_foreign` FOREIGN KEY (`responsable_id`) REFERENCES `empleados` (`id`),
  CONSTRAINT `a_no_conformidades_tpo_bitacora_id_foreign` FOREIGN KEY (`tpo_bitacora_id`) REFERENCES `cs_tpo_bitacoras` (`id`),
  CONSTRAINT `a_no_conformidades_tpo_deteccion_id_foreign` FOREIGN KEY (`tpo_deteccion_id`) REFERENCES `cs_tpo_deteccions` (`id`),
  CONSTRAINT `a_no_conformidades_tpo_inconformidad_id_foreign` FOREIGN KEY (`tpo_inconformidad_id`) REFERENCES `cs_tpo_inconformidades` (`id`),
  CONSTRAINT `a_no_conformidades_usu_alta_id_foreign` FOREIGN KEY (`usu_alta_id`) REFERENCES `users` (`id`),
  CONSTRAINT `a_no_conformidades_usu_mod_id_foreign` FOREIGN KEY (`usu_mod_id`) REFERENCES `users` (`id`)
) ENGINE=InnoDB AUTO_INCREMENT=3 DEFAULT CHARSET=utf8 COLLATE=utf8_unicode_ci;

-- Volcando datos para la tabla siam_scribe.a_no_conformidades: ~0 rows (aproximadamente)
/*!40000 ALTER TABLE `a_no_conformidades` DISABLE KEYS */;
INSERT INTO `a_no_conformidades` (`id`, `no_conformidad`, `fecha`, `anio`, `mes`, `area_id`, `tpo_deteccion_id`, `tpo_bitacora_id`, `tpo_inconformidad_id`, `solucion`, `responsable_id`, `fec_planeada`, `fec_solucion`, `costo`, `estatus_id`, `cia_id`, `usu_alta_id`, `usu_mod_id`, `created_at`, `updated_at`, `deleted_at`, `dias_aviso`) VALUES
	(2, 'no conformidad', '2015-03-04', 2015, 3, 1, 1, 3, 3, 'solucion', 1, '2015-03-04', '2015-03-12', 30.00, 3, 1, 1, 1, '2015-03-04 06:05:51', '2015-03-21 16:42:40', NULL, 2);
/*!40000 ALTER TABLE `a_no_conformidades` ENABLE KEYS */;


-- Volcando estructura para tabla siam_scribe.a_procedimientos
CREATE TABLE IF NOT EXISTS `a_procedimientos` (
  `id` int(10) unsigned NOT NULL AUTO_INCREMENT,
  `procedimiento_id` int(10) unsigned NOT NULL,
  `descripcion` varchar(255) COLLATE utf8_unicode_ci NOT NULL,
  `fec_ini_vigencia` date NOT NULL,
  `fec_fin_vigencia` date NOT NULL,
  `archivo` varchar(255) COLLATE utf8_unicode_ci NOT NULL,
  `aviso` int(10) unsigned NOT NULL,
  `dias_aviso` int(11) NOT NULL,
  `responsable_id` int(10) unsigned NOT NULL,
  `obs` varchar(255) COLLATE utf8_unicode_ci NOT NULL,
  `st_archivo_id` int(10) unsigned NOT NULL,
  `cia_id` int(10) unsigned NOT NULL,
  `usu_alta_id` int(10) unsigned NOT NULL,
  `usu_mod_id` int(10) unsigned NOT NULL,
  `created_at` timestamp NOT NULL DEFAULT '0000-00-00 00:00:00',
  `updated_at` timestamp NOT NULL DEFAULT '0000-00-00 00:00:00',
  `deleted_at` timestamp NULL DEFAULT NULL,
  PRIMARY KEY (`id`),
  KEY `a_procedimientos_usu_alta_id_foreign` (`usu_alta_id`),
  KEY `a_procedimientos_usu_mod_id_foreign` (`usu_mod_id`),
  KEY `a_procedimientos_cia_id_foreign` (`cia_id`),
  KEY `a_procedimientos_st_archivo_id_foreign` (`st_archivo_id`),
  KEY `a_procedimientos_aviso_foreign` (`aviso`),
  KEY `a_procedimientos_procedimiento_id_foreign` (`procedimiento_id`),
  KEY `a_procedimientos_responsable_id_foreign` (`responsable_id`),
  CONSTRAINT `a_procedimientos_aviso_foreign` FOREIGN KEY (`aviso`) REFERENCES `bnds` (`id`),
  CONSTRAINT `a_procedimientos_cia_id_foreign` FOREIGN KEY (`cia_id`) REFERENCES `entidades` (`id`),
  CONSTRAINT `a_procedimientos_procedimiento_id_foreign` FOREIGN KEY (`procedimiento_id`) REFERENCES `ca_procedimientos` (`id`),
  CONSTRAINT `a_procedimientos_responsable_id_foreign` FOREIGN KEY (`responsable_id`) REFERENCES `empleados` (`id`),
  CONSTRAINT `a_procedimientos_st_archivo_id_foreign` FOREIGN KEY (`st_archivo_id`) REFERENCES `a_st_archivos` (`id`),
  CONSTRAINT `a_procedimientos_usu_alta_id_foreign` FOREIGN KEY (`usu_alta_id`) REFERENCES `users` (`id`),
  CONSTRAINT `a_procedimientos_usu_mod_id_foreign` FOREIGN KEY (`usu_mod_id`) REFERENCES `users` (`id`)
) ENGINE=InnoDB AUTO_INCREMENT=2 DEFAULT CHARSET=utf8 COLLATE=utf8_unicode_ci;

-- Volcando datos para la tabla siam_scribe.a_procedimientos: ~0 rows (aproximadamente)
/*!40000 ALTER TABLE `a_procedimientos` DISABLE KEYS */;
INSERT INTO `a_procedimientos` (`id`, `procedimiento_id`, `descripcion`, `fec_ini_vigencia`, `fec_fin_vigencia`, `archivo`, `aviso`, `dias_aviso`, `responsable_id`, `obs`, `st_archivo_id`, `cia_id`, `usu_alta_id`, `usu_mod_id`, `created_at`, `updated_at`, `deleted_at`) VALUES
	(1, 1, 'desc1', '2015-03-20', '2015-03-27', 'carga_permisos_laravel.pdf', 1, 3, 2, '', 2, 1, 1, 1, '2015-03-21 01:23:53', '2015-03-21 01:24:46', NULL);
/*!40000 ALTER TABLE `a_procedimientos` ENABLE KEYS */;


-- Volcando estructura para tabla siam_scribe.a_rr_ambientales
CREATE TABLE IF NOT EXISTS `a_rr_ambientales` (
  `id` int(10) unsigned NOT NULL AUTO_INCREMENT,
  `material_id` int(10) unsigned NOT NULL,
  `categoria_id` int(10) unsigned NOT NULL,
  `documento_id` int(10) unsigned NOT NULL,
  `descripcion` varchar(255) COLLATE utf8_unicode_ci NOT NULL,
  `fec_fin_vigencia` date NOT NULL,
  `archivo` varchar(255) COLLATE utf8_unicode_ci NOT NULL,
  `aviso` int(10) unsigned NOT NULL,
  `dias_aviso` int(11) NOT NULL,
  `responsable_id` int(10) unsigned NOT NULL,
  `st_archivo_id` int(10) unsigned NOT NULL,
  `cia_id` int(10) unsigned NOT NULL,
  `usu_alta_id` int(10) unsigned NOT NULL,
  `usu_mod_id` int(10) unsigned NOT NULL,
  `created_at` timestamp NOT NULL DEFAULT '0000-00-00 00:00:00',
  `updated_at` timestamp NOT NULL DEFAULT '0000-00-00 00:00:00',
  `deleted_at` timestamp NULL DEFAULT NULL,
  PRIMARY KEY (`id`),
  KEY `a_rr_ambientales_usu_alta_id_foreign` (`usu_alta_id`),
  KEY `a_rr_ambientales_usu_mod_id_foreign` (`usu_mod_id`),
  KEY `a_rr_ambientales_cia_id_foreign` (`cia_id`),
  KEY `a_rr_ambientales_st_archivo_id_foreign` (`st_archivo_id`),
  KEY `a_rr_ambientales_aviso_foreign` (`aviso`),
  KEY `a_rr_ambientales_documento_id_foreign` (`documento_id`),
  KEY `a_rr_ambientales_categoria_id_foreign` (`categoria_id`),
  KEY `a_rr_ambientales_material_id_foreign` (`material_id`),
  KEY `a_rr_ambientales_responsable_id_foreign` (`responsable_id`),
  CONSTRAINT `a_rr_ambientales_aviso_foreign` FOREIGN KEY (`aviso`) REFERENCES `bnds` (`id`),
  CONSTRAINT `a_rr_ambientales_categoria_id_foreign` FOREIGN KEY (`categoria_id`) REFERENCES `ca_categoria` (`id`),
  CONSTRAINT `a_rr_ambientales_cia_id_foreign` FOREIGN KEY (`cia_id`) REFERENCES `entidades` (`id`),
  CONSTRAINT `a_rr_ambientales_documento_id_foreign` FOREIGN KEY (`documento_id`) REFERENCES `ca_aa_docs` (`id`),
  CONSTRAINT `a_rr_ambientales_material_id_foreign` FOREIGN KEY (`material_id`) REFERENCES `ca_materiales` (`id`),
  CONSTRAINT `a_rr_ambientales_responsable_id_foreign` FOREIGN KEY (`responsable_id`) REFERENCES `empleados` (`id`),
  CONSTRAINT `a_rr_ambientales_st_archivo_id_foreign` FOREIGN KEY (`st_archivo_id`) REFERENCES `a_st_archivos` (`id`),
  CONSTRAINT `a_rr_ambientales_usu_alta_id_foreign` FOREIGN KEY (`usu_alta_id`) REFERENCES `users` (`id`),
  CONSTRAINT `a_rr_ambientales_usu_mod_id_foreign` FOREIGN KEY (`usu_mod_id`) REFERENCES `users` (`id`)
) ENGINE=InnoDB AUTO_INCREMENT=2 DEFAULT CHARSET=utf8 COLLATE=utf8_unicode_ci;

-- Volcando datos para la tabla siam_scribe.a_rr_ambientales: ~0 rows (aproximadamente)
/*!40000 ALTER TABLE `a_rr_ambientales` DISABLE KEYS */;
INSERT INTO `a_rr_ambientales` (`id`, `material_id`, `categoria_id`, `documento_id`, `descripcion`, `fec_fin_vigencia`, `archivo`, `aviso`, `dias_aviso`, `responsable_id`, `st_archivo_id`, `cia_id`, `usu_alta_id`, `usu_mod_id`, `created_at`, `updated_at`, `deleted_at`) VALUES
	(1, 1, 1, 2, 'desc1', '2015-03-20', 'índice.jpeg', 1, 3, 2, 1, 1, 1, 1, '2015-03-21 02:12:07', '2015-04-06 19:50:33', NULL);
/*!40000 ALTER TABLE `a_rr_ambientales` ENABLE KEYS */;


-- Volcando estructura para tabla siam_scribe.a_rr_amb_docs
CREATE TABLE IF NOT EXISTS `a_rr_amb_docs` (
  `id` int(10) unsigned NOT NULL AUTO_INCREMENT,
  `a_rr_ambiental_id` int(10) unsigned NOT NULL,
  `documento` varchar(255) COLLATE utf8_unicode_ci NOT NULL,
  `archivo` varchar(255) COLLATE utf8_unicode_ci NOT NULL,
  `usu_alta_id` int(10) unsigned NOT NULL,
  `usu_mod_id` int(10) unsigned NOT NULL,
  `created_at` timestamp NOT NULL DEFAULT '0000-00-00 00:00:00',
  `updated_at` timestamp NOT NULL DEFAULT '0000-00-00 00:00:00',
  `deleted_at` timestamp NULL DEFAULT NULL,
  PRIMARY KEY (`id`),
  KEY `a_rr_amb_docs_usu_alta_id_foreign` (`usu_alta_id`),
  KEY `a_rr_amb_docs_usu_mod_id_foreign` (`usu_mod_id`),
  KEY `a_rr_amb_docs_a_rr_ambiental_id_foreign` (`a_rr_ambiental_id`),
  CONSTRAINT `a_rr_amb_docs_a_rr_ambiental_id_foreign` FOREIGN KEY (`a_rr_ambiental_id`) REFERENCES `a_rr_ambientales` (`id`),
  CONSTRAINT `a_rr_amb_docs_usu_alta_id_foreign` FOREIGN KEY (`usu_alta_id`) REFERENCES `users` (`id`),
  CONSTRAINT `a_rr_amb_docs_usu_mod_id_foreign` FOREIGN KEY (`usu_mod_id`) REFERENCES `users` (`id`)
) ENGINE=InnoDB AUTO_INCREMENT=2 DEFAULT CHARSET=utf8 COLLATE=utf8_unicode_ci;

-- Volcando datos para la tabla siam_scribe.a_rr_amb_docs: ~0 rows (aproximadamente)
/*!40000 ALTER TABLE `a_rr_amb_docs` DISABLE KEYS */;
INSERT INTO `a_rr_amb_docs` (`id`, `a_rr_ambiental_id`, `documento`, `archivo`, `usu_alta_id`, `usu_mod_id`, `created_at`, `updated_at`, `deleted_at`) VALUES
	(1, 1, 'prb', 'b1.jpg', 1, 1, '2017-05-26 20:01:56', '2017-05-26 20:01:56', NULL);
/*!40000 ALTER TABLE `a_rr_amb_docs` ENABLE KEYS */;


-- Volcando estructura para tabla siam_scribe.a_st_archivos
CREATE TABLE IF NOT EXISTS `a_st_archivos` (
  `id` int(10) unsigned NOT NULL AUTO_INCREMENT,
  `estatus` varchar(255) COLLATE utf8_unicode_ci NOT NULL,
  `usu_alta_id` int(10) unsigned NOT NULL,
  `usu_mod_id` int(10) unsigned NOT NULL,
  `created_at` timestamp NOT NULL DEFAULT '0000-00-00 00:00:00',
  `updated_at` timestamp NOT NULL DEFAULT '0000-00-00 00:00:00',
  `deleted_at` timestamp NULL DEFAULT NULL,
  PRIMARY KEY (`id`),
  KEY `a_st_archivos_usu_alta_id_foreign` (`usu_alta_id`),
  KEY `a_st_archivos_usu_mod_id_foreign` (`usu_mod_id`),
  CONSTRAINT `a_st_archivos_usu_alta_id_foreign` FOREIGN KEY (`usu_alta_id`) REFERENCES `users` (`id`),
  CONSTRAINT `a_st_archivos_usu_mod_id_foreign` FOREIGN KEY (`usu_mod_id`) REFERENCES `users` (`id`)
) ENGINE=InnoDB AUTO_INCREMENT=5 DEFAULT CHARSET=utf8 COLLATE=utf8_unicode_ci;

-- Volcando datos para la tabla siam_scribe.a_st_archivos: ~4 rows (aproximadamente)
/*!40000 ALTER TABLE `a_st_archivos` DISABLE KEYS */;
INSERT INTO `a_st_archivos` (`id`, `estatus`, `usu_alta_id`, `usu_mod_id`, `created_at`, `updated_at`, `deleted_at`) VALUES
	(1, 'ACTIVO', 1, 1, '0000-00-00 00:00:00', '0000-00-00 00:00:00', NULL),
	(2, 'EN PROCESO', 1, 1, '0000-00-00 00:00:00', '0000-00-00 00:00:00', NULL),
	(3, 'TERMINADO', 1, 1, '0000-00-00 00:00:00', '0000-00-00 00:00:00', NULL),
	(4, 'INACTIVO', 1, 1, '0000-00-00 00:00:00', '0000-00-00 00:00:00', NULL);
/*!40000 ALTER TABLE `a_st_archivos` ENABLE KEYS */;


-- Volcando estructura para tabla siam_scribe.a_st_ncs
CREATE TABLE IF NOT EXISTS `a_st_ncs` (
  `id` int(10) unsigned NOT NULL AUTO_INCREMENT,
  `estatus` varchar(255) COLLATE utf8_unicode_ci NOT NULL,
  `usu_alta_id` int(10) unsigned NOT NULL,
  `usu_mod_id` int(10) unsigned NOT NULL,
  `created_at` timestamp NOT NULL DEFAULT '0000-00-00 00:00:00',
  `updated_at` timestamp NOT NULL DEFAULT '0000-00-00 00:00:00',
  `deleted_at` timestamp NULL DEFAULT NULL,
  PRIMARY KEY (`id`),
  KEY `a_st_ncs_usu_alta_id_foreign` (`usu_alta_id`),
  KEY `a_st_ncs_usu_mod_id_foreign` (`usu_mod_id`),
  CONSTRAINT `a_st_ncs_usu_alta_id_foreign` FOREIGN KEY (`usu_alta_id`) REFERENCES `users` (`id`),
  CONSTRAINT `a_st_ncs_usu_mod_id_foreign` FOREIGN KEY (`usu_mod_id`) REFERENCES `users` (`id`)
) ENGINE=InnoDB AUTO_INCREMENT=5 DEFAULT CHARSET=utf8 COLLATE=utf8_unicode_ci;

-- Volcando datos para la tabla siam_scribe.a_st_ncs: ~4 rows (aproximadamente)
/*!40000 ALTER TABLE `a_st_ncs` DISABLE KEYS */;
INSERT INTO `a_st_ncs` (`id`, `estatus`, `usu_alta_id`, `usu_mod_id`, `created_at`, `updated_at`, `deleted_at`) VALUES
	(1, 'CREADO', 1, 1, '0000-00-00 00:00:00', '0000-00-00 00:00:00', NULL),
	(2, 'ATENDIENDO', 1, 1, '0000-00-00 00:00:00', '0000-00-00 00:00:00', NULL),
	(3, 'ATENDIDO', 1, 1, '0000-00-00 00:00:00', '0000-00-00 00:00:00', NULL),
	(4, 'FINALIZADO', 1, 1, '0000-00-00 00:00:00', '0000-00-00 00:00:00', NULL);
/*!40000 ALTER TABLE `a_st_ncs` ENABLE KEYS */;


-- Volcando estructura para tabla siam_scribe.bitacoras
CREATE TABLE IF NOT EXISTS `bitacoras` (
  `id` int(10) unsigned NOT NULL AUTO_INCREMENT,
  `bitacora` varchar(255) COLLATE utf8_unicode_ci NOT NULL,
  `usu_alta_id` int(11) NOT NULL,
  `usu_mod_id` int(11) NOT NULL,
  `created_at` timestamp NOT NULL DEFAULT '0000-00-00 00:00:00',
  `updated_at` timestamp NOT NULL DEFAULT '0000-00-00 00:00:00',
  `deleted_at` timestamp NULL DEFAULT NULL,
  PRIMARY KEY (`id`)
) ENGINE=InnoDB AUTO_INCREMENT=7 DEFAULT CHARSET=utf8 COLLATE=utf8_unicode_ci;

-- Volcando datos para la tabla siam_scribe.bitacoras: ~6 rows (aproximadamente)
/*!40000 ALTER TABLE `bitacoras` DISABLE KEYS */;
INSERT INTO `bitacoras` (`id`, `bitacora`, `usu_alta_id`, `usu_mod_id`, `created_at`, `updated_at`, `deleted_at`) VALUES
	(1, 'FUENTES FIJAS', 1, 1, '0000-00-00 00:00:00', '0000-00-00 00:00:00', NULL),
	(2, 'PLANTAS', 1, 1, '0000-00-00 00:00:00', '0000-00-00 00:00:00', NULL),
	(3, 'RESIDUOS', 1, 1, '0000-00-00 00:00:00', '0000-00-00 00:00:00', NULL),
	(4, 'CONSUMIBLES', 1, 1, '0000-00-00 00:00:00', '0000-00-00 00:00:00', NULL),
	(5, '', 1, 1, '0000-00-00 00:00:00', '0000-00-00 00:00:00', NULL),
	(6, '', 1, 1, '0000-00-00 00:00:00', '0000-00-00 00:00:00', NULL);
/*!40000 ALTER TABLE `bitacoras` ENABLE KEYS */;


-- Volcando estructura para tabla siam_scribe.bitacora_accidentes
CREATE TABLE IF NOT EXISTS `bitacora_accidentes` (
  `id` int(10) unsigned NOT NULL AUTO_INCREMENT,
  `area_id` int(10) unsigned NOT NULL,
  `responsable_id` int(10) unsigned NOT NULL,
  `persona_id` int(10) unsigned NOT NULL,
  `accidente_id` int(10) unsigned NOT NULL,
  `descripcion` varchar(255) COLLATE utf8_unicode_ci NOT NULL,
  `procedimiento` varchar(255) COLLATE utf8_unicode_ci NOT NULL,
  `accion_id` int(10) unsigned NOT NULL,
  `investigacion` varchar(255) COLLATE utf8_unicode_ci NOT NULL,
  `costo_directo` float(8,2) NOT NULL,
  `costo_indirecto` float(8,2) NOT NULL,
  `fecha` date NOT NULL,
  `anio` int(11) NOT NULL,
  `mes` int(11) NOT NULL,
  `turno_id` int(10) unsigned NOT NULL,
  `cia_id` int(10) unsigned NOT NULL,
  `usu_alta_id` int(10) unsigned NOT NULL,
  `usu_mod_id` int(10) unsigned NOT NULL,
  `created_at` timestamp NOT NULL DEFAULT '0000-00-00 00:00:00',
  `updated_at` timestamp NOT NULL DEFAULT '0000-00-00 00:00:00',
  `deleted_at` timestamp NULL DEFAULT NULL,
  PRIMARY KEY (`id`),
  KEY `bitacora_accidentes_usu_alta_id_foreign` (`usu_alta_id`),
  KEY `bitacora_accidentes_usu_mod_id_foreign` (`usu_mod_id`),
  KEY `bitacora_accidentes_cia_id_foreign` (`cia_id`),
  KEY `bitacora_accidentes_turno_id_foreign` (`turno_id`),
  KEY `bitacora_accidentes_accion_id_foreign` (`accion_id`),
  KEY `bitacora_accidentes_accidente_id_foreign` (`accidente_id`),
  KEY `bitacora_accidentes_persona_id_foreign` (`persona_id`),
  KEY `bitacora_accidentes_responsable_id_foreign` (`responsable_id`),
  KEY `bitacora_accidentes_area_id_foreign` (`area_id`),
  CONSTRAINT `bitacora_accidentes_accidente_id_foreign` FOREIGN KEY (`accidente_id`) REFERENCES `cs_accidentes` (`id`),
  CONSTRAINT `bitacora_accidentes_accion_id_foreign` FOREIGN KEY (`accion_id`) REFERENCES `cs_acciones` (`id`),
  CONSTRAINT `bitacora_accidentes_area_id_foreign` FOREIGN KEY (`area_id`) REFERENCES `areas` (`id`),
  CONSTRAINT `bitacora_accidentes_cia_id_foreign` FOREIGN KEY (`cia_id`) REFERENCES `entidades` (`id`),
  CONSTRAINT `bitacora_accidentes_persona_id_foreign` FOREIGN KEY (`persona_id`) REFERENCES `empleados` (`id`),
  CONSTRAINT `bitacora_accidentes_responsable_id_foreign` FOREIGN KEY (`responsable_id`) REFERENCES `empleados` (`id`),
  CONSTRAINT `bitacora_accidentes_turno_id_foreign` FOREIGN KEY (`turno_id`) REFERENCES `turnos` (`id`),
  CONSTRAINT `bitacora_accidentes_usu_alta_id_foreign` FOREIGN KEY (`usu_alta_id`) REFERENCES `users` (`id`),
  CONSTRAINT `bitacora_accidentes_usu_mod_id_foreign` FOREIGN KEY (`usu_mod_id`) REFERENCES `users` (`id`)
) ENGINE=InnoDB AUTO_INCREMENT=2 DEFAULT CHARSET=utf8 COLLATE=utf8_unicode_ci;

-- Volcando datos para la tabla siam_scribe.bitacora_accidentes: ~0 rows (aproximadamente)
/*!40000 ALTER TABLE `bitacora_accidentes` DISABLE KEYS */;
INSERT INTO `bitacora_accidentes` (`id`, `area_id`, `responsable_id`, `persona_id`, `accidente_id`, `descripcion`, `procedimiento`, `accion_id`, `investigacion`, `costo_directo`, `costo_indirecto`, `fecha`, `anio`, `mes`, `turno_id`, `cia_id`, `usu_alta_id`, `usu_mod_id`, `created_at`, `updated_at`, `deleted_at`) VALUES
	(1, 1, 2, 2, 4, 'pierna editada', 'atencion medica', 2, 'investigacion', 10.00, 30.00, '2015-03-06', 2015, 3, 1, 1, 1, 1, '2015-03-06 22:02:29', '2017-02-13 01:11:45', NULL);
/*!40000 ALTER TABLE `bitacora_accidentes` ENABLE KEYS */;


-- Volcando estructura para tabla siam_scribe.bitacora_consumibles
CREATE TABLE IF NOT EXISTS `bitacora_consumibles` (
  `id` int(10) unsigned NOT NULL AUTO_INCREMENT,
  `consumible_id` int(10) unsigned NOT NULL,
  `consumo` float(8,2) NOT NULL,
  `fecha` date NOT NULL,
  `anio` int(11) NOT NULL,
  `mes` int(11) NOT NULL,
  `costo` float(8,2) NOT NULL,
  `fec_inicio` date NOT NULL,
  `fec_fin` date NOT NULL,
  `factor_indicador` float(8,2) NOT NULL,
  `factor_calculado` float(8,2) NOT NULL,
  `cia_id` int(10) unsigned NOT NULL,
  `usu_alta_id` int(10) unsigned NOT NULL,
  `usu_mod_id` int(10) unsigned NOT NULL,
  `created_at` timestamp NOT NULL DEFAULT '0000-00-00 00:00:00',
  `updated_at` timestamp NOT NULL DEFAULT '0000-00-00 00:00:00',
  `deleted_at` timestamp NULL DEFAULT NULL,
  PRIMARY KEY (`id`),
  KEY `bitacora_consumibles_usu_alta_id_foreign` (`usu_alta_id`),
  KEY `bitacora_consumibles_usu_mod_id_foreign` (`usu_mod_id`),
  KEY `bitacora_consumibles_cia_id_foreign` (`cia_id`),
  KEY `bitacora_consumibles_consumible_id_foreign` (`consumible_id`),
  CONSTRAINT `bitacora_consumibles_cia_id_foreign` FOREIGN KEY (`cia_id`) REFERENCES `entidades` (`id`),
  CONSTRAINT `bitacora_consumibles_consumible_id_foreign` FOREIGN KEY (`consumible_id`) REFERENCES `ca_consumibles` (`id`),
  CONSTRAINT `bitacora_consumibles_usu_alta_id_foreign` FOREIGN KEY (`usu_alta_id`) REFERENCES `users` (`id`),
  CONSTRAINT `bitacora_consumibles_usu_mod_id_foreign` FOREIGN KEY (`usu_mod_id`) REFERENCES `users` (`id`)
) ENGINE=InnoDB AUTO_INCREMENT=2 DEFAULT CHARSET=utf8 COLLATE=utf8_unicode_ci;

-- Volcando datos para la tabla siam_scribe.bitacora_consumibles: ~0 rows (aproximadamente)
/*!40000 ALTER TABLE `bitacora_consumibles` DISABLE KEYS */;
INSERT INTO `bitacora_consumibles` (`id`, `consumible_id`, `consumo`, `fecha`, `anio`, `mes`, `costo`, `fec_inicio`, `fec_fin`, `factor_indicador`, `factor_calculado`, `cia_id`, `usu_alta_id`, `usu_mod_id`, `created_at`, `updated_at`, `deleted_at`) VALUES
	(1, 1, 150.00, '2015-03-02', 2015, 3, 1500.00, '2015-02-01', '2015-02-28', 10.00, 15.00, 1, 1, 1, '2015-03-02 23:10:45', '2015-03-02 23:18:43', NULL);
/*!40000 ALTER TABLE `bitacora_consumibles` ENABLE KEYS */;


-- Volcando estructura para tabla siam_scribe.bitacora_enfermedades
CREATE TABLE IF NOT EXISTS `bitacora_enfermedades` (
  `id` int(10) unsigned NOT NULL AUTO_INCREMENT,
  `area_id` int(10) unsigned NOT NULL,
  `persona_id` int(10) unsigned NOT NULL,
  `enfermedad_id` int(10) unsigned NOT NULL,
  `descripcion` varchar(255) COLLATE utf8_unicode_ci NOT NULL,
  `accion_id` int(10) unsigned NOT NULL,
  `costo_directo` float(8,2) NOT NULL,
  `costo_indirecto` float(8,2) NOT NULL,
  `fecha` date NOT NULL,
  `anio` int(11) NOT NULL,
  `mes` int(11) NOT NULL,
  `turno_id` int(10) unsigned NOT NULL,
  `cia_id` int(10) unsigned NOT NULL,
  `usu_alta_id` int(10) unsigned NOT NULL,
  `usu_mod_id` int(10) unsigned NOT NULL,
  `created_at` timestamp NOT NULL DEFAULT '0000-00-00 00:00:00',
  `updated_at` timestamp NOT NULL DEFAULT '0000-00-00 00:00:00',
  `deleted_at` timestamp NULL DEFAULT NULL,
  PRIMARY KEY (`id`),
  KEY `bitacora_enfermedades_usu_alta_id_foreign` (`usu_alta_id`),
  KEY `bitacora_enfermedades_usu_mod_id_foreign` (`usu_mod_id`),
  KEY `bitacora_enfermedades_cia_id_foreign` (`cia_id`),
  KEY `bitacora_enfermedades_turno_id_foreign` (`turno_id`),
  KEY `bitacora_enfermedades_accion_id_foreign` (`accion_id`),
  KEY `bitacora_enfermedades_enfermedad_id_foreign` (`enfermedad_id`),
  KEY `bitacora_enfermedades_persona_id_foreign` (`persona_id`),
  KEY `bitacora_enfermedades_area_id_foreign` (`area_id`),
  CONSTRAINT `bitacora_enfermedades_accion_id_foreign` FOREIGN KEY (`accion_id`) REFERENCES `cs_acciones` (`id`),
  CONSTRAINT `bitacora_enfermedades_area_id_foreign` FOREIGN KEY (`area_id`) REFERENCES `areas` (`id`),
  CONSTRAINT `bitacora_enfermedades_cia_id_foreign` FOREIGN KEY (`cia_id`) REFERENCES `entidades` (`id`),
  CONSTRAINT `bitacora_enfermedades_enfermedad_id_foreign` FOREIGN KEY (`enfermedad_id`) REFERENCES `cs_enfermedades` (`id`),
  CONSTRAINT `bitacora_enfermedades_persona_id_foreign` FOREIGN KEY (`persona_id`) REFERENCES `empleados` (`id`),
  CONSTRAINT `bitacora_enfermedades_turno_id_foreign` FOREIGN KEY (`turno_id`) REFERENCES `turnos` (`id`),
  CONSTRAINT `bitacora_enfermedades_usu_alta_id_foreign` FOREIGN KEY (`usu_alta_id`) REFERENCES `users` (`id`),
  CONSTRAINT `bitacora_enfermedades_usu_mod_id_foreign` FOREIGN KEY (`usu_mod_id`) REFERENCES `users` (`id`)
) ENGINE=InnoDB AUTO_INCREMENT=2 DEFAULT CHARSET=utf8 COLLATE=utf8_unicode_ci;

-- Volcando datos para la tabla siam_scribe.bitacora_enfermedades: ~0 rows (aproximadamente)
/*!40000 ALTER TABLE `bitacora_enfermedades` DISABLE KEYS */;
INSERT INTO `bitacora_enfermedades` (`id`, `area_id`, `persona_id`, `enfermedad_id`, `descripcion`, `accion_id`, `costo_directo`, `costo_indirecto`, `fecha`, `anio`, `mes`, `turno_id`, `cia_id`, `usu_alta_id`, `usu_mod_id`, `created_at`, `updated_at`, `deleted_at`) VALUES
	(1, 1, 2, 2, 'descripcion editado', 3, 5.00, 10.00, '2015-03-06', 2015, 3, 1, 1, 1, 1, '2015-03-06 22:31:06', '2015-03-06 22:35:58', NULL);
/*!40000 ALTER TABLE `bitacora_enfermedades` ENABLE KEYS */;


-- Volcando estructura para tabla siam_scribe.bitacora_ffs
CREATE TABLE IF NOT EXISTS `bitacora_ffs` (
  `id` int(10) unsigned NOT NULL AUTO_INCREMENT,
  `ca_fuente_fija_id` int(10) unsigned NOT NULL,
  `fecha` date NOT NULL,
  `anio` int(11) NOT NULL,
  `mes` int(11) NOT NULL,
  `turno_id` int(10) unsigned NOT NULL,
  `consumo` float(8,2) NOT NULL,
  `capacidad_diseno` float(8,2) NOT NULL,
  `tp_gases` float(8,2) NOT NULL,
  `tp_chimenea` float(8,2) NOT NULL,
  `fec_ult_manto` date NOT NULL,
  `desc_manto` varchar(255) COLLATE utf8_unicode_ci NOT NULL,
  `obs` varchar(255) COLLATE utf8_unicode_ci NOT NULL,
  `responsable_id` int(10) unsigned NOT NULL,
  `cia_id` int(10) unsigned NOT NULL,
  `usu_alta_id` int(10) unsigned NOT NULL,
  `usu_mod_id` int(10) unsigned NOT NULL,
  `created_at` timestamp NOT NULL DEFAULT '0000-00-00 00:00:00',
  `updated_at` timestamp NOT NULL DEFAULT '0000-00-00 00:00:00',
  `deleted_at` timestamp NULL DEFAULT NULL,
  PRIMARY KEY (`id`),
  KEY `bitacora_ffs_usu_alta_id_foreign` (`usu_alta_id`),
  KEY `bitacora_ffs_usu_mod_id_foreign` (`usu_mod_id`),
  KEY `bitacora_ffs_cia_id_foreign` (`cia_id`),
  KEY `bitacora_ffs_responsable_id_foreign` (`responsable_id`),
  KEY `bitacora_ffs_turno_id_foreign` (`turno_id`),
  KEY `bitacora_ffs_ca_fuente_fija_id_foreign` (`ca_fuente_fija_id`),
  CONSTRAINT `bitacora_ffs_ca_fuente_fija_id_foreign` FOREIGN KEY (`ca_fuente_fija_id`) REFERENCES `ca_fuentes_fijas` (`id`),
  CONSTRAINT `bitacora_ffs_cia_id_foreign` FOREIGN KEY (`cia_id`) REFERENCES `entidades` (`id`),
  CONSTRAINT `bitacora_ffs_responsable_id_foreign` FOREIGN KEY (`responsable_id`) REFERENCES `empleados` (`id`),
  CONSTRAINT `bitacora_ffs_turno_id_foreign` FOREIGN KEY (`turno_id`) REFERENCES `turnos` (`id`),
  CONSTRAINT `bitacora_ffs_usu_alta_id_foreign` FOREIGN KEY (`usu_alta_id`) REFERENCES `users` (`id`),
  CONSTRAINT `bitacora_ffs_usu_mod_id_foreign` FOREIGN KEY (`usu_mod_id`) REFERENCES `users` (`id`)
) ENGINE=InnoDB AUTO_INCREMENT=4 DEFAULT CHARSET=utf8 COLLATE=utf8_unicode_ci;

-- Volcando datos para la tabla siam_scribe.bitacora_ffs: ~2 rows (aproximadamente)
/*!40000 ALTER TABLE `bitacora_ffs` DISABLE KEYS */;
INSERT INTO `bitacora_ffs` (`id`, `ca_fuente_fija_id`, `fecha`, `anio`, `mes`, `turno_id`, `consumo`, `capacidad_diseno`, `tp_gases`, `tp_chimenea`, `fec_ult_manto`, `desc_manto`, `obs`, `responsable_id`, `cia_id`, `usu_alta_id`, `usu_mod_id`, `created_at`, `updated_at`, `deleted_at`) VALUES
	(2, 1, '2015-02-27', 2015, 2, 1, 2.00, 0.56, 60.00, 75.00, '2015-02-27', 'detalle de manto detalle de mantodetalle de mantodetalle de mantodetalle de mantodetalle de mantodetalle de mantodetalle de mantodetalle de mantodetalle de manto', 'obs', 2, 1, 1, 2, '2015-02-28 03:03:30', '2015-02-28 03:48:23', NULL),
	(3, 2, '2015-03-02', 2015, 3, 1, 124.00, 0.85, 57.00, 89.00, '2015-03-06', 'desc', '', 2, 1, 1, 1, '2015-03-03 00:20:19', '2015-04-06 22:59:36', NULL);
/*!40000 ALTER TABLE `bitacora_ffs` ENABLE KEYS */;


-- Volcando estructura para tabla siam_scribe.bitacora_pendientes
CREATE TABLE IF NOT EXISTS `bitacora_pendientes` (
  `id` int(10) unsigned NOT NULL AUTO_INCREMENT,
  `pendiente` varchar(255) COLLATE utf8_unicode_ci NOT NULL,
  `comentarios` varchar(255) COLLATE utf8_unicode_ci NOT NULL,
  `observaciones` varchar(255) COLLATE utf8_unicode_ci NOT NULL,
  `solucion` varchar(255) CHARACTER SET utf8 NOT NULL,
  `fec_planeada` date NOT NULL,
  `fec_fin` date NOT NULL,
  `aviso` int(10) unsigned NOT NULL,
  `dias_aviso` int(11) NOT NULL,
  `responsable_id` int(10) unsigned NOT NULL,
  `bit_st_id` int(11) NOT NULL,
  `cia_id` int(10) unsigned NOT NULL,
  `usu_alta_id` int(10) unsigned NOT NULL,
  `usu_mod_id` int(10) unsigned NOT NULL,
  `created_at` timestamp NOT NULL DEFAULT '0000-00-00 00:00:00',
  `updated_at` timestamp NOT NULL DEFAULT '0000-00-00 00:00:00',
  `deleted_at` timestamp NULL DEFAULT NULL,
  PRIMARY KEY (`id`),
  KEY `bitacora_pendientes_usu_alta_id_foreign` (`usu_alta_id`),
  KEY `bitacora_pendientes_usu_mod_id_foreign` (`usu_mod_id`),
  KEY `bitacora_pendientes_cia_id_foreign` (`cia_id`),
  KEY `bitacora_pendientes_responsable_id_foreign` (`responsable_id`),
  KEY `bitacora_pendientes_aviso_foreign` (`aviso`),
  CONSTRAINT `bitacora_pendientes_aviso_foreign` FOREIGN KEY (`aviso`) REFERENCES `bnds` (`id`),
  CONSTRAINT `bitacora_pendientes_cia_id_foreign` FOREIGN KEY (`cia_id`) REFERENCES `entidades` (`id`),
  CONSTRAINT `bitacora_pendientes_responsable_id_foreign` FOREIGN KEY (`responsable_id`) REFERENCES `empleados` (`id`),
  CONSTRAINT `bitacora_pendientes_usu_alta_id_foreign` FOREIGN KEY (`usu_alta_id`) REFERENCES `users` (`id`),
  CONSTRAINT `bitacora_pendientes_usu_mod_id_foreign` FOREIGN KEY (`usu_mod_id`) REFERENCES `users` (`id`)
) ENGINE=InnoDB AUTO_INCREMENT=5 DEFAULT CHARSET=utf8 COLLATE=utf8_unicode_ci;

-- Volcando datos para la tabla siam_scribe.bitacora_pendientes: ~2 rows (aproximadamente)
/*!40000 ALTER TABLE `bitacora_pendientes` DISABLE KEYS */;
INSERT INTO `bitacora_pendientes` (`id`, `pendiente`, `comentarios`, `observaciones`, `solucion`, `fec_planeada`, `fec_fin`, `aviso`, `dias_aviso`, `responsable_id`, `bit_st_id`, `cia_id`, `usu_alta_id`, `usu_mod_id`, `created_at`, `updated_at`, `deleted_at`) VALUES
	(3, 'pendiente edicion2\r\n', 'comentarios', '', 'solucion', '2015-03-05', '2015-03-19', 1, 3, 2, 4, 1, 1, 1, '2015-03-03 20:16:01', '2015-03-04 03:03:32', NULL),
	(4, 'pendeinte 2', 'comen 2', '', 'sol 2', '2015-03-23', '2015-03-12', 1, 5, 2, 2, 1, 1, 1, '2015-03-04 03:23:50', '2015-03-21 16:09:53', NULL);
/*!40000 ALTER TABLE `bitacora_pendientes` ENABLE KEYS */;


-- Volcando estructura para tabla siam_scribe.bitacora_plantas
CREATE TABLE IF NOT EXISTS `bitacora_plantas` (
  `id` int(10) unsigned NOT NULL AUTO_INCREMENT,
  `planta_id` int(10) unsigned NOT NULL,
  `fecha` date NOT NULL,
  `anio` int(11) NOT NULL,
  `mes` int(11) NOT NULL,
  `turno_id` int(10) unsigned NOT NULL,
  `agua_entrada` float(8,2) NOT NULL,
  `agua_salida` float(8,2) NOT NULL,
  `q_usados` varchar(255) COLLATE utf8_unicode_ci NOT NULL,
  `q_existentes` varchar(255) COLLATE utf8_unicode_ci NOT NULL,
  `tiempo_operacion` float(8,2) NOT NULL,
  `motivo_paro` varchar(255) COLLATE utf8_unicode_ci NOT NULL,
  `vol_lodos` float(8,2) NOT NULL,
  `disp_lodos` varchar(255) COLLATE utf8_unicode_ci NOT NULL,
  `fec_ult_manto` date NOT NULL,
  `desc_manto` varchar(255) COLLATE utf8_unicode_ci NOT NULL,
  `obs` varchar(255) COLLATE utf8_unicode_ci NOT NULL,
  `responsable_id` int(10) unsigned NOT NULL,
  `cia_id` int(10) unsigned NOT NULL,
  `usu_alta_id` int(10) unsigned NOT NULL,
  `usu_mod_id` int(10) unsigned NOT NULL,
  `created_at` timestamp NOT NULL DEFAULT '0000-00-00 00:00:00',
  `updated_at` timestamp NOT NULL DEFAULT '0000-00-00 00:00:00',
  `deleted_at` timestamp NULL DEFAULT NULL,
  PRIMARY KEY (`id`),
  KEY `bitacora_plantas_usu_alta_id_foreign` (`usu_alta_id`),
  KEY `bitacora_plantas_usu_mod_id_foreign` (`usu_mod_id`),
  KEY `bitacora_plantas_cia_id_foreign` (`cia_id`),
  KEY `bitacora_plantas_responsable_id_foreign` (`responsable_id`),
  KEY `bitacora_plantas_turno_id_foreign` (`turno_id`),
  KEY `bitacora_plantas_planta_id_foreign` (`planta_id`),
  CONSTRAINT `bitacora_plantas_cia_id_foreign` FOREIGN KEY (`cia_id`) REFERENCES `entidades` (`id`),
  CONSTRAINT `bitacora_plantas_planta_id_foreign` FOREIGN KEY (`planta_id`) REFERENCES `ca_plantas` (`id`),
  CONSTRAINT `bitacora_plantas_responsable_id_foreign` FOREIGN KEY (`responsable_id`) REFERENCES `empleados` (`id`),
  CONSTRAINT `bitacora_plantas_turno_id_foreign` FOREIGN KEY (`turno_id`) REFERENCES `turnos` (`id`),
  CONSTRAINT `bitacora_plantas_usu_alta_id_foreign` FOREIGN KEY (`usu_alta_id`) REFERENCES `users` (`id`),
  CONSTRAINT `bitacora_plantas_usu_mod_id_foreign` FOREIGN KEY (`usu_mod_id`) REFERENCES `users` (`id`)
) ENGINE=InnoDB AUTO_INCREMENT=2 DEFAULT CHARSET=utf8 COLLATE=utf8_unicode_ci;

-- Volcando datos para la tabla siam_scribe.bitacora_plantas: ~0 rows (aproximadamente)
/*!40000 ALTER TABLE `bitacora_plantas` DISABLE KEYS */;
INSERT INTO `bitacora_plantas` (`id`, `planta_id`, `fecha`, `anio`, `mes`, `turno_id`, `agua_entrada`, `agua_salida`, `q_usados`, `q_existentes`, `tiempo_operacion`, `motivo_paro`, `vol_lodos`, `disp_lodos`, `fec_ult_manto`, `desc_manto`, `obs`, `responsable_id`, `cia_id`, `usu_alta_id`, `usu_mod_id`, `created_at`, `updated_at`, `deleted_at`) VALUES
	(1, 1, '2015-01-29', 2015, 1, 1, 15.00, 16.00, 'ninguno', 'ninguno', 12.00, 'no hay', 10.00, '12', '2015-02-27', 'bla blas', '', 2, 1, 1, 2, '2015-02-28 04:40:47', '2015-02-28 17:12:44', NULL);
/*!40000 ALTER TABLE `bitacora_plantas` ENABLE KEYS */;


-- Volcando estructura para tabla siam_scribe.bitacora_residuos
CREATE TABLE IF NOT EXISTS `bitacora_residuos` (
  `id` int(10) unsigned NOT NULL AUTO_INCREMENT,
  `residuo` int(11) NOT NULL,
  `cantidad` float(8,2) NOT NULL,
  `fecha` date NOT NULL,
  `anio` int(11) NOT NULL,
  `mes` int(11) NOT NULL,
  `lugar_generacion` varchar(255) COLLATE utf8_unicode_ci NOT NULL,
  `ubicacion` varchar(255) COLLATE utf8_unicode_ci NOT NULL,
  `dispocision` varchar(255) COLLATE utf8_unicode_ci NOT NULL,
  `transportista` varchar(255) COLLATE utf8_unicode_ci NOT NULL,
  `manifiesto` varchar(255) COLLATE utf8_unicode_ci NOT NULL,
  `resp_tecnico` varchar(255) COLLATE utf8_unicode_ci NOT NULL,
  `requiere_vobo` int(10) unsigned NOT NULL,
  `registro_residuos` int(10) unsigned NOT NULL,
  `peligrosidad` varchar(255) COLLATE utf8_unicode_ci NOT NULL,
  `fec_ingreso` date NOT NULL,
  `fec_salida` date NOT NULL,
  `cedula_operacion` int(10) unsigned NOT NULL,
  `factor_indicador` float(8,2) NOT NULL,
  `factor_calculado` float(8,2) NOT NULL,
  `responsable_id` int(10) unsigned NOT NULL,
  `cia_id` int(10) unsigned NOT NULL,
  `usu_alta_id` int(10) unsigned NOT NULL,
  `usu_mod_id` int(10) unsigned NOT NULL,
  `created_at` timestamp NOT NULL DEFAULT '0000-00-00 00:00:00',
  `updated_at` timestamp NOT NULL DEFAULT '0000-00-00 00:00:00',
  `deleted_at` timestamp NULL DEFAULT NULL,
  PRIMARY KEY (`id`),
  KEY `bitacora_residuos_usu_alta_id_foreign` (`usu_alta_id`),
  KEY `bitacora_residuos_usu_mod_id_foreign` (`usu_mod_id`),
  KEY `bitacora_residuos_cia_id_foreign` (`cia_id`),
  KEY `bitacora_residuos_responsable_id_foreign` (`responsable_id`),
  KEY `bitacora_residuos_cedula_operacion_foreign` (`cedula_operacion`),
  KEY `bitacora_residuos_registro_residuos_foreign` (`registro_residuos`),
  KEY `bitacora_residuos_requiere_vobo_foreign` (`requiere_vobo`),
  CONSTRAINT `bitacora_residuos_cedula_operacion_foreign` FOREIGN KEY (`cedula_operacion`) REFERENCES `bnds` (`id`),
  CONSTRAINT `bitacora_residuos_cia_id_foreign` FOREIGN KEY (`cia_id`) REFERENCES `entidades` (`id`),
  CONSTRAINT `bitacora_residuos_registro_residuos_foreign` FOREIGN KEY (`registro_residuos`) REFERENCES `bnds` (`id`),
  CONSTRAINT `bitacora_residuos_requiere_vobo_foreign` FOREIGN KEY (`requiere_vobo`) REFERENCES `bnds` (`id`),
  CONSTRAINT `bitacora_residuos_responsable_id_foreign` FOREIGN KEY (`responsable_id`) REFERENCES `empleados` (`id`),
  CONSTRAINT `bitacora_residuos_usu_alta_id_foreign` FOREIGN KEY (`usu_alta_id`) REFERENCES `users` (`id`),
  CONSTRAINT `bitacora_residuos_usu_mod_id_foreign` FOREIGN KEY (`usu_mod_id`) REFERENCES `users` (`id`)
) ENGINE=InnoDB AUTO_INCREMENT=3 DEFAULT CHARSET=utf8 COLLATE=utf8_unicode_ci;

-- Volcando datos para la tabla siam_scribe.bitacora_residuos: ~2 rows (aproximadamente)
/*!40000 ALTER TABLE `bitacora_residuos` DISABLE KEYS */;
INSERT INTO `bitacora_residuos` (`id`, `residuo`, `cantidad`, `fecha`, `anio`, `mes`, `lugar_generacion`, `ubicacion`, `dispocision`, `transportista`, `manifiesto`, `resp_tecnico`, `requiere_vobo`, `registro_residuos`, `peligrosidad`, `fec_ingreso`, `fec_salida`, `cedula_operacion`, `factor_indicador`, `factor_calculado`, `responsable_id`, `cia_id`, `usu_alta_id`, `usu_mod_id`, `created_at`, `updated_at`, `deleted_at`) VALUES
	(1, 1, 15.00, '2015-03-02', 2015, 3, 'luagr de generacion', 'ubicacion', 'dispocision', 'transportista', 'manifiesto', 'responsable tecnico', 1, 1, 'peligrosidad', '2015-03-02', '2015-03-28', 1, 10.00, 1.50, 2, 1, 1, 1, '2015-03-02 19:32:01', '2015-03-02 21:03:52', NULL),
	(2, 2, 20.00, '2015-02-24', 2015, 2, 'lugar', 'ubica', 'disp', 'trans', 'mani', 'tecnico', 1, 1, 'cara', '2015-03-02', '2015-03-24', 2, 10.00, 2.00, 2, 1, 1, 1, '2015-03-02 19:38:15', '2015-03-02 20:44:28', NULL);
/*!40000 ALTER TABLE `bitacora_residuos` ENABLE KEYS */;


-- Volcando estructura para tabla siam_scribe.bitacora_seguridads
CREATE TABLE IF NOT EXISTS `bitacora_seguridads` (
  `id` int(10) unsigned NOT NULL AUTO_INCREMENT,
  `fecha` date NOT NULL,
  `anio` int(11) NOT NULL,
  `mes` int(11) NOT NULL,
  `tpo_deteccion_id` int(10) unsigned NOT NULL,
  `area_id` int(10) unsigned NOT NULL,
  `tpo_bitacora_id` int(10) unsigned NOT NULL,
  `tpo_inconformidad_id` int(10) unsigned NOT NULL,
  `inconformidad` varchar(255) COLLATE utf8_unicode_ci NOT NULL,
  `solucion` varchar(255) COLLATE utf8_unicode_ci NOT NULL,
  `grupo_id` int(10) unsigned NOT NULL,
  `norma_id` int(10) unsigned NOT NULL,
  `norma` varchar(255) COLLATE utf8_unicode_ci NOT NULL,
  `responsable_id` int(10) unsigned NOT NULL,
  `fec_planeada` date NOT NULL,
  `fec_solucion` date NOT NULL,
  `costo` float(8,2) NOT NULL,
  `estatus_id` int(10) unsigned NOT NULL,
  `cia_id` int(10) unsigned NOT NULL,
  `usu_alta_id` int(10) unsigned NOT NULL,
  `usu_mod_id` int(10) unsigned NOT NULL,
  `created_at` timestamp NOT NULL DEFAULT '0000-00-00 00:00:00',
  `updated_at` timestamp NOT NULL DEFAULT '0000-00-00 00:00:00',
  `deleted_at` timestamp NULL DEFAULT NULL,
  `dias_aviso` int(11) DEFAULT NULL,
  PRIMARY KEY (`id`),
  KEY `bitacora_seguridads_usu_alta_id_foreign` (`usu_alta_id`),
  KEY `bitacora_seguridads_usu_mod_id_foreign` (`usu_mod_id`),
  KEY `bitacora_seguridads_cia_id_foreign` (`cia_id`),
  KEY `bitacora_seguridads_estatus_id_foreign` (`estatus_id`),
  KEY `bitacora_seguridads_responsable_id_foreign` (`responsable_id`),
  KEY `bitacora_seguridads_norma_id_foreign` (`norma_id`),
  KEY `bitacora_seguridads_grupo_id_foreign` (`grupo_id`),
  KEY `bitacora_seguridads_tpo_inconformidad_id_foreign` (`tpo_inconformidad_id`),
  KEY `bitacora_seguridads_tpo_bitacora_id_foreign` (`tpo_bitacora_id`),
  KEY `bitacora_seguridads_area_id_foreign` (`area_id`),
  KEY `bitacora_seguridads_tpo_deteccion_id_foreign` (`tpo_deteccion_id`),
  CONSTRAINT `bitacora_seguridads_area_id_foreign` FOREIGN KEY (`area_id`) REFERENCES `areas` (`id`),
  CONSTRAINT `bitacora_seguridads_cia_id_foreign` FOREIGN KEY (`cia_id`) REFERENCES `entidades` (`id`),
  CONSTRAINT `bitacora_seguridads_estatus_id_foreign` FOREIGN KEY (`estatus_id`) REFERENCES `s_st_bs` (`id`),
  CONSTRAINT `bitacora_seguridads_grupo_id_foreign` FOREIGN KEY (`grupo_id`) REFERENCES `cs_grupo_normas` (`id`),
  CONSTRAINT `bitacora_seguridads_norma_id_foreign` FOREIGN KEY (`norma_id`) REFERENCES `cs_normas` (`id`),
  CONSTRAINT `bitacora_seguridads_responsable_id_foreign` FOREIGN KEY (`responsable_id`) REFERENCES `empleados` (`id`),
  CONSTRAINT `bitacora_seguridads_tpo_bitacora_id_foreign` FOREIGN KEY (`tpo_bitacora_id`) REFERENCES `cs_tpo_bitacoras` (`id`),
  CONSTRAINT `bitacora_seguridads_tpo_deteccion_id_foreign` FOREIGN KEY (`tpo_deteccion_id`) REFERENCES `cs_tpo_deteccions` (`id`),
  CONSTRAINT `bitacora_seguridads_tpo_inconformidad_id_foreign` FOREIGN KEY (`tpo_inconformidad_id`) REFERENCES `cs_tpo_inconformidades` (`id`),
  CONSTRAINT `bitacora_seguridads_usu_alta_id_foreign` FOREIGN KEY (`usu_alta_id`) REFERENCES `users` (`id`),
  CONSTRAINT `bitacora_seguridads_usu_mod_id_foreign` FOREIGN KEY (`usu_mod_id`) REFERENCES `users` (`id`)
) ENGINE=InnoDB AUTO_INCREMENT=2 DEFAULT CHARSET=utf8 COLLATE=utf8_unicode_ci;

-- Volcando datos para la tabla siam_scribe.bitacora_seguridads: ~0 rows (aproximadamente)
/*!40000 ALTER TABLE `bitacora_seguridads` DISABLE KEYS */;
INSERT INTO `bitacora_seguridads` (`id`, `fecha`, `anio`, `mes`, `tpo_deteccion_id`, `area_id`, `tpo_bitacora_id`, `tpo_inconformidad_id`, `inconformidad`, `solucion`, `grupo_id`, `norma_id`, `norma`, `responsable_id`, `fec_planeada`, `fec_solucion`, `costo`, `estatus_id`, `cia_id`, `usu_alta_id`, `usu_mod_id`, `created_at`, `updated_at`, `deleted_at`, `dias_aviso`) VALUES
	(1, '2015-03-05', 2015, 3, 1, 1, 1, 1, 'inconformidad editado', 'sol', 1, 1, 'bla vla', 2, '2015-03-05', '2015-03-31', 50.00, 3, 1, 1, 1, '2015-03-05 22:01:02', '2015-03-21 16:45:21', NULL, 2);
/*!40000 ALTER TABLE `bitacora_seguridads` ENABLE KEYS */;


-- Volcando estructura para tabla siam_scribe.bit_doc_accidentes
CREATE TABLE IF NOT EXISTS `bit_doc_accidentes` (
  `id` int(10) unsigned NOT NULL AUTO_INCREMENT,
  `bitacora_accidente_id` int(10) unsigned NOT NULL,
  `documento` varchar(255) COLLATE utf8_unicode_ci NOT NULL,
  `archivo` varchar(255) COLLATE utf8_unicode_ci NOT NULL,
  `usu_alta_id` int(11) NOT NULL,
  `usu_mod_id` int(11) NOT NULL,
  `created_at` timestamp NOT NULL DEFAULT '0000-00-00 00:00:00',
  `updated_at` timestamp NOT NULL DEFAULT '0000-00-00 00:00:00',
  `deleted_at` timestamp NULL DEFAULT NULL,
  PRIMARY KEY (`id`),
  KEY `bit_doc_accidentes_bitacora_accidente_id_foreign` (`bitacora_accidente_id`),
  CONSTRAINT `bit_doc_accidentes_bitacora_accidente_id_foreign` FOREIGN KEY (`bitacora_accidente_id`) REFERENCES `bitacora_accidentes` (`id`)
) ENGINE=InnoDB AUTO_INCREMENT=3 DEFAULT CHARSET=utf8 COLLATE=utf8_unicode_ci;

-- Volcando datos para la tabla siam_scribe.bit_doc_accidentes: ~0 rows (aproximadamente)
/*!40000 ALTER TABLE `bit_doc_accidentes` DISABLE KEYS */;
INSERT INTO `bit_doc_accidentes` (`id`, `bitacora_accidente_id`, `documento`, `archivo`, `usu_alta_id`, `usu_mod_id`, `created_at`, `updated_at`, `deleted_at`) VALUES
	(2, 1, 'doc1', '69987113.jpg', 1, 1, '2017-02-13 01:11:45', '2017-02-13 01:11:45', NULL);
/*!40000 ALTER TABLE `bit_doc_accidentes` ENABLE KEYS */;


-- Volcando estructura para tabla siam_scribe.bit_sts
CREATE TABLE IF NOT EXISTS `bit_sts` (
  `id` int(10) unsigned NOT NULL AUTO_INCREMENT,
  `estatus` varchar(255) COLLATE utf8_unicode_ci NOT NULL,
  `usu_alta_id` int(10) unsigned NOT NULL,
  `usu_mod_id` int(10) unsigned NOT NULL,
  `created_at` timestamp NOT NULL DEFAULT '0000-00-00 00:00:00',
  `updated_at` timestamp NOT NULL DEFAULT '0000-00-00 00:00:00',
  `deleted_at` timestamp NULL DEFAULT NULL,
  PRIMARY KEY (`id`),
  KEY `bit_sts_usu_alta_id_foreign` (`usu_alta_id`),
  KEY `bit_sts_usu_mod_id_foreign` (`usu_mod_id`),
  CONSTRAINT `bit_sts_usu_alta_id_foreign` FOREIGN KEY (`usu_alta_id`) REFERENCES `users` (`id`),
  CONSTRAINT `bit_sts_usu_mod_id_foreign` FOREIGN KEY (`usu_mod_id`) REFERENCES `users` (`id`)
) ENGINE=InnoDB AUTO_INCREMENT=5 DEFAULT CHARSET=utf8 COLLATE=utf8_unicode_ci;

-- Volcando datos para la tabla siam_scribe.bit_sts: ~4 rows (aproximadamente)
/*!40000 ALTER TABLE `bit_sts` DISABLE KEYS */;
INSERT INTO `bit_sts` (`id`, `estatus`, `usu_alta_id`, `usu_mod_id`, `created_at`, `updated_at`, `deleted_at`) VALUES
	(1, 'ALTA', 1, 1, '0000-00-00 00:00:00', '0000-00-00 00:00:00', NULL),
	(2, 'EN ATENCIÓN', 1, 1, '0000-00-00 00:00:00', '0000-00-00 00:00:00', NULL),
	(3, 'PENDIENTE', 1, 1, '0000-00-00 00:00:00', '0000-00-00 00:00:00', NULL),
	(4, 'CERRADO', 1, 1, '0000-00-00 00:00:00', '0000-00-00 00:00:00', NULL);
/*!40000 ALTER TABLE `bit_sts` ENABLE KEYS */;


-- Volcando estructura para tabla siam_scribe.bnds
CREATE TABLE IF NOT EXISTS `bnds` (
  `id` int(10) unsigned NOT NULL AUTO_INCREMENT,
  `bnd` varchar(255) COLLATE utf8_unicode_ci NOT NULL,
  `created_at` timestamp NOT NULL DEFAULT '0000-00-00 00:00:00',
  `updated_at` timestamp NOT NULL DEFAULT '0000-00-00 00:00:00',
  PRIMARY KEY (`id`)
) ENGINE=InnoDB AUTO_INCREMENT=3 DEFAULT CHARSET=utf8 COLLATE=utf8_unicode_ci;

-- Volcando datos para la tabla siam_scribe.bnds: ~3 rows (aproximadamente)
/*!40000 ALTER TABLE `bnds` DISABLE KEYS */;
INSERT INTO `bnds` (`id`, `bnd`, `created_at`, `updated_at`) VALUES
	(0, 'No', '0000-00-00 00:00:00', '0000-00-00 00:00:00'),
	(1, 'Si', '0000-00-00 00:00:00', '0000-00-00 00:00:00'),
	(2, 'No', '0000-00-00 00:00:00', '0000-00-00 00:00:00');
/*!40000 ALTER TABLE `bnds` ENABLE KEYS */;


-- Volcando estructura para tabla siam_scribe.caracteristicas
CREATE TABLE IF NOT EXISTS `caracteristicas` (
  `id` int(10) unsigned NOT NULL AUTO_INCREMENT,
  `caracteristica` varchar(255) COLLATE utf8_unicode_ci NOT NULL,
  `usu_alta_id` int(10) unsigned NOT NULL,
  `usu_mod_id` int(10) unsigned NOT NULL,
  `created_at` timestamp NOT NULL DEFAULT '0000-00-00 00:00:00',
  `updated_at` timestamp NOT NULL DEFAULT '0000-00-00 00:00:00',
  `deleted_at` timestamp NULL DEFAULT NULL,
  PRIMARY KEY (`id`),
  KEY `caracteristicas_usu_alta_id_foreign` (`usu_alta_id`),
  KEY `caracteristicas_usu_mod_id_foreign` (`usu_mod_id`),
  CONSTRAINT `caracteristicas_usu_alta_id_foreign` FOREIGN KEY (`usu_alta_id`) REFERENCES `users` (`id`),
  CONSTRAINT `caracteristicas_usu_mod_id_foreign` FOREIGN KEY (`usu_mod_id`) REFERENCES `users` (`id`)
) ENGINE=InnoDB AUTO_INCREMENT=23 DEFAULT CHARSET=utf8 COLLATE=utf8_unicode_ci;

-- Volcando datos para la tabla siam_scribe.caracteristicas: ~22 rows (aproximadamente)
/*!40000 ALTER TABLE `caracteristicas` DISABLE KEYS */;
INSERT INTO `caracteristicas` (`id`, `caracteristica`, `usu_alta_id`, `usu_mod_id`, `created_at`, `updated_at`, `deleted_at`) VALUES
	(1, 'Imagen', 1, 1, '0000-00-00 00:00:00', '0000-00-00 00:00:00', NULL),
	(2, 'Vialidad', 1, 1, '0000-00-00 00:00:00', '0000-00-00 00:00:00', NULL),
	(3, 'Seguridad', 1, 1, '0000-00-00 00:00:00', '0000-00-00 00:00:00', NULL),
	(4, 'Disposicion de material chatarra', 1, 1, '0000-00-00 00:00:00', '0000-00-00 00:00:00', NULL),
	(5, 'Alumbrado', 1, 1, '0000-00-00 00:00:00', '0000-00-00 00:00:00', NULL),
	(6, 'Obra civil Edificios', 1, 1, '0000-00-00 00:00:00', '0000-00-00 00:00:00', NULL),
	(7, 'Generacion de residuos peligrosos, aceites y combustibles', 1, 1, '0000-00-00 00:00:00', '0000-00-00 00:00:00', NULL),
	(8, 'Maquinaria, vehiculos y equipo', 1, 1, '0000-00-00 00:00:00', '0000-00-00 00:00:00', NULL),
	(9, 'Areas Verdes', 1, 1, '0000-00-00 00:00:00', '2014-10-10 19:48:48', NULL),
	(10, 'Empleos temporales', 1, 1, '0000-00-00 00:00:00', '0000-00-00 00:00:00', NULL),
	(11, 'Generacion de aguas sanitarias', 1, 1, '0000-00-00 00:00:00', '0000-00-00 00:00:00', NULL),
	(12, 'Consumo de agua cruda', 1, 1, '0000-00-00 00:00:00', '0000-00-00 00:00:00', NULL),
	(13, 'Emisiones de pst al aire', 1, 1, '0000-00-00 00:00:00', '0000-00-00 00:00:00', NULL),
	(14, 'Operacion del sistema', 1, 1, '0000-00-00 00:00:00', '0000-00-00 00:00:00', NULL),
	(15, 'Mantenimiento', 1, 1, '0000-00-00 00:00:00', '0000-00-00 00:00:00', NULL),
	(16, 'Consumo de materias primas', 1, 1, '0000-00-00 00:00:00', '0000-00-00 00:00:00', NULL),
	(17, 'Generacion de residuos de manejo especial ', 1, 1, '0000-00-00 00:00:00', '0000-00-00 00:00:00', NULL),
	(18, 'Generacion de residuos solidos urbanos', 1, 1, '0000-00-00 00:00:00', '0000-00-00 00:00:00', NULL),
	(19, 'Empleos permanentes', 1, 1, '0000-00-00 00:00:00', '0000-00-00 00:00:00', NULL),
	(20, 'Economia', 1, 1, '0000-00-00 00:00:00', '0000-00-00 00:00:00', NULL),
	(21, 'Educacion', 1, 1, '0000-00-00 00:00:00', '0000-00-00 00:00:00', NULL),
	(22, 'Generacion de olores', 1, 1, '0000-00-00 00:00:00', '0000-00-00 00:00:00', NULL);
/*!40000 ALTER TABLE `caracteristicas` ENABLE KEYS */;


-- Volcando estructura para tabla siam_scribe.caracteristica_matriz
CREATE TABLE IF NOT EXISTS `caracteristica_matriz` (
  `caracteristica_id` int(10) unsigned NOT NULL,
  `matriz_id` int(10) unsigned NOT NULL,
  PRIMARY KEY (`caracteristica_id`,`matriz_id`),
  KEY `caracteristica_matriz_caracteristica_id_index` (`caracteristica_id`),
  KEY `caracteristica_matriz_matriz_id_index` (`matriz_id`),
  CONSTRAINT `caracteristica_matriz_caracteristica_id_foreign` FOREIGN KEY (`caracteristica_id`) REFERENCES `caracteristicas` (`id`),
  CONSTRAINT `caracteristica_matriz_matriz_id_foreign` FOREIGN KEY (`matriz_id`) REFERENCES `matrizs` (`id`)
) ENGINE=InnoDB DEFAULT CHARSET=utf8 COLLATE=utf8_unicode_ci;

-- Volcando datos para la tabla siam_scribe.caracteristica_matriz: ~401 rows (aproximadamente)
/*!40000 ALTER TABLE `caracteristica_matriz` DISABLE KEYS */;
INSERT INTO `caracteristica_matriz` (`caracteristica_id`, `matriz_id`) VALUES
	(1, 1),
	(1, 2),
	(1, 3),
	(1, 4),
	(1, 5),
	(1, 6),
	(1, 7),
	(1, 8),
	(1, 9),
	(1, 10),
	(1, 11),
	(1, 12),
	(1, 13),
	(1, 14),
	(1, 15),
	(1, 16),
	(1, 17),
	(1, 18),
	(1, 19),
	(2, 1),
	(2, 2),
	(2, 3),
	(2, 4),
	(2, 5),
	(2, 6),
	(2, 7),
	(2, 8),
	(2, 9),
	(2, 10),
	(2, 11),
	(2, 12),
	(2, 13),
	(2, 14),
	(2, 15),
	(2, 16),
	(2, 17),
	(2, 18),
	(2, 19),
	(3, 1),
	(3, 2),
	(3, 3),
	(3, 4),
	(3, 5),
	(3, 6),
	(3, 7),
	(3, 8),
	(3, 9),
	(3, 10),
	(3, 11),
	(3, 12),
	(3, 13),
	(3, 14),
	(3, 15),
	(3, 16),
	(3, 17),
	(3, 18),
	(3, 19),
	(4, 1),
	(4, 2),
	(4, 3),
	(4, 4),
	(4, 5),
	(4, 6),
	(4, 7),
	(4, 8),
	(4, 9),
	(4, 10),
	(4, 11),
	(4, 12),
	(4, 13),
	(4, 14),
	(4, 15),
	(4, 16),
	(4, 17),
	(4, 18),
	(4, 19),
	(5, 1),
	(5, 2),
	(5, 3),
	(5, 4),
	(5, 5),
	(5, 6),
	(5, 7),
	(5, 8),
	(5, 9),
	(5, 10),
	(5, 11),
	(5, 12),
	(5, 13),
	(5, 14),
	(5, 15),
	(5, 16),
	(5, 17),
	(5, 18),
	(5, 19),
	(6, 1),
	(6, 2),
	(6, 3),
	(6, 4),
	(6, 5),
	(6, 6),
	(6, 7),
	(6, 8),
	(6, 9),
	(6, 10),
	(6, 11),
	(6, 12),
	(6, 13),
	(6, 14),
	(6, 15),
	(6, 16),
	(6, 17),
	(6, 18),
	(7, 1),
	(7, 2),
	(7, 3),
	(7, 4),
	(7, 5),
	(7, 6),
	(7, 7),
	(7, 8),
	(7, 9),
	(7, 10),
	(7, 11),
	(7, 12),
	(7, 13),
	(7, 14),
	(7, 15),
	(7, 16),
	(7, 17),
	(7, 18),
	(8, 1),
	(8, 2),
	(8, 3),
	(8, 4),
	(8, 5),
	(8, 6),
	(8, 7),
	(8, 8),
	(8, 9),
	(8, 10),
	(8, 11),
	(8, 12),
	(8, 13),
	(8, 14),
	(8, 15),
	(8, 16),
	(8, 17),
	(8, 18),
	(9, 1),
	(9, 2),
	(9, 3),
	(9, 4),
	(9, 5),
	(9, 6),
	(9, 7),
	(9, 8),
	(9, 9),
	(9, 10),
	(9, 11),
	(9, 12),
	(9, 13),
	(9, 14),
	(9, 15),
	(9, 16),
	(9, 17),
	(9, 18),
	(10, 1),
	(10, 2),
	(10, 3),
	(10, 4),
	(10, 5),
	(10, 6),
	(10, 7),
	(10, 8),
	(10, 9),
	(10, 10),
	(10, 11),
	(10, 12),
	(10, 13),
	(10, 14),
	(10, 15),
	(10, 16),
	(10, 17),
	(10, 18),
	(11, 1),
	(11, 2),
	(11, 3),
	(11, 4),
	(11, 5),
	(11, 6),
	(11, 7),
	(11, 8),
	(11, 9),
	(11, 10),
	(11, 11),
	(11, 12),
	(11, 13),
	(11, 14),
	(11, 15),
	(11, 16),
	(11, 17),
	(11, 18),
	(12, 1),
	(12, 2),
	(12, 3),
	(12, 4),
	(12, 5),
	(12, 6),
	(12, 7),
	(12, 8),
	(12, 9),
	(12, 10),
	(12, 11),
	(12, 12),
	(12, 13),
	(12, 14),
	(12, 15),
	(12, 16),
	(12, 17),
	(12, 18),
	(13, 1),
	(13, 2),
	(13, 3),
	(13, 4),
	(13, 5),
	(13, 6),
	(13, 7),
	(13, 8),
	(13, 9),
	(13, 10),
	(13, 11),
	(13, 12),
	(13, 13),
	(13, 14),
	(13, 15),
	(13, 16),
	(13, 17),
	(13, 18),
	(14, 1),
	(14, 2),
	(14, 3),
	(14, 4),
	(14, 5),
	(14, 6),
	(14, 7),
	(14, 8),
	(14, 9),
	(14, 10),
	(14, 11),
	(14, 12),
	(14, 13),
	(14, 14),
	(14, 15),
	(14, 16),
	(14, 17),
	(14, 18),
	(15, 1),
	(15, 2),
	(15, 3),
	(15, 4),
	(15, 5),
	(15, 6),
	(15, 7),
	(15, 8),
	(15, 9),
	(15, 10),
	(15, 11),
	(15, 12),
	(15, 13),
	(15, 14),
	(15, 15),
	(15, 16),
	(15, 17),
	(15, 18),
	(16, 1),
	(16, 2),
	(16, 3),
	(16, 4),
	(16, 5),
	(16, 6),
	(16, 7),
	(16, 8),
	(16, 9),
	(16, 10),
	(16, 11),
	(16, 12),
	(16, 13),
	(16, 14),
	(16, 15),
	(16, 16),
	(16, 17),
	(16, 18),
	(17, 1),
	(17, 2),
	(17, 3),
	(17, 4),
	(17, 5),
	(17, 6),
	(17, 7),
	(17, 8),
	(17, 9),
	(17, 10),
	(17, 11),
	(17, 12),
	(17, 13),
	(17, 14),
	(17, 15),
	(17, 16),
	(17, 17),
	(17, 18),
	(18, 1),
	(18, 2),
	(18, 3),
	(18, 4),
	(18, 5),
	(18, 6),
	(18, 7),
	(18, 8),
	(18, 9),
	(18, 10),
	(18, 11),
	(18, 12),
	(18, 13),
	(18, 14),
	(18, 15),
	(18, 16),
	(18, 17),
	(18, 18),
	(19, 1),
	(19, 2),
	(19, 3),
	(19, 4),
	(19, 5),
	(19, 6),
	(19, 7),
	(19, 8),
	(19, 9),
	(19, 10),
	(19, 11),
	(19, 12),
	(19, 13),
	(19, 14),
	(19, 15),
	(19, 16),
	(19, 17),
	(19, 18),
	(20, 1),
	(20, 2),
	(20, 3),
	(20, 4),
	(20, 5),
	(20, 6),
	(20, 7),
	(20, 8),
	(20, 9),
	(20, 10),
	(20, 11),
	(20, 12),
	(20, 13),
	(20, 14),
	(20, 15),
	(20, 16),
	(20, 17),
	(20, 18),
	(21, 1),
	(21, 2),
	(21, 3),
	(21, 4),
	(21, 5),
	(21, 6),
	(21, 7),
	(21, 8),
	(21, 9),
	(21, 10),
	(21, 11),
	(21, 12),
	(21, 13),
	(21, 14),
	(21, 15),
	(21, 16),
	(21, 17),
	(21, 18),
	(22, 1),
	(22, 2),
	(22, 3),
	(22, 4),
	(22, 5),
	(22, 6),
	(22, 7),
	(22, 8),
	(22, 9),
	(22, 10),
	(22, 11),
	(22, 12),
	(22, 13),
	(22, 14),
	(22, 15),
	(22, 16),
	(22, 17),
	(22, 18);
/*!40000 ALTER TABLE `caracteristica_matriz` ENABLE KEYS */;


-- Volcando estructura para tabla siam_scribe.ca_aa_docs
CREATE TABLE IF NOT EXISTS `ca_aa_docs` (
  `id` int(10) unsigned NOT NULL AUTO_INCREMENT,
  `material_id` int(10) unsigned NOT NULL,
  `categoria_id` int(10) unsigned NOT NULL,
  `doc` varchar(255) COLLATE utf8_unicode_ci NOT NULL,
  `usu_alta_id` int(10) unsigned NOT NULL,
  `usu_mod_id` int(10) unsigned NOT NULL,
  `created_at` timestamp NOT NULL DEFAULT '0000-00-00 00:00:00',
  `updated_at` timestamp NOT NULL DEFAULT '0000-00-00 00:00:00',
  `deleted_at` timestamp NULL DEFAULT NULL,
  `cia_id` int(11) NOT NULL,
  PRIMARY KEY (`id`),
  KEY `ca_aa_docs_usu_alta_id_foreign` (`usu_alta_id`),
  KEY `ca_aa_docs_usu_mod_id_foreign` (`usu_mod_id`),
  KEY `ca_aa_docs_categoria_id_foreign` (`categoria_id`),
  KEY `ca_aa_docs_material_id_foreign` (`material_id`),
  CONSTRAINT `ca_aa_docs_categoria_id_foreign` FOREIGN KEY (`categoria_id`) REFERENCES `ca_categoria` (`id`),
  CONSTRAINT `ca_aa_docs_material_id_foreign` FOREIGN KEY (`material_id`) REFERENCES `ca_materiales` (`id`),
  CONSTRAINT `ca_aa_docs_usu_alta_id_foreign` FOREIGN KEY (`usu_alta_id`) REFERENCES `users` (`id`),
  CONSTRAINT `ca_aa_docs_usu_mod_id_foreign` FOREIGN KEY (`usu_mod_id`) REFERENCES `users` (`id`)
) ENGINE=InnoDB AUTO_INCREMENT=135 DEFAULT CHARSET=utf8 COLLATE=utf8_unicode_ci;

-- Volcando datos para la tabla siam_scribe.ca_aa_docs: ~134 rows (aproximadamente)
/*!40000 ALTER TABLE `ca_aa_docs` DISABLE KEYS */;
INSERT INTO `ca_aa_docs` (`id`, `material_id`, `categoria_id`, `doc`, `usu_alta_id`, `usu_mod_id`, `created_at`, `updated_at`, `deleted_at`, `cia_id`) VALUES
	(1, 1, 1, 'ALTA COMO GENERADOR', 1, 1, '0000-00-00 00:00:00', '0000-00-00 00:00:00', '0000-00-00 00:00:00', 1),
	(2, 1, 1, 'AUTOCATEGORIZACION', 1, 1, '0000-00-00 00:00:00', '0000-00-00 00:00:00', '0000-00-00 00:00:00', 1),
	(3, 1, 1, 'BALANCE', 1, 1, '0000-00-00 00:00:00', '0000-00-00 00:00:00', '0000-00-00 00:00:00', 1),
	(4, 1, 1, 'CAPACITACION', 1, 1, '0000-00-00 00:00:00', '0000-00-00 00:00:00', '0000-00-00 00:00:00', 1),
	(5, 1, 1, 'MANIFIESTOS', 1, 1, '0000-00-00 00:00:00', '0000-00-00 00:00:00', '0000-00-00 00:00:00', 1),
	(6, 1, 1, 'REGISTROS DE TRANSPORTISTAS Y TRATADORES', 1, 1, '0000-00-00 00:00:00', '0000-00-00 00:00:00', '0000-00-00 00:00:00', 1),
	(7, 1, 1, 'RUTINAS DE REVISION DISPOSICION DE RESIDUOS', 1, 1, '0000-00-00 00:00:00', '0000-00-00 00:00:00', '0000-00-00 00:00:00', 1),
	(8, 1, 1, 'INSPECCIONES PROFEPA', 1, 1, '0000-00-00 00:00:00', '0000-00-00 00:00:00', '0000-00-00 00:00:00', 1),
	(9, 1, 1, 'CIERRES DE INSPECCION', 1, 1, '0000-00-00 00:00:00', '0000-00-00 00:00:00', '0000-00-00 00:00:00', 1),
	(10, 1, 1, 'PLANO DE CONTENEDORES', 1, 1, '0000-00-00 00:00:00', '0000-00-00 00:00:00', '0000-00-00 00:00:00', 1),
	(11, 1, 1, 'PLAN DE MANEJO', 1, 1, '0000-00-00 00:00:00', '0000-00-00 00:00:00', '0000-00-00 00:00:00', 1),
	(12, 1, 1, 'PROCEDIMIENTO DE MANEJO DE RESIDUOS PELIGROSOS', 1, 1, '0000-00-00 00:00:00', '0000-00-00 00:00:00', '0000-00-00 00:00:00', 1),
	(13, 1, 1, 'ANALISIS CRETIB', 1, 1, '0000-00-00 00:00:00', '0000-00-00 00:00:00', '0000-00-00 00:00:00', 1),
	(14, 1, 1, 'ANALSIS DE PCB\'s', 1, 1, '0000-00-00 00:00:00', '0000-00-00 00:00:00', '0000-00-00 00:00:00', 1),
	(15, 1, 1, 'R. DE TRANSFORMADORES Y EQUIPOS CON ACEITE DIELECTRICO', 1, 1, '0000-00-00 00:00:00', '0000-00-00 00:00:00', '0000-00-00 00:00:00', 1),
	(16, 1, 1, 'COA', 1, 1, '0000-00-00 00:00:00', '0000-00-00 00:00:00', '0000-00-00 00:00:00', 1),
	(17, 1, 1, 'REGISTROS DE LOS TRANSPORTISTAS Y TRATADORES DE RP', 1, 1, '0000-00-00 00:00:00', '0000-00-00 00:00:00', '0000-00-00 00:00:00', 1),
	(18, 1, 1, 'PLANO DE UBICACION DE CONTENEDORES DE RPE', 1, 1, '0000-00-00 00:00:00', '0000-00-00 00:00:00', '0000-00-00 00:00:00', 1),
	(19, 1, 1, 'ESPECIFICACIONES DEL ALMACEN DE RPE', 1, 1, '0000-00-00 00:00:00', '0000-00-00 00:00:00', '0000-00-00 00:00:00', 1),
	(20, 1, 1, 'PROGRAMA DE MANTENIMIENTO DE RPE', 1, 1, '0000-00-00 00:00:00', '0000-00-00 00:00:00', '0000-00-00 00:00:00', 1),
	(21, 1, 1, 'MIA DEL ALMACEN DE RPE', 1, 1, '0000-00-00 00:00:00', '0000-00-00 00:00:00', '0000-00-00 00:00:00', 1),
	(22, 1, 1, 'CONDICIONANTES QUE TENGAN QUE VER CON LOS RPE', 1, 1, '0000-00-00 00:00:00', '0000-00-00 00:00:00', '0000-00-00 00:00:00', 1),
	(23, 2, 2, 'REGISTRO COMO GENERADOR', 1, 1, '0000-00-00 00:00:00', '0000-00-00 00:00:00', '0000-00-00 00:00:00', 1),
	(24, 2, 2, 'BALANCE', 1, 1, '0000-00-00 00:00:00', '0000-00-00 00:00:00', '0000-00-00 00:00:00', 1),
	(25, 2, 2, 'CAPACITACION', 1, 1, '0000-00-00 00:00:00', '0000-00-00 00:00:00', '0000-00-00 00:00:00', 1),
	(26, 2, 2, 'SALIDAS DE RESIDUOS', 1, 1, '0000-00-00 00:00:00', '0000-00-00 00:00:00', '0000-00-00 00:00:00', 1),
	(27, 2, 2, 'RUTINAS DE REVISION DISPOSICION DE RESIDUOS', 1, 1, '0000-00-00 00:00:00', '0000-00-00 00:00:00', '0000-00-00 00:00:00', 1),
	(28, 2, 2, 'INSPECCIONES ECOLOGIA', 1, 1, '0000-00-00 00:00:00', '0000-00-00 00:00:00', '0000-00-00 00:00:00', 1),
	(29, 2, 2, 'CIERRES DE INSPECCION', 1, 1, '0000-00-00 00:00:00', '0000-00-00 00:00:00', '0000-00-00 00:00:00', 1),
	(30, 2, 2, 'PLANO DE CONTENEDORES', 1, 1, '0000-00-00 00:00:00', '0000-00-00 00:00:00', '0000-00-00 00:00:00', 1),
	(31, 2, 2, 'PLAN DE MANEJO', 1, 1, '0000-00-00 00:00:00', '0000-00-00 00:00:00', '0000-00-00 00:00:00', 1),
	(32, 2, 2, 'PROCEDIMIENTO DE MANEJO DE RESIDUOS DE MANEJO ESPECIAL', 1, 1, '0000-00-00 00:00:00', '0000-00-00 00:00:00', '0000-00-00 00:00:00', 1),
	(33, 2, 2, 'ANALISIS CRETIB (NO PELIGROSIDAD)', 1, 1, '0000-00-00 00:00:00', '0000-00-00 00:00:00', '0000-00-00 00:00:00', 1),
	(34, 2, 2, 'MANIFIESTOS DE TRANSPORTE Y DISPOSICION DE RME', 1, 1, '0000-00-00 00:00:00', '0000-00-00 00:00:00', '0000-00-00 00:00:00', 1),
	(35, 2, 2, 'PLANO DE UBICACION DE CONTENEDORES DE RME', 1, 1, '0000-00-00 00:00:00', '0000-00-00 00:00:00', '0000-00-00 00:00:00', 1),
	(36, 2, 2, 'NOTAS DE SALIDA DE RME', 1, 1, '0000-00-00 00:00:00', '0000-00-00 00:00:00', '0000-00-00 00:00:00', 1),
	(37, 2, 2, 'REGISTRO DE TRANSPORTISTAS DE RME', 1, 1, '0000-00-00 00:00:00', '0000-00-00 00:00:00', '0000-00-00 00:00:00', 1),
	(38, 2, 2, 'PLAN DE MANEJO DE RME', 1, 1, '0000-00-00 00:00:00', '0000-00-00 00:00:00', '0000-00-00 00:00:00', 1),
	(39, 2, 2, 'GENERACION DE RME', 1, 1, '0000-00-00 00:00:00', '0000-00-00 00:00:00', '0000-00-00 00:00:00', 1),
	(40, 3, 3, 'REGISTRO COMO GENERADOR', 1, 1, '0000-00-00 00:00:00', '0000-00-00 00:00:00', '0000-00-00 00:00:00', 1),
	(41, 3, 3, 'BALANCE', 1, 1, '0000-00-00 00:00:00', '0000-00-00 00:00:00', '0000-00-00 00:00:00', 1),
	(42, 3, 3, 'CAPACITACION', 1, 1, '0000-00-00 00:00:00', '0000-00-00 00:00:00', '0000-00-00 00:00:00', 1),
	(43, 3, 3, 'SALIDAS DE RESIDUOS', 1, 1, '0000-00-00 00:00:00', '0000-00-00 00:00:00', '0000-00-00 00:00:00', 1),
	(44, 3, 3, 'RUTINAS DE REVISION DISPOSICION DE RESIDUOS', 1, 1, '0000-00-00 00:00:00', '0000-00-00 00:00:00', '0000-00-00 00:00:00', 1),
	(45, 3, 3, 'INSPECCIONES ECOLOGIA', 1, 1, '0000-00-00 00:00:00', '0000-00-00 00:00:00', '0000-00-00 00:00:00', 1),
	(46, 3, 3, 'CIERRES DE INSPECCION', 1, 1, '0000-00-00 00:00:00', '0000-00-00 00:00:00', '0000-00-00 00:00:00', 1),
	(47, 3, 3, 'PLANO DE CONTENEDORES', 1, 1, '0000-00-00 00:00:00', '0000-00-00 00:00:00', '0000-00-00 00:00:00', 1),
	(48, 3, 3, 'PLAN DE MANEJO', 1, 1, '0000-00-00 00:00:00', '0000-00-00 00:00:00', '0000-00-00 00:00:00', 1),
	(49, 3, 3, 'PROCEDIMIENTO DE MANEJO DE RESIDUOS SOLIDOS URBANOS', 1, 1, '0000-00-00 00:00:00', '0000-00-00 00:00:00', '0000-00-00 00:00:00', 1),
	(50, 3, 3, 'CONTRATO DE SERVICIO DE DISPOSICION', 1, 1, '0000-00-00 00:00:00', '0000-00-00 00:00:00', '0000-00-00 00:00:00', 1),
	(51, 3, 3, 'REGISTRO DEL TRANSPORTISTA', 1, 1, '0000-00-00 00:00:00', '0000-00-00 00:00:00', '0000-00-00 00:00:00', 1),
	(52, 3, 3, 'NOTAS O FACTURAS DE SALIDA DE LOS RESIDUOS', 1, 1, '0000-00-00 00:00:00', '0000-00-00 00:00:00', '0000-00-00 00:00:00', 1),
	(53, 4, 4, 'TITULO DE CONSECION', 1, 1, '0000-00-00 00:00:00', '0000-00-00 00:00:00', '0000-00-00 00:00:00', 1),
	(54, 4, 4, 'CONTRATO DE ABASTO MUNICIPAL', 1, 1, '0000-00-00 00:00:00', '0000-00-00 00:00:00', '0000-00-00 00:00:00', 1),
	(55, 4, 4, 'CONTRATO DE PIPAS', 1, 1, '0000-00-00 00:00:00', '0000-00-00 00:00:00', '0000-00-00 00:00:00', 1),
	(56, 4, 4, 'CARACTERISTICAS DE POZOS O RED HIDRAULICA', 1, 1, '0000-00-00 00:00:00', '0000-00-00 00:00:00', '0000-00-00 00:00:00', 1),
	(57, 4, 4, 'JUSTIFICACION CUMPLIMIENTO NOM-127', 1, 1, '0000-00-00 00:00:00', '0000-00-00 00:00:00', '0000-00-00 00:00:00', 1),
	(58, 4, 4, 'CUMPLIMIENTO DE CONDICIONANTES', 1, 1, '0000-00-00 00:00:00', '0000-00-00 00:00:00', '0000-00-00 00:00:00', 1),
	(59, 4, 4, 'PROGRAMA DE AHORRO DE AGUAS', 1, 1, '0000-00-00 00:00:00', '0000-00-00 00:00:00', '0000-00-00 00:00:00', 1),
	(60, 4, 4, 'REGISTRO DE ABASTECIMIENTO', 1, 1, '0000-00-00 00:00:00', '0000-00-00 00:00:00', '0000-00-00 00:00:00', 1),
	(61, 4, 4, 'VISITAS CONAGUA', 1, 1, '0000-00-00 00:00:00', '0000-00-00 00:00:00', '0000-00-00 00:00:00', 1),
	(62, 4, 4, 'REGISTRO DEL MEDIDOR', 1, 1, '0000-00-00 00:00:00', '0000-00-00 00:00:00', '0000-00-00 00:00:00', 1),
	(63, 4, 4, 'BALANCE DE AGUA', 1, 1, '0000-00-00 00:00:00', '0000-00-00 00:00:00', '0000-00-00 00:00:00', 1),
	(64, 4, 4, 'PLANO HIDRAULICO', 1, 1, '0000-00-00 00:00:00', '0000-00-00 00:00:00', '0000-00-00 00:00:00', 1),
	(65, 4, 4, 'MEMORIA DE RED HIDRAULICA', 1, 1, '0000-00-00 00:00:00', '0000-00-00 00:00:00', '0000-00-00 00:00:00', 1),
	(66, 4, 4, 'INDICADOR DE DESCARGA', 1, 1, '0000-00-00 00:00:00', '0000-00-00 00:00:00', '0000-00-00 00:00:00', 1),
	(67, 4, 4, 'REGISTROS DE VENTA DE AGUA', 1, 1, '0000-00-00 00:00:00', '0000-00-00 00:00:00', '0000-00-00 00:00:00', 1),
	(68, 4, 4, 'AUTORIZACION DE VENTA A TERCEROS', 1, 1, '0000-00-00 00:00:00', '0000-00-00 00:00:00', '0000-00-00 00:00:00', 1),
	(69, 4, 4, 'CONTRATO DE ABASTO DE AGUA', 1, 1, '0000-00-00 00:00:00', '0000-00-00 00:00:00', '0000-00-00 00:00:00', 1),
	(70, 4, 4, 'BALANCE DE AGUA', 1, 1, '0000-00-00 00:00:00', '0000-00-00 00:00:00', '0000-00-00 00:00:00', 1),
	(71, 4, 4, 'PROGRAMA DE AHORRO DE AGUA', 1, 1, '0000-00-00 00:00:00', '0000-00-00 00:00:00', '0000-00-00 00:00:00', 1),
	(72, 4, 4, 'BITACORA DE ABASTECIMIENTO DE AGUA', 1, 1, '0000-00-00 00:00:00', '0000-00-00 00:00:00', '0000-00-00 00:00:00', 1),
	(73, 5, 5, 'CARACTERISTICAS TORRES DE ENFRIAMIENTO', 1, 1, '0000-00-00 00:00:00', '0000-00-00 00:00:00', '0000-00-00 00:00:00', 1),
	(74, 5, 5, 'CARACTERISTICAS CALDERAS', 1, 1, '0000-00-00 00:00:00', '0000-00-00 00:00:00', '0000-00-00 00:00:00', 1),
	(75, 5, 5, 'TRATAMIENTO', 1, 1, '0000-00-00 00:00:00', '0000-00-00 00:00:00', '0000-00-00 00:00:00', 1),
	(76, 5, 5, 'EQUIPOS DE ENFRIAMIENTO', 1, 1, '0000-00-00 00:00:00', '0000-00-00 00:00:00', '0000-00-00 00:00:00', 1),
	(77, 5, 5, 'EQUIPOS DE LAVADO', 1, 1, '0000-00-00 00:00:00', '0000-00-00 00:00:00', '0000-00-00 00:00:00', 1),
	(78, 5, 5, 'SISTEMAS DE CONTRAINCENDIO', 1, 1, '0000-00-00 00:00:00', '0000-00-00 00:00:00', '0000-00-00 00:00:00', 1),
	(79, 5, 5, 'PROGRAMA DE AHOROR DE AGUA', 1, 1, '0000-00-00 00:00:00', '0000-00-00 00:00:00', '0000-00-00 00:00:00', 1),
	(80, 5, 5, 'PROGRAMAS DE ORDEN Y LIMPIEZA', 1, 1, '0000-00-00 00:00:00', '0000-00-00 00:00:00', '0000-00-00 00:00:00', 1),
	(81, 6, 6, 'TITULO DE LA DESCARGA', 1, 1, '0000-00-00 00:00:00', '0000-00-00 00:00:00', '0000-00-00 00:00:00', 1),
	(82, 6, 6, 'REGISTRO DE DESCARGA', 1, 1, '0000-00-00 00:00:00', '0000-00-00 00:00:00', '0000-00-00 00:00:00', 1),
	(83, 6, 6, 'ANALISIS DE LAS DESCARGAS', 1, 1, '0000-00-00 00:00:00', '0000-00-00 00:00:00', '0000-00-00 00:00:00', 1),
	(84, 6, 6, 'PAGOS DE LAS DESCARGAS', 1, 1, '0000-00-00 00:00:00', '0000-00-00 00:00:00', '0000-00-00 00:00:00', 1),
	(85, 6, 6, 'MEMORIA TECNICA DE DRENAJE', 1, 1, '0000-00-00 00:00:00', '0000-00-00 00:00:00', '0000-00-00 00:00:00', 1),
	(86, 6, 6, 'PLANO DE DRENAJE', 1, 1, '0000-00-00 00:00:00', '0000-00-00 00:00:00', '0000-00-00 00:00:00', 1),
	(87, 6, 6, 'PROGRAMA DE MANTENIMIENTO DRENAJES', 1, 1, '0000-00-00 00:00:00', '0000-00-00 00:00:00', '0000-00-00 00:00:00', 1),
	(88, 6, 6, 'PROGHRAMAS DE LIMPIEZA A TRAMPAS', 1, 1, '0000-00-00 00:00:00', '0000-00-00 00:00:00', '0000-00-00 00:00:00', 1),
	(89, 6, 6, 'TRATAMIENTO DE AGUAS (DESCRICPCI', 1, 1, '0000-00-00 00:00:00', '0000-00-00 00:00:00', '0000-00-00 00:00:00', 1),
	(90, 6, 6, 'CAPACITACION', 1, 1, '0000-00-00 00:00:00', '0000-00-00 00:00:00', '0000-00-00 00:00:00', 1),
	(91, 6, 6, 'PLANO DE DRENAJES (INCLUYE DETALLE)', 1, 1, '0000-00-00 00:00:00', '0000-00-00 00:00:00', '0000-00-00 00:00:00', 1),
	(92, 6, 6, 'DESCRIPCION PTAR', 1, 1, '0000-00-00 00:00:00', '0000-00-00 00:00:00', '0000-00-00 00:00:00', 1),
	(93, 6, 6, 'REGISTRO DE DESCARGA', 1, 1, '0000-00-00 00:00:00', '0000-00-00 00:00:00', '0000-00-00 00:00:00', 1),
	(94, 6, 6, 'ANALISIS DE LAS DESCARGAS (INCLUYE REGISTROS DEL L', 1, 1, '0000-00-00 00:00:00', '0000-00-00 00:00:00', '0000-00-00 00:00:00', 1),
	(95, 6, 6, 'VOLUMENES DESCARGADOS', 1, 1, '0000-00-00 00:00:00', '0000-00-00 00:00:00', '0000-00-00 00:00:00', 1),
	(96, 6, 6, 'PERMISO MUNICIPAL', 1, 1, '0000-00-00 00:00:00', '0000-00-00 00:00:00', '0000-00-00 00:00:00', 1),
	(97, 7, 7, 'REGISTRO DE FUENTE FIJA', 1, 1, '0000-00-00 00:00:00', '0000-00-00 00:00:00', '0000-00-00 00:00:00', 1),
	(98, 7, 7, 'LAU', 1, 1, '0000-00-00 00:00:00', '0000-00-00 00:00:00', '0000-00-00 00:00:00', 1),
	(99, 7, 7, 'CUMPLIMIENTO DE CONDICIONANTES', 1, 1, '0000-00-00 00:00:00', '0000-00-00 00:00:00', '0000-00-00 00:00:00', 1),
	(100, 7, 7, 'COA O COE', 1, 1, '0000-00-00 00:00:00', '0000-00-00 00:00:00', '0000-00-00 00:00:00', 1),
	(101, 7, 7, 'CAPACITACION', 1, 1, '0000-00-00 00:00:00', '0000-00-00 00:00:00', '0000-00-00 00:00:00', 1),
	(102, 7, 7, 'MONITOREOS', 1, 1, '0000-00-00 00:00:00', '0000-00-00 00:00:00', '0000-00-00 00:00:00', 1),
	(103, 7, 7, 'ORGANIZACION', 1, 1, '0000-00-00 00:00:00', '0000-00-00 00:00:00', '0000-00-00 00:00:00', 1),
	(104, 7, 7, 'PROCEDIMENTOS DE OPERACION DE FF', 1, 1, '0000-00-00 00:00:00', '0000-00-00 00:00:00', '0000-00-00 00:00:00', 1),
	(105, 7, 7, 'PLAN DE CONTINGENCIAS', 1, 1, '0000-00-00 00:00:00', '0000-00-00 00:00:00', '0000-00-00 00:00:00', 1),
	(106, 7, 7, 'REGISTRO DE PLAN DE CONTINGENCIAS', 1, 1, '0000-00-00 00:00:00', '0000-00-00 00:00:00', '0000-00-00 00:00:00', 1),
	(107, 7, 7, 'CONSUMOS DE COMBUSTIBLE', 1, 1, '0000-00-00 00:00:00', '0000-00-00 00:00:00', '0000-00-00 00:00:00', 1),
	(108, 7, 7, 'BITACORAS FF', 1, 1, '0000-00-00 00:00:00', '0000-00-00 00:00:00', '0000-00-00 00:00:00', 1),
	(109, 7, 7, 'JUSTIFICACIONES DE NO MUESTREOS', 1, 1, '0000-00-00 00:00:00', '0000-00-00 00:00:00', '0000-00-00 00:00:00', 1),
	(110, 7, 7, 'P. DE SUSTITUCION DE SUSTANCIAS AGOTADORAS DE C. DE OZONO', 1, 1, '0000-00-00 00:00:00', '0000-00-00 00:00:00', '0000-00-00 00:00:00', 1),
	(111, 7, 7, 'CARACTERISTICAS DE EQUIPOS DE COMBUSTION', 1, 1, '0000-00-00 00:00:00', '0000-00-00 00:00:00', '0000-00-00 00:00:00', 1),
	(112, 7, 7, 'ESTUDIO DE RUIDO PERIMETRAL', 1, 1, '0000-00-00 00:00:00', '0000-00-00 00:00:00', '0000-00-00 00:00:00', 1),
	(113, 7, 7, 'ESTUDIO DE AIRE PERIMETRAL', 1, 1, '0000-00-00 00:00:00', '0000-00-00 00:00:00', '0000-00-00 00:00:00', 1),
	(114, 7, 7, 'ESTUDIO DE RUIDO LABORAL', 1, 1, '0000-00-00 00:00:00', '0000-00-00 00:00:00', '0000-00-00 00:00:00', 1),
	(115, 7, 7, 'ESTUDIOS DE AIRE LABORAL', 1, 1, '0000-00-00 00:00:00', '0000-00-00 00:00:00', '0000-00-00 00:00:00', 1),
	(116, 7, 7, 'ESTUDIOS DE CONDICIONES TERMICAS ELEVADAS', 1, 1, '0000-00-00 00:00:00', '0000-00-00 00:00:00', '0000-00-00 00:00:00', 1),
	(117, 7, 7, 'MONITOREO DE HORNO 1 (INCLUYE REGISTROS DEL LAB.)', 1, 1, '0000-00-00 00:00:00', '0000-00-00 00:00:00', '0000-00-00 00:00:00', 1),
	(118, 7, 7, 'MONITOREO DE HORNO 2 (INCLUYE REGISTROS DEL LAB.)', 1, 1, '0000-00-00 00:00:00', '0000-00-00 00:00:00', '0000-00-00 00:00:00', 1),
	(119, 7, 7, 'MONITOREO DE PAEE 1 (INCLUYE REGISTROS DEL LAB.)', 1, 1, '0000-00-00 00:00:00', '0000-00-00 00:00:00', '0000-00-00 00:00:00', 1),
	(120, 7, 7, 'MONITOREO DE PAEE 2 (INCLUYE REGISTROS DEL LAB.)', 1, 1, '0000-00-00 00:00:00', '0000-00-00 00:00:00', '0000-00-00 00:00:00', 1),
	(121, 7, 7, 'CONSUMOS DE DIESEL', 1, 1, '0000-00-00 00:00:00', '0000-00-00 00:00:00', '0000-00-00 00:00:00', 1),
	(122, 7, 7, 'CONSUMOS DE GAS LP', 1, 1, '0000-00-00 00:00:00', '0000-00-00 00:00:00', '0000-00-00 00:00:00', 1),
	(123, 7, 7, 'LIC DE FUNCIONAMIENTO O EQUIVALENTE', 1, 1, '0000-00-00 00:00:00', '0000-00-00 00:00:00', '0000-00-00 00:00:00', 1),
	(124, 7, 7, 'PROGRAMA DE SUSTITUCION DE SUSTACIAS AGOTADORAS O3', 1, 1, '0000-00-00 00:00:00', '0000-00-00 00:00:00', '0000-00-00 00:00:00', 1),
	(125, 8, 8, 'LIC DE USO DE SUELO', 1, 1, '0000-00-00 00:00:00', '0000-00-00 00:00:00', '0000-00-00 00:00:00', 1),
	(126, 8, 8, 'MIA Y CONDICIONANTES', 1, 1, '0000-00-00 00:00:00', '0000-00-00 00:00:00', '0000-00-00 00:00:00', 1),
	(127, 8, 8, 'DESCRIPCION DE LINEAS ENTERRADAS', 1, 1, '0000-00-00 00:00:00', '0000-00-00 00:00:00', '0000-00-00 00:00:00', 1),
	(128, 8, 8, 'DESCRICION DE TANQUES ENTERRADOS', 1, 1, '0000-00-00 00:00:00', '0000-00-00 00:00:00', '0000-00-00 00:00:00', 1),
	(129, 8, 8, 'CERTIFICADO DE ZONIFICACION', 1, 1, '0000-00-00 00:00:00', '0000-00-00 00:00:00', '0000-00-00 00:00:00', 1),
	(130, 8, 8, 'LIC DE FUNCIONAMIENTO', 1, 1, '0000-00-00 00:00:00', '0000-00-00 00:00:00', '0000-00-00 00:00:00', 1),
	(131, 8, 8, 'PREDIAL', 1, 1, '0000-00-00 00:00:00', '0000-00-00 00:00:00', '0000-00-00 00:00:00', 1),
	(132, 9, 9, 'PROCESOS ADMINISTRATIVOS ABIERTOS', 1, 1, '0000-00-00 00:00:00', '0000-00-00 00:00:00', '0000-00-00 00:00:00', 1),
	(133, 9, 9, 'CAPACITACION EN MATERIA DE ECOLOGIA', 1, 1, '0000-00-00 00:00:00', '0000-00-00 00:00:00', '0000-00-00 00:00:00', 1),
	(134, 10, 10, 'ESTUDIO DE RUIDO', 1, 1, '0000-00-00 00:00:00', '0000-00-00 00:00:00', '0000-00-00 00:00:00', 1);
/*!40000 ALTER TABLE `ca_aa_docs` ENABLE KEYS */;


-- Volcando estructura para tabla siam_scribe.ca_categoria
CREATE TABLE IF NOT EXISTS `ca_categoria` (
  `id` int(10) unsigned NOT NULL AUTO_INCREMENT,
  `material_id` int(10) unsigned NOT NULL,
  `categoria` varchar(255) COLLATE utf8_unicode_ci NOT NULL,
  `usu_alta_id` int(10) unsigned NOT NULL,
  `usu_mod_id` int(10) unsigned NOT NULL,
  `created_at` timestamp NOT NULL DEFAULT '0000-00-00 00:00:00',
  `updated_at` timestamp NOT NULL DEFAULT '0000-00-00 00:00:00',
  `deleted_at` timestamp NULL DEFAULT NULL,
  PRIMARY KEY (`id`),
  KEY `ca_categoria_usu_alta_id_foreign` (`usu_alta_id`),
  KEY `ca_categoria_usu_mod_id_foreign` (`usu_mod_id`),
  KEY `ca_categoria_material_id_foreign` (`material_id`),
  CONSTRAINT `ca_categoria_material_id_foreign` FOREIGN KEY (`material_id`) REFERENCES `ca_materiales` (`id`),
  CONSTRAINT `ca_categoria_usu_alta_id_foreign` FOREIGN KEY (`usu_alta_id`) REFERENCES `users` (`id`),
  CONSTRAINT `ca_categoria_usu_mod_id_foreign` FOREIGN KEY (`usu_mod_id`) REFERENCES `users` (`id`)
) ENGINE=InnoDB AUTO_INCREMENT=11 DEFAULT CHARSET=utf8 COLLATE=utf8_unicode_ci;

-- Volcando datos para la tabla siam_scribe.ca_categoria: ~10 rows (aproximadamente)
/*!40000 ALTER TABLE `ca_categoria` DISABLE KEYS */;
INSERT INTO `ca_categoria` (`id`, `material_id`, `categoria`, `usu_alta_id`, `usu_mod_id`, `created_at`, `updated_at`, `deleted_at`) VALUES
	(1, 1, 'RESIDUOS\n', 1, 1, '2015-02-24 03:52:10', '2015-02-24 03:56:25', NULL),
	(2, 2, 'RESIDUOS\n', 1, 1, '2015-02-24 03:53:58', '2015-02-24 03:53:58', NULL),
	(3, 3, 'RESIDUOS\n', 1, 1, '0000-00-00 00:00:00', '0000-00-00 00:00:00', NULL),
	(4, 4, 'AGUA', 1, 1, '0000-00-00 00:00:00', '0000-00-00 00:00:00', NULL),
	(5, 5, 'AGUA', 1, 1, '0000-00-00 00:00:00', '0000-00-00 00:00:00', NULL),
	(6, 6, 'AGUA', 1, 1, '0000-00-00 00:00:00', '0000-00-00 00:00:00', NULL),
	(7, 7, 'AIRE\n', 1, 1, '0000-00-00 00:00:00', '0000-00-00 00:00:00', NULL),
	(8, 8, 'SYS\n', 1, 1, '0000-00-00 00:00:00', '0000-00-00 00:00:00', NULL),
	(9, 9, 'OTRO\n', 1, 1, '0000-00-00 00:00:00', '0000-00-00 00:00:00', NULL),
	(10, 10, 'RUIDO\n', 1, 1, '0000-00-00 00:00:00', '0000-00-00 00:00:00', NULL);
/*!40000 ALTER TABLE `ca_categoria` ENABLE KEYS */;


-- Volcando estructura para tabla siam_scribe.ca_ca_docs
CREATE TABLE IF NOT EXISTS `ca_ca_docs` (
  `id` int(10) unsigned NOT NULL AUTO_INCREMENT,
  `doc` varchar(255) COLLATE utf8_unicode_ci NOT NULL,
  `usu_alta_id` int(10) unsigned NOT NULL,
  `usu_mod_id` int(10) unsigned NOT NULL,
  `created_at` timestamp NOT NULL DEFAULT '0000-00-00 00:00:00',
  `updated_at` timestamp NOT NULL DEFAULT '0000-00-00 00:00:00',
  `deleted_at` timestamp NULL DEFAULT NULL,
  PRIMARY KEY (`id`),
  KEY `ca_ca_docs_usu_alta_id_foreign` (`usu_alta_id`),
  KEY `ca_ca_docs_usu_mod_id_foreign` (`usu_mod_id`),
  CONSTRAINT `ca_ca_docs_usu_alta_id_foreign` FOREIGN KEY (`usu_alta_id`) REFERENCES `users` (`id`),
  CONSTRAINT `ca_ca_docs_usu_mod_id_foreign` FOREIGN KEY (`usu_mod_id`) REFERENCES `users` (`id`)
) ENGINE=InnoDB AUTO_INCREMENT=12 DEFAULT CHARSET=utf8 COLLATE=utf8_unicode_ci;

-- Volcando datos para la tabla siam_scribe.ca_ca_docs: ~11 rows (aproximadamente)
/*!40000 ALTER TABLE `ca_ca_docs` DISABLE KEYS */;
INSERT INTO `ca_ca_docs` (`id`, `doc`, `usu_alta_id`, `usu_mod_id`, `created_at`, `updated_at`, `deleted_at`) VALUES
	(1, 'POLITICA AMBIENTAL', 1, 1, '2015-02-25 15:26:13', '2015-02-25 15:26:13', NULL),
	(2, 'REQUISITOS AMBIENTALES Y ACUERDOS VOLUNTARIOS', 1, 1, '2015-02-25 15:26:13', '2015-02-25 15:26:13', NULL),
	(3, 'OBJETIVOS Y METAS', 1, 1, '2015-02-25 15:26:13', '2015-02-25 15:26:13', NULL),
	(4, 'ESTRUCTURA RESPONSABILIDAD Y RECURSOS', 1, 1, '2015-02-25 15:26:13', '2015-02-25 15:26:13', NULL),
	(5, 'CONTROLOPERATIVO', 1, 1, '2015-02-25 15:26:13', '2015-02-25 15:26:13', NULL),
	(6, 'ACCIONES CORRECTIVAS', 1, 1, '2015-02-25 15:26:13', '2015-02-25 15:26:13', NULL),
	(7, 'PREVENTIVAS Y PROCEDIMIENTOS DE EMERGENCIA', 1, 1, '2015-02-25 15:26:13', '2015-02-25 15:26:13', NULL),
	(8, 'CAPACITACION, SENSIBILIDAD Y COMPETENCIA', 1, 1, '2015-02-25 15:26:13', '2015-02-25 15:26:13', NULL),
	(9, 'PLANEACION Y TOMA DE DESICIONES DE LA ORGANIZACION', 1, 1, '2015-02-25 15:26:13', '2015-02-25 15:26:13', NULL),
	(10, 'CONTROL DE DOCUMENTOS', 1, 1, '2015-02-25 15:26:13', '2015-02-25 15:26:13', NULL),
	(11, 'MEJORAMIENTO Y EVALUACION CONTINUA', 1, 1, '2015-02-25 15:26:13', '2015-02-25 15:26:13', NULL);
/*!40000 ALTER TABLE `ca_ca_docs` ENABLE KEYS */;


-- Volcando estructura para tabla siam_scribe.ca_consumibles
CREATE TABLE IF NOT EXISTS `ca_consumibles` (
  `id` int(10) unsigned NOT NULL AUTO_INCREMENT,
  `consumible` varchar(255) COLLATE utf8_unicode_ci NOT NULL,
  `unidad` varchar(255) COLLATE utf8_unicode_ci NOT NULL,
  `usu_alta_id` int(10) unsigned NOT NULL,
  `usu_mod_id` int(10) unsigned NOT NULL,
  `created_at` timestamp NOT NULL DEFAULT '0000-00-00 00:00:00',
  `updated_at` timestamp NOT NULL DEFAULT '0000-00-00 00:00:00',
  `deleted_at` timestamp NULL DEFAULT NULL,
  PRIMARY KEY (`id`),
  KEY `ca_consumibles_usu_alta_id_foreign` (`usu_alta_id`),
  KEY `ca_consumibles_usu_mod_id_foreign` (`usu_mod_id`),
  CONSTRAINT `ca_consumibles_usu_alta_id_foreign` FOREIGN KEY (`usu_alta_id`) REFERENCES `users` (`id`),
  CONSTRAINT `ca_consumibles_usu_mod_id_foreign` FOREIGN KEY (`usu_mod_id`) REFERENCES `users` (`id`)
) ENGINE=InnoDB AUTO_INCREMENT=7 DEFAULT CHARSET=utf8 COLLATE=utf8_unicode_ci;

-- Volcando datos para la tabla siam_scribe.ca_consumibles: ~6 rows (aproximadamente)
/*!40000 ALTER TABLE `ca_consumibles` DISABLE KEYS */;
INSERT INTO `ca_consumibles` (`id`, `consumible`, `unidad`, `usu_alta_id`, `usu_mod_id`, `created_at`, `updated_at`, `deleted_at`) VALUES
	(1, 'AGUA', 'LT', 1, 1, '2015-02-24 10:04:20', '2015-02-25 22:01:16', NULL),
	(2, 'AGUA DE REUSO', 'LT', 1, 1, '2015-02-25 22:01:30', '2015-02-25 22:01:30', NULL),
	(3, 'ENERGIA ELECTRICA ', 'KW/H', 1, 1, '2015-02-25 22:01:45', '2015-02-25 22:01:45', NULL),
	(4, 'GAS NATURAL', 'LT', 1, 1, '2015-02-25 22:02:01', '2015-02-25 22:02:01', NULL),
	(5, 'GAS LP', 'LT', 1, 1, '2015-02-25 22:02:18', '2015-02-25 22:02:18', NULL),
	(6, 'DIESEL', 'LT', 1, 1, '2015-02-25 22:02:28', '2015-02-25 22:02:28', NULL);
/*!40000 ALTER TABLE `ca_consumibles` ENABLE KEYS */;


-- Volcando estructura para tabla siam_scribe.ca_fuentes_fijas
CREATE TABLE IF NOT EXISTS `ca_fuentes_fijas` (
  `id` int(10) unsigned NOT NULL AUTO_INCREMENT,
  `planta` varchar(255) COLLATE utf8_unicode_ci NOT NULL,
  `marca` varchar(255) COLLATE utf8_unicode_ci NOT NULL,
  `ubicacion` varchar(255) COLLATE utf8_unicode_ci NOT NULL,
  `obs` varchar(255) COLLATE utf8_unicode_ci NOT NULL,
  `c_termica` varchar(255) COLLATE utf8_unicode_ci NOT NULL,
  `tipo_combustible` varchar(255) COLLATE utf8_unicode_ci NOT NULL,
  `usu_alta_id` int(10) unsigned NOT NULL,
  `usu_mod_id` int(10) unsigned NOT NULL,
  `created_at` timestamp NOT NULL DEFAULT '0000-00-00 00:00:00',
  `updated_at` timestamp NOT NULL DEFAULT '0000-00-00 00:00:00',
  `deleted_at` timestamp NULL DEFAULT NULL,
  PRIMARY KEY (`id`),
  KEY `ca_fuentes_fijas_usu_alta_id_foreign` (`usu_alta_id`),
  KEY `ca_fuentes_fijas_usu_mod_id_foreign` (`usu_mod_id`),
  CONSTRAINT `ca_fuentes_fijas_usu_alta_id_foreign` FOREIGN KEY (`usu_alta_id`) REFERENCES `users` (`id`),
  CONSTRAINT `ca_fuentes_fijas_usu_mod_id_foreign` FOREIGN KEY (`usu_mod_id`) REFERENCES `users` (`id`)
) ENGINE=InnoDB AUTO_INCREMENT=4 DEFAULT CHARSET=utf8 COLLATE=utf8_unicode_ci;

-- Volcando datos para la tabla siam_scribe.ca_fuentes_fijas: ~3 rows (aproximadamente)
/*!40000 ALTER TABLE `ca_fuentes_fijas` DISABLE KEYS */;
INSERT INTO `ca_fuentes_fijas` (`id`, `planta`, `marca`, `ubicacion`, `obs`, `c_termica`, `tipo_combustible`, `usu_alta_id`, `usu_mod_id`, `created_at`, `updated_at`, `deleted_at`) VALUES
	(1, 'HORNO', 'marca', 'ubicacion', 'obs', 'capacidad termica', 'tipo comb', 1, 1, '2015-02-24 08:23:20', '2015-02-25 21:56:50', NULL),
	(2, 'TORTILLADORA', 'M', 'U', 'O', 'C', 'T', 1, 1, '2015-02-25 21:57:10', '2015-02-25 21:57:10', NULL),
	(3, 'PLANTA GENERADORA DE ELECTRICIDAD', 'M', 'U', 'O', 'C', 'T', 1, 1, '2015-02-25 21:57:55', '2015-02-25 21:57:55', NULL);
/*!40000 ALTER TABLE `ca_fuentes_fijas` ENABLE KEYS */;


-- Volcando estructura para tabla siam_scribe.ca_materiales
CREATE TABLE IF NOT EXISTS `ca_materiales` (
  `id` int(10) unsigned NOT NULL AUTO_INCREMENT,
  `material` varchar(255) COLLATE utf8_unicode_ci NOT NULL,
  `usu_alta_id` int(10) unsigned NOT NULL,
  `usu_mod_id` int(10) unsigned NOT NULL,
  `created_at` timestamp NOT NULL DEFAULT '0000-00-00 00:00:00',
  `updated_at` timestamp NOT NULL DEFAULT '0000-00-00 00:00:00',
  `deleted_at` timestamp NULL DEFAULT NULL,
  PRIMARY KEY (`id`),
  KEY `ca_materiales_usu_alta_id_foreign` (`usu_alta_id`),
  KEY `ca_materiales_usu_mod_id_foreign` (`usu_mod_id`),
  CONSTRAINT `ca_materiales_usu_alta_id_foreign` FOREIGN KEY (`usu_alta_id`) REFERENCES `users` (`id`),
  CONSTRAINT `ca_materiales_usu_mod_id_foreign` FOREIGN KEY (`usu_mod_id`) REFERENCES `users` (`id`)
) ENGINE=InnoDB AUTO_INCREMENT=13 DEFAULT CHARSET=utf8 COLLATE=utf8_unicode_ci;

-- Volcando datos para la tabla siam_scribe.ca_materiales: ~12 rows (aproximadamente)
/*!40000 ALTER TABLE `ca_materiales` DISABLE KEYS */;
INSERT INTO `ca_materiales` (`id`, `material`, `usu_alta_id`, `usu_mod_id`, `created_at`, `updated_at`, `deleted_at`) VALUES
	(1, 'PELIGROSOS\n', 1, 1, '2015-02-24 02:48:28', '2015-02-24 03:01:01', NULL),
	(2, 'MANEJO ESPECIAL\n', 1, 1, '2015-02-24 02:49:30', '2015-02-24 02:49:30', NULL),
	(3, 'SOLIDOS URBANOS\n', 1, 1, '0000-00-00 00:00:00', '0000-00-00 00:00:00', NULL),
	(4, 'DESCARGAS\n', 1, 1, '0000-00-00 00:00:00', '0000-00-00 00:00:00', NULL),
	(5, 'ABASTO\n', 1, 1, '0000-00-00 00:00:00', '0000-00-00 00:00:00', NULL),
	(6, 'USO\n', 1, 1, '0000-00-00 00:00:00', '0000-00-00 00:00:00', NULL),
	(7, 'AIRE\n', 1, 1, '0000-00-00 00:00:00', '0000-00-00 00:00:00', NULL),
	(8, 'SYS\n', 1, 1, '0000-00-00 00:00:00', '0000-00-00 00:00:00', NULL),
	(9, 'RUIDO\n', 1, 1, '0000-00-00 00:00:00', '0000-00-00 00:00:00', NULL),
	(10, 'RIESGO\n', 1, 1, '0000-00-00 00:00:00', '0000-00-00 00:00:00', NULL),
	(11, 'GA\n', 1, 1, '0000-00-00 00:00:00', '0000-00-00 00:00:00', NULL),
	(12, 'GENERALES\n', 1, 1, '0000-00-00 00:00:00', '0000-00-00 00:00:00', NULL);
/*!40000 ALTER TABLE `ca_materiales` ENABLE KEYS */;


-- Volcando estructura para tabla siam_scribe.ca_plantas
CREATE TABLE IF NOT EXISTS `ca_plantas` (
  `id` int(10) unsigned NOT NULL AUTO_INCREMENT,
  `planta` varchar(255) COLLATE utf8_unicode_ci NOT NULL,
  `ubicacion` varchar(255) COLLATE utf8_unicode_ci NOT NULL,
  `obs` varchar(255) COLLATE utf8_unicode_ci NOT NULL,
  `tipo_planta` varchar(255) COLLATE utf8_unicode_ci NOT NULL,
  `c_tratamiento` varchar(255) COLLATE utf8_unicode_ci NOT NULL,
  `usu_alta_id` int(10) unsigned NOT NULL,
  `usu_mod_id` int(10) unsigned NOT NULL,
  `created_at` timestamp NOT NULL DEFAULT '0000-00-00 00:00:00',
  `updated_at` timestamp NOT NULL DEFAULT '0000-00-00 00:00:00',
  `deleted_at` timestamp NULL DEFAULT NULL,
  PRIMARY KEY (`id`),
  KEY `ca_plantas_usu_alta_id_foreign` (`usu_alta_id`),
  KEY `ca_plantas_usu_mod_id_foreign` (`usu_mod_id`),
  CONSTRAINT `ca_plantas_usu_alta_id_foreign` FOREIGN KEY (`usu_alta_id`) REFERENCES `users` (`id`),
  CONSTRAINT `ca_plantas_usu_mod_id_foreign` FOREIGN KEY (`usu_mod_id`) REFERENCES `users` (`id`)
) ENGINE=InnoDB AUTO_INCREMENT=3 DEFAULT CHARSET=utf8 COLLATE=utf8_unicode_ci;

-- Volcando datos para la tabla siam_scribe.ca_plantas: ~2 rows (aproximadamente)
/*!40000 ALTER TABLE `ca_plantas` DISABLE KEYS */;
INSERT INTO `ca_plantas` (`id`, `planta`, `ubicacion`, `obs`, `tipo_planta`, `c_tratamiento`, `usu_alta_id`, `usu_mod_id`, `created_at`, `updated_at`, `deleted_at`) VALUES
	(1, 'planta 1', 'ubica', 'obs', 'tipo planta', 'c. trata', 1, 1, '2015-02-24 08:40:07', '2015-02-25 21:58:27', NULL),
	(2, 'PLANTA TRATADORA 2', 'U', 'O', 'T', 'C', 1, 1, '2015-02-25 21:58:18', '2015-02-25 21:58:38', NULL);
/*!40000 ALTER TABLE `ca_plantas` ENABLE KEYS */;


-- Volcando estructura para tabla siam_scribe.ca_procedimientos
CREATE TABLE IF NOT EXISTS `ca_procedimientos` (
  `id` int(10) unsigned NOT NULL AUTO_INCREMENT,
  `procedimiento` varchar(255) COLLATE utf8_unicode_ci NOT NULL,
  `usu_alta_id` int(10) unsigned NOT NULL,
  `usu_mod_id` int(10) unsigned NOT NULL,
  `created_at` timestamp NOT NULL DEFAULT '0000-00-00 00:00:00',
  `updated_at` timestamp NOT NULL DEFAULT '0000-00-00 00:00:00',
  `deleted_at` timestamp NULL DEFAULT NULL,
  PRIMARY KEY (`id`),
  KEY `ca_procedimientos_usu_alta_id_foreign` (`usu_alta_id`),
  KEY `ca_procedimientos_usu_mod_id_foreign` (`usu_mod_id`),
  CONSTRAINT `ca_procedimientos_usu_alta_id_foreign` FOREIGN KEY (`usu_alta_id`) REFERENCES `users` (`id`),
  CONSTRAINT `ca_procedimientos_usu_mod_id_foreign` FOREIGN KEY (`usu_mod_id`) REFERENCES `users` (`id`)
) ENGINE=InnoDB AUTO_INCREMENT=17 DEFAULT CHARSET=utf8 COLLATE=utf8_unicode_ci;

-- Volcando datos para la tabla siam_scribe.ca_procedimientos: ~16 rows (aproximadamente)
/*!40000 ALTER TABLE `ca_procedimientos` DISABLE KEYS */;
INSERT INTO `ca_procedimientos` (`id`, `procedimiento`, `usu_alta_id`, `usu_mod_id`, `created_at`, `updated_at`, `deleted_at`) VALUES
	(1, 'MANEJO DE RPE', 1, 1, '0000-00-00 00:00:00', '0000-00-00 00:00:00', NULL),
	(2, 'MANEJO DE RSU Y RME', 1, 1, '0000-00-00 00:00:00', '0000-00-00 00:00:00', NULL),
	(3, 'OPERACION PTAR', 1, 1, '0000-00-00 00:00:00', '0000-00-00 00:00:00', NULL),
	(4, 'OPERACIÓN GAS NATURAL', 1, 1, '0000-00-00 00:00:00', '0000-00-00 00:00:00', NULL),
	(5, 'OPERACIÓN GAS LP', 1, 1, '0000-00-00 00:00:00', '0000-00-00 00:00:00', NULL),
	(6, 'OPERACIÓN DIESEL', 1, 1, '0000-00-00 00:00:00', '0000-00-00 00:00:00', NULL),
	(7, 'OPERACIÓN COMBUSTOLEO', 1, 1, '0000-00-00 00:00:00', '0000-00-00 00:00:00', NULL),
	(8, 'INCENDIO', 1, 1, '0000-00-00 00:00:00', '0000-00-00 00:00:00', NULL),
	(9, 'EXPLOSIÓN', 1, 1, '0000-00-00 00:00:00', '0000-00-00 00:00:00', NULL),
	(10, 'FUGA TOXICA', 1, 1, '0000-00-00 00:00:00', '0000-00-00 00:00:00', NULL),
	(11, 'DERRAMES', 1, 1, '0000-00-00 00:00:00', '0000-00-00 00:00:00', NULL),
	(12, 'MEDICIÓN DE TIERRAS FISICAS', 1, 1, '0000-00-00 00:00:00', '0000-00-00 00:00:00', NULL),
	(13, 'MTO. PREVENTIVO', 1, 1, '0000-00-00 00:00:00', '0000-00-00 00:00:00', NULL),
	(14, 'MTO. CORRECTIVO', 1, 1, '0000-00-00 00:00:00', '0000-00-00 00:00:00', NULL),
	(15, 'MEDICAMENTOS CADUCOS', 1, 1, '0000-00-00 00:00:00', '0000-00-00 00:00:00', NULL),
	(16, 'GESTION DE TRAMITES', 1, 1, '0000-00-00 00:00:00', '0000-00-00 00:00:00', NULL);
/*!40000 ALTER TABLE `ca_procedimientos` ENABLE KEYS */;


-- Volcando estructura para tabla siam_scribe.ca_residuos
CREATE TABLE IF NOT EXISTS `ca_residuos` (
  `id` int(10) unsigned NOT NULL AUTO_INCREMENT,
  `residuo` varchar(255) COLLATE utf8_unicode_ci NOT NULL,
  `unidad` varchar(255) COLLATE utf8_unicode_ci NOT NULL,
  `peligroso` int(11) NOT NULL,
  `usu_alta_id` int(10) unsigned NOT NULL,
  `usu_mod_id` int(10) unsigned NOT NULL,
  `created_at` timestamp NOT NULL DEFAULT '0000-00-00 00:00:00',
  `updated_at` timestamp NOT NULL DEFAULT '0000-00-00 00:00:00',
  `deleted_at` timestamp NULL DEFAULT NULL,
  PRIMARY KEY (`id`),
  KEY `ca_residuos_usu_alta_id_foreign` (`usu_alta_id`),
  KEY `ca_residuos_usu_mod_id_foreign` (`usu_mod_id`),
  CONSTRAINT `ca_residuos_usu_alta_id_foreign` FOREIGN KEY (`usu_alta_id`) REFERENCES `users` (`id`),
  CONSTRAINT `ca_residuos_usu_mod_id_foreign` FOREIGN KEY (`usu_mod_id`) REFERENCES `users` (`id`)
) ENGINE=InnoDB AUTO_INCREMENT=5 DEFAULT CHARSET=utf8 COLLATE=utf8_unicode_ci;

-- Volcando datos para la tabla siam_scribe.ca_residuos: ~4 rows (aproximadamente)
/*!40000 ALTER TABLE `ca_residuos` DISABLE KEYS */;
INSERT INTO `ca_residuos` (`id`, `residuo`, `unidad`, `peligroso`, `usu_alta_id`, `usu_mod_id`, `created_at`, `updated_at`, `deleted_at`) VALUES
	(1, 'SOLIDOS URBANOS', 'kG', 2, 1, 1, '2015-02-24 09:06:30', '2015-02-25 21:59:57', NULL),
	(2, 'CARTON', 'KG', 2, 1, 1, '2015-02-25 22:00:13', '2015-02-25 22:00:13', NULL),
	(3, 'PLAYO', 'KG', 2, 1, 1, '2015-02-25 22:00:25', '2015-02-25 22:00:25', NULL),
	(4, 'PELIGROSOS', 'KG', 2, 1, 1, '2015-02-25 22:00:45', '2015-02-25 22:00:45', NULL);
/*!40000 ALTER TABLE `ca_residuos` ENABLE KEYS */;


-- Volcando estructura para tabla siam_scribe.ca_tpo_bitacoras
CREATE TABLE IF NOT EXISTS `ca_tpo_bitacoras` (
  `id` int(10) unsigned NOT NULL AUTO_INCREMENT,
  `tpo_bitacora` varchar(255) COLLATE utf8_unicode_ci NOT NULL,
  `usu_alta_id` int(10) unsigned NOT NULL,
  `usu_mod_id` int(10) unsigned NOT NULL,
  `created_at` timestamp NOT NULL DEFAULT '0000-00-00 00:00:00',
  `updated_at` timestamp NOT NULL DEFAULT '0000-00-00 00:00:00',
  `deleted_at` timestamp NULL DEFAULT NULL,
  PRIMARY KEY (`id`),
  KEY `ca_tpo_bitacoras_usu_alta_id_foreign` (`usu_alta_id`),
  KEY `ca_tpo_bitacoras_usu_mod_id_foreign` (`usu_mod_id`),
  CONSTRAINT `ca_tpo_bitacoras_usu_alta_id_foreign` FOREIGN KEY (`usu_alta_id`) REFERENCES `users` (`id`),
  CONSTRAINT `ca_tpo_bitacoras_usu_mod_id_foreign` FOREIGN KEY (`usu_mod_id`) REFERENCES `users` (`id`)
) ENGINE=InnoDB AUTO_INCREMENT=10 DEFAULT CHARSET=utf8 COLLATE=utf8_unicode_ci;

-- Volcando datos para la tabla siam_scribe.ca_tpo_bitacoras: ~9 rows (aproximadamente)
/*!40000 ALTER TABLE `ca_tpo_bitacoras` DISABLE KEYS */;
INSERT INTO `ca_tpo_bitacoras` (`id`, `tpo_bitacora`, `usu_alta_id`, `usu_mod_id`, `created_at`, `updated_at`, `deleted_at`) VALUES
	(1, 'AIRE', 1, 1, '0000-00-00 00:00:00', '2015-03-23 16:01:14', NULL),
	(2, 'AGUA', 1, 1, '0000-00-00 00:00:00', '2015-03-23 16:01:17', NULL),
	(3, 'SUELO', 1, 1, '0000-00-00 00:00:00', '2015-03-23 16:01:21', NULL),
	(4, 'RESIDUOS PELIGROSOS', 1, 1, '0000-00-00 00:00:00', '2015-03-23 16:01:25', NULL),
	(5, 'RESIDUOS DE MANEJO ESPECIAL', 1, 1, '0000-00-00 00:00:00', '2015-03-23 16:01:28', NULL),
	(6, 'RUIDO', 1, 1, '0000-00-00 00:00:00', '2015-03-23 16:01:32', NULL),
	(7, 'SEGURIDAD', 1, 1, '0000-00-00 00:00:00', '2015-03-23 16:01:35', NULL),
	(8, 'ENERGIA', 1, 1, '0000-00-00 00:00:00', '2015-03-23 16:01:39', NULL),
	(9, 'RIESGO', 1, 1, '0000-00-00 00:00:00', '2015-03-23 16:01:42', NULL);
/*!40000 ALTER TABLE `ca_tpo_bitacoras` ENABLE KEYS */;


-- Volcando estructura para tabla siam_scribe.ca_tpo_inconformidades
CREATE TABLE IF NOT EXISTS `ca_tpo_inconformidades` (
  `id` int(10) unsigned NOT NULL AUTO_INCREMENT,
  `tpo_inconformidad` varchar(255) COLLATE utf8_unicode_ci NOT NULL,
  `usu_alta_id` int(10) unsigned NOT NULL,
  `usu_mod_id` int(10) unsigned NOT NULL,
  `created_at` timestamp NOT NULL DEFAULT '0000-00-00 00:00:00',
  `updated_at` timestamp NOT NULL DEFAULT '0000-00-00 00:00:00',
  `deleted_at` timestamp NULL DEFAULT NULL,
  PRIMARY KEY (`id`),
  KEY `ca_tpo_inconformidades_usu_alta_id_foreign` (`usu_alta_id`),
  KEY `ca_tpo_inconformidades_usu_mod_id_foreign` (`usu_mod_id`),
  CONSTRAINT `ca_tpo_inconformidades_usu_alta_id_foreign` FOREIGN KEY (`usu_alta_id`) REFERENCES `users` (`id`),
  CONSTRAINT `ca_tpo_inconformidades_usu_mod_id_foreign` FOREIGN KEY (`usu_mod_id`) REFERENCES `users` (`id`)
) ENGINE=InnoDB AUTO_INCREMENT=3 DEFAULT CHARSET=utf8 COLLATE=utf8_unicode_ci;

-- Volcando datos para la tabla siam_scribe.ca_tpo_inconformidades: ~2 rows (aproximadamente)
/*!40000 ALTER TABLE `ca_tpo_inconformidades` DISABLE KEYS */;
INSERT INTO `ca_tpo_inconformidades` (`id`, `tpo_inconformidad`, `usu_alta_id`, `usu_mod_id`, `created_at`, `updated_at`, `deleted_at`) VALUES
	(1, 'tipo  ed', 1, 1, '2015-02-24 10:12:27', '2015-02-24 10:20:58', NULL),
	(2, 'tipo infomrida', 1, 1, '2015-02-24 10:14:16', '2015-02-24 10:14:16', NULL);
/*!40000 ALTER TABLE `ca_tpo_inconformidades` ENABLE KEYS */;


-- Volcando estructura para tabla siam_scribe.ca_tpo_noconformidades
CREATE TABLE IF NOT EXISTS `ca_tpo_noconformidades` (
  `id` int(10) unsigned NOT NULL AUTO_INCREMENT,
  `tpo_bitacora_id` int(10) unsigned NOT NULL,
  `tpo_inconformidad` varchar(500) COLLATE utf8_unicode_ci NOT NULL,
  `usu_alta_id` int(10) unsigned NOT NULL,
  `usu_mod_id` int(10) unsigned NOT NULL,
  `created_at` timestamp NOT NULL DEFAULT '0000-00-00 00:00:00',
  `updated_at` timestamp NOT NULL DEFAULT '0000-00-00 00:00:00',
  `deleted_at` timestamp NULL DEFAULT NULL,
  PRIMARY KEY (`id`),
  KEY `ca_tpo_noconformidades_usu_alta_id_foreign` (`usu_alta_id`),
  KEY `ca_tpo_noconformidades_usu_mod_id_foreign` (`usu_mod_id`),
  KEY `ca_tpo_noconformidades_tpo_bitacora_id_foreign` (`tpo_bitacora_id`),
  CONSTRAINT `ca_tpo_noconformidades_tpo_bitacora_id_foreign` FOREIGN KEY (`tpo_bitacora_id`) REFERENCES `ca_tpo_bitacoras` (`id`),
  CONSTRAINT `ca_tpo_noconformidades_usu_alta_id_foreign` FOREIGN KEY (`usu_alta_id`) REFERENCES `users` (`id`),
  CONSTRAINT `ca_tpo_noconformidades_usu_mod_id_foreign` FOREIGN KEY (`usu_mod_id`) REFERENCES `users` (`id`)
) ENGINE=InnoDB AUTO_INCREMENT=125 DEFAULT CHARSET=utf8 COLLATE=utf8_unicode_ci;

-- Volcando datos para la tabla siam_scribe.ca_tpo_noconformidades: ~124 rows (aproximadamente)
/*!40000 ALTER TABLE `ca_tpo_noconformidades` DISABLE KEYS */;
INSERT INTO `ca_tpo_noconformidades` (`id`, `tpo_bitacora_id`, `tpo_inconformidad`, `usu_alta_id`, `usu_mod_id`, `created_at`, `updated_at`, `deleted_at`) VALUES
	(1, 1, '¿Se observa en buenas condiciones la plataforma de las chimeneas?', 1, 1, '0000-00-00 00:00:00', '0000-00-00 00:00:00', NULL),
	(2, 1, '¿Conoce el personal que labora en las areas con fuentes de emision a la atmosfera, la informacion que debe registrar en la bitacora?', 1, 1, '0000-00-00 00:00:00', '0000-00-00 00:00:00', NULL),
	(3, 1, '¿Esta actualizada la informacion en la bitacora de operacion y mantenimiento de los equipos de proceso y de control de emisiones a la atmosfera? Fecha y firma del operador que captura la informacion', 1, 1, '0000-00-00 00:00:00', '0000-00-00 00:00:00', NULL),
	(4, 1, '¿Cumplen las chimeneas y ductos de emisiones contaminantes con las especificaciones CCAT-FF-001 y CCAT-FF-002?', 1, 1, '0000-00-00 00:00:00', '0000-00-00 00:00:00', NULL),
	(5, 1, '¿Cuenta con fuentes no conducidas de emisiones contaminantes a la atmosfera? En caso afirmativo, plan de acciones para conducir y monitorear las emisiones o justificacion tecnica', 1, 1, '0000-00-00 00:00:00', '0000-00-00 00:00:00', NULL),
	(6, 2, 'En caso de contar con un sistema de tratamiento primario para las aguas residuales, ¿esta en operacion normal dentro de los parametros de diseño?', 1, 1, '0000-00-00 00:00:00', '0000-00-00 00:00:00', NULL),
	(7, 2, 'En caso de contar con un sistema de tratamiento secundario para las aguas residuales, ¿esta en operacion normal dentro de los parametros de diseño?', 1, 1, '0000-00-00 00:00:00', '0000-00-00 00:00:00', NULL),
	(8, 2, '¿Se cuenta con dispositivos para monitoreo de la calidad del agua residual y estan en buenas condiciones de operacion?', 1, 1, '0000-00-00 00:00:00', '0000-00-00 00:00:00', NULL),
	(9, 2, '¿Se cuenta con medidores en el sitio de descarga de agua residual y estan en buenas condiciones y operando normalmente?', 1, 1, '0000-00-00 00:00:00', '0000-00-00 00:00:00', NULL),
	(10, 2, '¿Se cuenta con medidores de agua fresca y estan en buenas condiciones y operando normalmente?', 1, 1, '0000-00-00 00:00:00', '0000-00-00 00:00:00', NULL),
	(11, 2, '¿Pasa toda el agua residual generada por el tratamiento primario? (se constata en un balance)', 1, 1, '0000-00-00 00:00:00', '0000-00-00 00:00:00', NULL),
	(12, 2, '¿Pasa toda el agua residual generada por el tratamiento secundario (se constata en un balance)?', 1, 1, '0000-00-00 00:00:00', '0000-00-00 00:00:00', NULL),
	(13, 2, '¿Se detectan sitios dentro de la planta en donde se desperdicia el agua en forma ostensible (valvulas abiertas, lavado de piso, etc.)?', 1, 1, '0000-00-00 00:00:00', '0000-00-00 00:00:00', NULL),
	(14, 2, '¿Se detectan sitos dentro de la planta en donde se contamina el agua de forma ostensible (derrame de productos quimicos, pintura, aceite, papel, plastico, etc.)?', 1, 1, '0000-00-00 00:00:00', '0000-00-00 00:00:00', NULL),
	(15, 2, '¿Se observa deposito de residuos solidos, materiales o lodos del tratamiento de agua residual en los cuerpos receptores de agua o zonas federales?', 1, 1, '0000-00-00 00:00:00', '0000-00-00 00:00:00', NULL),
	(16, 2, '¿Se observa drenajes industriales fracturados o comunicados con los drenajes pluviales?', 1, 1, '0000-00-00 00:00:00', '0000-00-00 00:00:00', NULL),
	(17, 2, '¿Se observa descarga de agua residual en zonas distintas a las autorizadas en el titulo de concesion?', 1, 1, '0000-00-00 00:00:00', '0000-00-00 00:00:00', NULL),
	(18, 2, '¿Se descarga el agua residual con calidad que esta dentro de los parametros señalados en las CPDs o en la NOM-001-SEMARNAT-1996', 1, 1, '0000-00-00 00:00:00', '0000-00-00 00:00:00', NULL),
	(19, 2, '¿Se encuentra debidamente identificada la tuberia que conduce el agua fresca?', 1, 1, '0000-00-00 00:00:00', '0000-00-00 00:00:00', NULL),
	(20, 2, 'En caso de contar con sistema de tratamiento de las aguas residuales, ¿estan debidamente identificados los tanques y tuberia de agua y productos quimicos?', 1, 1, '0000-00-00 00:00:00', '0000-00-00 00:00:00', NULL),
	(21, 2, '¿Se detectan fugas de agua fresca o residual en bombas?', 1, 1, '0000-00-00 00:00:00', '0000-00-00 00:00:00', NULL),
	(22, 3, '¿Se tiene instalados diques de contencion en todos los transformadores?', 1, 1, '0000-00-00 00:00:00', '0000-00-00 00:00:00', NULL),
	(23, 3, '¿Se observa contaminacion en pisos o tierra (derrames y fugas de aceite lubricante, combustoleo, diesel, productos quimicos)? En caso afirmativo, se debe corregir', 1, 1, '0000-00-00 00:00:00', '0000-00-00 00:00:00', NULL),
	(24, 3, '¿Se observa contaminacion del suelo en las areas donde se almacenan y manejan los residuos peligrosos generados por la empresa? En caso positivo realizar analisis para confirmacion/disposicion.', 1, 1, '0000-00-00 00:00:00', '0000-00-00 00:00:00', NULL),
	(25, 3, '¿Se observa tiradero de residuos de manejo especial o solidos urbanos en terrenos naturales dentro o fuera del predio? Sitios no autorizados para relleno sanitario, en caso afirmativo se debera corregir', 1, 1, '0000-00-00 00:00:00', '0000-00-00 00:00:00', NULL),
	(26, 3, 'El almacen temporal de residuos peligrosos ¿cuenta con diques y fosa de contencion  en buenas condiciones, de manera que se pueda controlar los derrames accidentales?', 1, 1, '0000-00-00 00:00:00', '0000-00-00 00:00:00', NULL),
	(27, 3, '¿Se detecta fuga de productos quimicos en lineas o bombas, que estan contaminando el piso o suelo?', 1, 1, '0000-00-00 00:00:00', '0000-00-00 00:00:00', NULL),
	(28, 3, '¿Cuentan todos los tanques de productos quimicos con dique de contencion? En buenas condiciones y sin conexion al drenaje', 1, 1, '0000-00-00 00:00:00', '0000-00-00 00:00:00', NULL),
	(29, 5, '¿Esta provisto el almacen temporal de residuos peligrosos con diques y fosas de contencion, trincheras o canaletas, pasillo para montacargas, sistemas contra incendio, letreros de identificacion, sin conexion a drenajes, paredes lisas, pisos lisos e impermeables, ventilacion forzada para el caso de cuartos cerrados, pararrayos, detectores de gases?', 1, 1, '0000-00-00 00:00:00', '0000-00-00 00:00:00', NULL),
	(30, 5, 'Verificar si no se rebasa la capacidad instalada del almacen temporal de residuos peligrosos', 1, 1, '0000-00-00 00:00:00', '0000-00-00 00:00:00', NULL),
	(31, 5, 'Verificar si se encuentran identificados y tapados todos los envases de residuos peligrosos', 1, 1, '0000-00-00 00:00:00', '0000-00-00 00:00:00', NULL),
	(32, 5, '¿Estan los residuos peligrosos debidamente clasificados conforme a su compatibilidad?', 1, 1, '0000-00-00 00:00:00', '0000-00-00 00:00:00', NULL),
	(33, 5, '¿Se detentan residuos peligrosos cuya fecha de ingreso indica que ha permanecido en el almacen temporal por mas de seis meses?', 1, 1, '0000-00-00 00:00:00', '0000-00-00 00:00:00', NULL),
	(34, 5, '¿Se detectan residuos no peligrosos en este almacen?', 1, 1, '0000-00-00 00:00:00', '0000-00-00 00:00:00', NULL),
	(35, 5, '¿Se detectan productos quimicos, lubricantes y/u otros insumos en este almacen?', 1, 1, '0000-00-00 00:00:00', '0000-00-00 00:00:00', NULL),
	(36, 5, 'Verificar que las etiquetas de los residuos peligrosos contienen la informacion minima: Titulo de la etiqueta “Residuo Peligroso”, nombre del residuo, area de generacion, caracteristica CRETIB, fecha de ingreso al almacen, nombre de la compañia generadora, direccion de la compañia generadora y responsable tecnico', 1, 1, '0000-00-00 00:00:00', '0000-00-00 00:00:00', NULL),
	(37, 5, 'Verificar que ningun recipiente de residuo peligroso presenta fuga', 1, 1, '0000-00-00 00:00:00', '0000-00-00 00:00:00', NULL),
	(38, 5, 'Verificar que todos los recipientes de residuos peligrosos se encuentran en buenas condiciones y pueden ser transportados sin que haya riesgo de derrames.', 1, 1, '0000-00-00 00:00:00', '0000-00-00 00:00:00', NULL),
	(39, 5, '¿Cuenta la empresa con un almacen temporal para residuos de manejo especial? Y esta provisto con sistema contra incendio ademas de encontrarse debidamente identificado.', 1, 1, '0000-00-00 00:00:00', '0000-00-00 00:00:00', NULL),
	(40, 5, '¿Se almacenan los residuos de manejo especial debidamente clasificados y con identificacion? ', 1, 1, '0000-00-00 00:00:00', '0000-00-00 00:00:00', NULL),
	(41, 5, '¿Cuenta la empresa con un almacen temporal para residuos solidos urbanos? Y esta provisto con sistema contra incendio ademas de encontrarse debidamente identificado.', 1, 1, '0000-00-00 00:00:00', '0000-00-00 00:00:00', NULL),
	(42, 5, '¿Se almacenan los residuos solidos urbanos debidamente clasificados y con identificacion?', 1, 1, '0000-00-00 00:00:00', '0000-00-00 00:00:00', NULL),
	(43, 5, '¿Esta actualizada la informacion en la bitacora de generacion de residuos de manejo especial?', 1, 1, '0000-00-00 00:00:00', '0000-00-00 00:00:00', NULL),
	(44, 5, '¿Esta actualizada la informacion en la bitacora de generacion de residuos solidos urbanos?', 1, 1, '0000-00-00 00:00:00', '0000-00-00 00:00:00', NULL),
	(45, 5, '¿Se observa en algun sitio de la empresa, residuos de manejo especial que no estan siendo manejados o almacenados adecuadamente? Por ejemplo: residuos de construccion o demolicion de edificios, residuos de los servicios de transporte, residuos tecnologicos, etc. ', 1, 1, '0000-00-00 00:00:00', '0000-00-00 00:00:00', NULL),
	(46, 5, '¿Se detectan residuos peligrosos en el almacen de residuos de manejo especial o en el de solidos urbanos?', 1, 1, '0000-00-00 00:00:00', '0000-00-00 00:00:00', NULL),
	(47, 5, '¿Se detectan productos quimicos, lubricantes y/u otros insumos en el almacen de residuos de manejo especial o en el de solidos urbanos?', 1, 1, '0000-00-00 00:00:00', '0000-00-00 00:00:00', NULL),
	(48, 6, '¿Se observan letreros en areas ruidosas que señalan la obligatoriedad de usar equipo de proteccion auditiva?', 1, 1, '0000-00-00 00:00:00', '0000-00-00 00:00:00', NULL),
	(49, 6, '¿Se detecta personal que no usa su equipo de proteccion auditiva en las areas ruidosas?', 1, 1, '0000-00-00 00:00:00', '0000-00-00 00:00:00', NULL),
	(50, 7, '¿Se cuenta con señalizacion y avisos en todas las areas para identificar los tipos de riesgos?', 1, 1, '0000-00-00 00:00:00', '0000-00-00 00:00:00', NULL),
	(51, 7, '¿Se restringe el acceso a las areas de almacenamiento de materiales peligrosos?', 1, 1, '0000-00-00 00:00:00', '0000-00-00 00:00:00', NULL),
	(52, 7, '¿Se cuenta con manuales de operacion en las areas?', 1, 1, '0000-00-00 00:00:00', '0000-00-00 00:00:00', NULL),
	(53, 7, '¿Se cuenta con la bitacora de operacion y mantenimiento de los equipos de coleccion de polvo?', 1, 1, '0000-00-00 00:00:00', '0000-00-00 00:00:00', NULL),
	(54, 7, '¿Se cuenta con una zona de salvaguarda para proteger a la poblacion?', 1, 1, '0000-00-00 00:00:00', '0000-00-00 00:00:00', NULL),
	(55, 7, '¿Se detectan extintores que carecen de identificacion?', 1, 1, '0000-00-00 00:00:00', '0000-00-00 00:00:00', NULL),
	(56, 7, '¿Se detectan extintores que no cumplen con el programa de revision y/o recarga?', 1, 1, '0000-00-00 00:00:00', '0000-00-00 00:00:00', NULL),
	(57, 7, '¿Se detecta sitios marcados con extintores pero que no se encuentra el extintor en su lugar?', 1, 1, '0000-00-00 00:00:00', '0000-00-00 00:00:00', NULL),
	(58, 7, '¿Se detecta algun montacargas cuyo tanque de gas LP no contenga el rombo de seguridad?', 1, 1, '0000-00-00 00:00:00', '0000-00-00 00:00:00', NULL),
	(59, 7, '¿Se observa alguna area que no cuenta con señalizacion suficiente de las rutas de salida?', 1, 1, '0000-00-00 00:00:00', '0000-00-00 00:00:00', NULL),
	(60, 7, '¿Se detectan extintores o hidrantes con acceso obstaculizado?', 1, 1, '0000-00-00 00:00:00', '0000-00-00 00:00:00', NULL),
	(61, 7, '¿Se detectan hidrantes que no cuentan con la respectiva manguera?', 1, 1, '0000-00-00 00:00:00', '0000-00-00 00:00:00', NULL),
	(62, 7, '¿Funcionan los manometros de la tuberia contra incendios?', 1, 1, '0000-00-00 00:00:00', '0000-00-00 00:00:00', NULL),
	(63, 7, '¿Se mantiene la presion adecuada en la red contra incendio?', 1, 1, '0000-00-00 00:00:00', '0000-00-00 00:00:00', NULL),
	(64, 7, '¿Se detectan pasillos peatonales bloqueados con sustancias quimicas, residuos, producto terminado, etc.?', 1, 1, '0000-00-00 00:00:00', '0000-00-00 00:00:00', NULL),
	(65, 7, '¿Cuenta con indicadores de direccion del viento ubicados en puntos estrategicos para tomar decisiones en caso de emergencias?', 1, 1, '0000-00-00 00:00:00', '0000-00-00 00:00:00', NULL),
	(66, 7, '¿Se cuenta con suficientes planos de las rutas de evacuacion ubicados en las areas laborales y almacenes?', 1, 1, '0000-00-00 00:00:00', '0000-00-00 00:00:00', NULL),
	(67, 7, '¿Se cuenta con instrucciones de seguridad para la prevencion y proteccion de incendios aplicables en cada area del centro trabajo al alcance de los trabajadores?', 1, 1, '0000-00-00 00:00:00', '0000-00-00 00:00:00', NULL),
	(68, 7, '¿Cuenta con detectores de humo en los sitios de almacenamiento de materias primas o productos terminados que son combustibles?', 1, 1, '0000-00-00 00:00:00', '0000-00-00 00:00:00', NULL),
	(69, 7, '¿Cuenta con rociadores en los almacenes de materia prima y producto terminado?', 1, 1, '0000-00-00 00:00:00', '0000-00-00 00:00:00', NULL),
	(70, 7, '¿Cuenta con hidrantes suficientes para sofocar un incendio en el area de materias primas y producto terminado?', 1, 1, '0000-00-00 00:00:00', '0000-00-00 00:00:00', NULL),
	(71, 7, '¿Se detecta corrosion en algun punto de la red contra incendio?', 1, 1, '0000-00-00 00:00:00', '0000-00-00 00:00:00', NULL),
	(72, 7, '¿Se detecta fuga de agua en algun punto de la red contra incendio?', 1, 1, '0000-00-00 00:00:00', '0000-00-00 00:00:00', NULL),
	(73, 7, '¿Se encuentran en buen estado las boquillas de las mangueras de los hidrantes?', 1, 1, '0000-00-00 00:00:00', '0000-00-00 00:00:00', NULL),
	(74, 7, '¿Se observan en buenas condiciones las puertas cortafuegos y libres de obstaculos?', 1, 1, '0000-00-00 00:00:00', '0000-00-00 00:00:00', NULL),
	(75, 7, '¿Se encuentran despejadas las salidas y escaleras de emergencia?', 1, 1, '0000-00-00 00:00:00', '0000-00-00 00:00:00', NULL),
	(76, 7, '¿Se cuenta con luz de emergencia en todas las areas para los casos de falla de energia electrica?', 1, 1, '0000-00-00 00:00:00', '0000-00-00 00:00:00', NULL),
	(77, 7, '¿Se observa ruido o vibracion anormal en la bomba principal contra incendios?', 1, 1, '0000-00-00 00:00:00', '0000-00-00 00:00:00', NULL),
	(78, 7, '¿Se observa ruido o vibracion anormal en la bomba auxiliar contra incendios?', 1, 1, '0000-00-00 00:00:00', '0000-00-00 00:00:00', NULL),
	(79, 7, '¿Se cuenta con bomba operada por baterias y diesel para los casos de falla de energia electrica?', 1, 1, '0000-00-00 00:00:00', '0000-00-00 00:00:00', NULL),
	(80, 7, '¿Se observa deterioro en la instalacion electrica de las bombas contra incendio?', 1, 1, '0000-00-00 00:00:00', '0000-00-00 00:00:00', NULL),
	(81, 7, '¿Se observa fugas de diesel en la linea que alimenta a las bombas contra incendio?', 1, 1, '0000-00-00 00:00:00', '0000-00-00 00:00:00', NULL),
	(82, 7, '¿Se encuentra lleno el deposito de diesel que alimenta a las bombas contra incendio?', 1, 1, '0000-00-00 00:00:00', '0000-00-00 00:00:00', NULL),
	(83, 7, '¿Cuenta con valvula abierta normalmente, la linea de diesel que alimenta a las bombas contra incendio?', 1, 1, '0000-00-00 00:00:00', '0000-00-00 00:00:00', NULL),
	(84, 7, '¿Se encuentran normalmente cargadas las baterias para accionar las bombas contra incendio?', 1, 1, '0000-00-00 00:00:00', '0000-00-00 00:00:00', NULL),
	(85, 7, '¿Contiene suficiente liquido refrigerante el motor de la bomba contra incendio?', 1, 1, '0000-00-00 00:00:00', '0000-00-00 00:00:00', NULL),
	(86, 7, '¿Contiene suficiente aceite el motor de la bomba contra incendio?', 1, 1, '0000-00-00 00:00:00', '0000-00-00 00:00:00', NULL),
	(87, 7, '¿Se encuentra normalmente lleno el tanque de agua del sistema contra incendio?', 1, 1, '0000-00-00 00:00:00', '0000-00-00 00:00:00', NULL),
	(88, 7, '¿Se encuentran los detectores de humo conectados al sistema de alarma en el cuarto de bomberos?', 1, 1, '0000-00-00 00:00:00', '0000-00-00 00:00:00', NULL),
	(89, 7, '¿Se observan mangueras con daño mecanico, termico o quimico, por lo que pudieran fallar en caso de emergencia?', 1, 1, '0000-00-00 00:00:00', '0000-00-00 00:00:00', NULL),
	(90, 7, '¿Se encuentra en buenas condiciones el equipo de proteccion personal de los integrantes de la brigada contra incendio?', 1, 1, '0000-00-00 00:00:00', '0000-00-00 00:00:00', NULL),
	(91, 7, '¿Son suficientes y se encuentran en buenas condiciones los equipos de comunicacion para atender emergencias?', 1, 1, '0000-00-00 00:00:00', '0000-00-00 00:00:00', NULL),
	(92, 7, '¿Cuenta la brigada de primeros auxilios con los implementos necesarios para atender emergencias?', 1, 1, '0000-00-00 00:00:00', '0000-00-00 00:00:00', NULL),
	(93, 7, '¿Se observan boquillas de manqueras contra incendio, sucias o con partes moviles atascadas?', 1, 1, '0000-00-00 00:00:00', '0000-00-00 00:00:00', NULL),
	(94, 7, '¿Se observa fuga en alguna valvula de gabinete para mangueras?', 1, 1, '0000-00-00 00:00:00', '0000-00-00 00:00:00', NULL),
	(95, 7, '¿Se observa luces de emergencia desconectadas, deterioradas o que les falta el bulbo?', 1, 1, '0000-00-00 00:00:00', '0000-00-00 00:00:00', NULL),
	(96, 7, '¿Se observa tuberia en malas condiciones, sin identificacion o con fuga de productos quimicos?', 1, 1, '0000-00-00 00:00:00', '0000-00-00 00:00:00', NULL),
	(97, 7, '¿Se detectan instalaciones electricas en mal estado o provisionales que pudieran causar un incendio?', 1, 1, '0000-00-00 00:00:00', '0000-00-00 00:00:00', NULL),
	(98, 7, '¿Se observan tanques de combustibles que presentan fugas, corrosion o no tienen identificacion?', 1, 1, '0000-00-00 00:00:00', '0000-00-00 00:00:00', NULL),
	(99, 7, '¿Se observa equipos de respiracion autonoma en mal estado o con partes faltantes?', 1, 1, '0000-00-00 00:00:00', '0000-00-00 00:00:00', NULL),
	(100, 7, '¿Se observa equipos de respiracion autonoma vacios?', 1, 1, '0000-00-00 00:00:00', '0000-00-00 00:00:00', NULL),
	(101, 7, '¿Se observan mascarillas de respiracion que carecen del filtro o se encuentran deterioradas?', 1, 1, '0000-00-00 00:00:00', '0000-00-00 00:00:00', NULL),
	(102, 2, '¿Se cuenta con letreros que invitan al personal para no desperdiciar la energia?', 1, 1, '0000-00-00 00:00:00', '0000-00-00 00:00:00', NULL),
	(103, 2, '¿Se detectan algunas areas de la empresa que desperdician energia electrica? Por ejemplo: lamparas encendidas en donde o cuando no es necesario, motores operando sin una razon, etc.', 1, 1, '0000-00-00 00:00:00', '0000-00-00 00:00:00', NULL),
	(104, 2, '¿Se detectan algunas areas de la empresa que desperdician energia termica? Por ejemplo: fugas de vapor, equipos de calentamiento que operan sin ser necesario, etc.', 1, 1, '0000-00-00 00:00:00', '0000-00-00 00:00:00', NULL),
	(105, 2, '¿Cuentan con tarimas aislantes los transformadores para evitar daños a los operadores?', 1, 1, '0000-00-00 00:00:00', '0000-00-00 00:00:00', NULL),
	(106, 2, '¿Cuentan con letreros de acceso restringido en subestacion electrica principal?', 1, 1, '0000-00-00 00:00:00', '0000-00-00 00:00:00', NULL),
	(107, 2, '¿Cuenta con letrero de acceso restringido en subestaciones electricas de las areas operativas?', 1, 1, '0000-00-00 00:00:00', '0000-00-00 00:00:00', NULL),
	(108, 5, '¿Se detecta anomalias en el sistema de tierras de la estacion de carburacion de montacargas?', 1, 1, '0000-00-00 00:00:00', '0000-00-00 00:00:00', NULL),
	(109, 5, '¿Se encuentra debidamente identificado el cilindro de gas LP de la estacion de carburacion de montacargas?', 1, 1, '0000-00-00 00:00:00', '0000-00-00 00:00:00', NULL),
	(110, 5, '¿Se encuentra el procedimiento de operacion colocado  y perfectamente visible en la estacion de carburacion de montacargas?', 1, 1, '0000-00-00 00:00:00', '0000-00-00 00:00:00', NULL),
	(111, 5, '¿Cuenta con sistema de aparta rayos la estacion de carburacion de montacargas?', 1, 1, '0000-00-00 00:00:00', '0000-00-00 00:00:00', NULL),
	(112, 5, '¿Esta la tuberia en la estacion de carburacion de montacargas identificada, con flecha de direccion de flujo y los colores reglamentarios?', 1, 1, '0000-00-00 00:00:00', '0000-00-00 00:00:00', NULL),
	(113, 5, '¿Se tiene señalizacion de transito en las areas de recepcion de materia prima y salida de producto terminado? Debe considerarse pasillo peatonal y circulacion de vehiculos. ', 1, 1, '0000-00-00 00:00:00', '0000-00-00 00:00:00', NULL),
	(114, 5, '¿Se tiene señalizacion para restringir la velocidad de los vehiculos automotores que ingresan a la planta?', 1, 1, '0000-00-00 00:00:00', '0000-00-00 00:00:00', NULL),
	(115, 5, '¿Se detecta falta de mantenimiento en las calles interiores de la planta que puedan ocasionar un accidente de los vehiculos automotores que ingresan a la planta?', 1, 1, '0000-00-00 00:00:00', '0000-00-00 00:00:00', NULL),
	(116, 5, '¿Se observa falta de mantenimiento en las espuelas de ferrocarril que pueda ser la causa de un accidente?', 1, 1, '0000-00-00 00:00:00', '0000-00-00 00:00:00', NULL),
	(117, 5, '¿Se detectan vehiculos automotores estacionados para maniobras de carga o descarga, que no estan asegurados para impedir movimientos accidentales?', 1, 1, '0000-00-00 00:00:00', '0000-00-00 00:00:00', NULL),
	(118, 5, '¿Se detectan carro-tanques o furgones de ferrocarril que no estan asegurados para impedir movimientos accidentales?', 1, 1, '0000-00-00 00:00:00', '0000-00-00 00:00:00', NULL),
	(119, 5, '¿Se detectan contactos diferentes de los de 110 Volts, que no estan identificados?', 1, 1, '0000-00-00 00:00:00', '0000-00-00 00:00:00', NULL),
	(120, 5, '¿Se detecta derrame de algun producto quimico en el area de almacenamiento?', 1, 1, '0000-00-00 00:00:00', '0000-00-00 00:00:00', NULL),
	(121, 5, '¿Se detecta recipientes de productos quimicos que no cuentan con etiqueta de identificacion o se encuentra borrosa?', 1, 1, '0000-00-00 00:00:00', '0000-00-00 00:00:00', NULL),
	(122, 5, '¿Se detectan tuberias que conducen productos quimicos y carecen de identificacion y notificacion de riesgos?', 1, 1, '0000-00-00 00:00:00', '0000-00-00 00:00:00', NULL),
	(123, 5, '¿Se encuentran debidamente pintadas e identificadas las tuberias de gas natural?', 1, 1, '0000-00-00 00:00:00', '0000-00-00 00:00:00', NULL),
	(124, 5, '¿Se detectan cilindros de gases inflamables/explosivos que no estan sujetados a un rack de soporte?', 1, 1, '0000-00-00 00:00:00', '0000-00-00 00:00:00', NULL);
/*!40000 ALTER TABLE `ca_tpo_noconformidades` ENABLE KEYS */;


-- Volcando estructura para tabla siam_scribe.checkls
CREATE TABLE IF NOT EXISTS `checkls` (
  `id` int(10) unsigned NOT NULL AUTO_INCREMENT,
  `check_id` int(10) unsigned NOT NULL,
  `a_chequeo` int(10) unsigned NOT NULL,
  `norma_id` int(10) unsigned NOT NULL,
  `no_conformidad` varchar(500) COLLATE utf8_unicode_ci NOT NULL,
  `especifico` varchar(500) COLLATE utf8_unicode_ci NOT NULL,
  `requisito` varchar(500) COLLATE utf8_unicode_ci NOT NULL,
  `rnc` varchar(255) COLLATE utf8_unicode_ci NOT NULL,
  `minimo_vsm` decimal(8,2) NOT NULL,
  `maximo_vsm` decimal(8,2) NOT NULL,
  `cumplimiento` int(10) unsigned NOT NULL,
  `monto_min` decimal(8,2) NOT NULL,
  `monto_medio` decimal(8,2) NOT NULL,
  `monto_max` decimal(8,2) NOT NULL,
  `correccion` varchar(500) COLLATE utf8_unicode_ci NOT NULL,
  `correccion_detallada` varchar(500) COLLATE utf8_unicode_ci NOT NULL,
  `t_semanas` int(11) NOT NULL,
  `responsable` varchar(255) COLLATE utf8_unicode_ci NOT NULL,
  `monto_estimado` float(8,2) NOT NULL,
  `usu_alta_id` int(10) unsigned NOT NULL,
  `usu_mod_id` int(10) unsigned NOT NULL,
  `created_at` timestamp NOT NULL DEFAULT '0000-00-00 00:00:00',
  `updated_at` timestamp NOT NULL DEFAULT '0000-00-00 00:00:00',
  `deleted_at` timestamp NULL DEFAULT NULL,
  PRIMARY KEY (`id`),
  KEY `checkls_usu_alta_id_foreign` (`usu_alta_id`),
  KEY `checkls_usu_mod_id_foreign` (`usu_mod_id`),
  KEY `checkls_check_id_foreign` (`check_id`),
  KEY `checkls_a_chequeo_foreign` (`a_chequeo`),
  KEY `checkls_norma_id_foreign` (`norma_id`),
  KEY `checkls_cumplimiento_foreign` (`cumplimiento`),
  CONSTRAINT `checkls_a_chequeo_foreign` FOREIGN KEY (`a_chequeo`) REFERENCES `achecks` (`id`),
  CONSTRAINT `checkls_check_id_foreign` FOREIGN KEY (`check_id`) REFERENCES `checks` (`id`),
  CONSTRAINT `checkls_cumplimiento_foreign` FOREIGN KEY (`cumplimiento`) REFERENCES `cumplimientos` (`id`),
  CONSTRAINT `checkls_norma_id_foreign` FOREIGN KEY (`norma_id`) REFERENCES `normas` (`id`),
  CONSTRAINT `checkls_usu_alta_id_foreign` FOREIGN KEY (`usu_alta_id`) REFERENCES `users` (`id`),
  CONSTRAINT `checkls_usu_mod_id_foreign` FOREIGN KEY (`usu_mod_id`) REFERENCES `users` (`id`)
) ENGINE=InnoDB AUTO_INCREMENT=176 DEFAULT CHARSET=utf8 COLLATE=utf8_unicode_ci;

-- Volcando datos para la tabla siam_scribe.checkls: ~175 rows (aproximadamente)
/*!40000 ALTER TABLE `checkls` DISABLE KEYS */;
INSERT INTO `checkls` (`id`, `check_id`, `a_chequeo`, `norma_id`, `no_conformidad`, `especifico`, `requisito`, `rnc`, `minimo_vsm`, `maximo_vsm`, `cumplimiento`, `monto_min`, `monto_medio`, `monto_max`, `correccion`, `correccion_detallada`, `t_semanas`, `responsable`, `monto_estimado`, `usu_alta_id`, `usu_mod_id`, `created_at`, `updated_at`, `deleted_at`) VALUES
	(1, 2, 1, 1, 'Default', '', '5.1 Mostrar a la autoridad del trabajo, cuando asi lo solicite, los documentos que la presente Norma le obligue a elaborar o poseer', 'fracc. 5.1, Inc. . ,  NOM-006-STPS-2000', 200.00, 600.00, 1, 14000.00, 28000.00, 42000.00, 'Default', '', 0, '', 0.00, 1, 1, '2015-04-18 19:01:00', '2015-04-18 19:01:00', NULL),
	(2, 2, 1, 1, 'Default', '', '5.2 Informar a los trabajadores de los riesgos potenciales a que se enfrentan por el manejo de materiales. Dicha informacion debe contener como elementos los factores y condiciones peligrosas delcentro de trabajo que puedan afectar su salud o integridad fisica, y considerar, en la carga manual de materiales, al menos su peso, forma y dimensiones, y en el manejo con maquinaria, al menos lo siguiente:', 'fracc. 5.2, Inc. . ,  NOM-006-STPS-2000', 200.00, 600.00, 1, 14000.00, 28000.00, 42000.00, 'Default', '', 0, '', 0.00, 1, 1, '2015-04-18 19:01:00', '2015-04-18 19:01:00', NULL),
	(3, 2, 1, 1, 'Default', '', 'a) el estado de la materia;', 'fracc. 5.2, Inc.a. ,  NOM-006-STPS-2000', 200.00, 600.00, 1, 14000.00, 28000.00, 42000.00, 'Default', '', 0, '', 0.00, 1, 1, '2015-04-18 19:01:00', '2015-04-18 19:01:00', NULL),
	(4, 2, 1, 1, 'Default', '', 'b) la presentacion de la materia, que puede ser:', 'fracc. 5.2, Inc.b. ,  NOM-006-STPS-2000', 200.00, 600.00, 1, 14000.00, 28000.00, 42000.00, 'Default', '', 0, '', 0.00, 1, 1, '2015-04-18 19:01:00', '2015-04-18 19:01:00', NULL),
	(5, 2, 1, 1, 'Default', '', '1) a granel;', 'fracc. 5.2, Inc.b.1,  NOM-006-STPS-2000', 200.00, 600.00, 1, 14000.00, 28000.00, 42000.00, 'Default', '', 0, '', 0.00, 1, 1, '2015-04-18 19:01:00', '2015-04-18 19:01:00', NULL),
	(6, 2, 1, 1, 'Default', '', '2) por pieza suelta;', 'fracc. 5.2, Inc.b.2,  NOM-006-STPS-2000', 200.00, 600.00, 1, 14000.00, 28000.00, 42000.00, 'Default', '', 0, '', 0.00, 1, 1, '2015-04-18 19:01:00', '2015-04-18 19:01:00', NULL),
	(7, 2, 1, 1, 'Default', '', '3) envasada;', 'fracc. 5.2, Inc.b.3,  NOM-006-STPS-2000', 200.00, 600.00, 1, 14000.00, 28000.00, 42000.00, 'Default', '', 0, '', 0.00, 1, 1, '2015-04-18 19:01:00', '2015-04-18 19:01:00', NULL),
	(8, 2, 1, 1, 'Default', '', '4) empacada;', 'fracc. 5.2, Inc.b.4,  NOM-006-STPS-2000', 200.00, 600.00, 1, 14000.00, 28000.00, 42000.00, 'Default', '', 0, '', 0.00, 1, 1, '2015-04-18 19:01:00', '2015-04-18 19:01:00', NULL),
	(9, 2, 1, 1, 'Default', '', '5) en contenedores;', 'fracc. 5.2, Inc.b.5,  NOM-006-STPS-2000', 200.00, 600.00, 1, 14000.00, 28000.00, 42000.00, 'Default', '', 0, '', 0.00, 1, 1, '2015-04-18 19:01:00', '2015-04-18 19:01:00', NULL),
	(10, 2, 1, 1, 'Default', '', 'c) la maquinaria empleada;', 'fracc. 5.2, Inc.c . ,  NOM-006-STPS-2000', 200.00, 600.00, 1, 14000.00, 28000.00, 42000.00, 'Default', '', 0, '', 0.00, 1, 1, '2015-04-18 19:01:00', '2015-04-18 19:01:00', NULL),
	(11, 2, 1, 1, 'Default', '', 'd) el procedimiento de carga;', 'fracc. 5.2, Inc.d. ,  NOM-006-STPS-2000', 200.00, 600.00, 1, 14000.00, 28000.00, 42000.00, 'Default', '', 0, '', 0.00, 1, 1, '2015-04-18 19:01:00', '2015-04-18 19:01:00', NULL),
	(12, 2, 1, 1, 'Default', '', 'e) la estabilidad de los materiales o contenedores;', 'fracc. 5.2, Inc.e. ,  NOM-006-STPS-2000', 200.00, 600.00, 1, 14000.00, 28000.00, 42000.00, 'Default', '', 0, '', 0.00, 1, 1, '2015-04-18 19:01:00', '2015-04-18 19:01:00', NULL),
	(13, 2, 1, 1, 'Default', '', 'f) la altura de la estiba;', 'fracc. 5.2, Inc.f. ,  NOM-006-STPS-2000', 200.00, 600.00, 1, 14000.00, 28000.00, 42000.00, 'Default', '', 0, '', 0.00, 1, 1, '2015-04-18 19:01:00', '2015-04-18 19:01:00', NULL),
	(14, 2, 1, 1, 'Default', '', 'g) el peso, forma y dimensiones de los materiales o contenedores;', 'fracc. 5.2, Inc.g. ,  NOM-006-STPS-2000', 200.00, 600.00, 1, 14000.00, 28000.00, 42000.00, 'Default', '', 0, '', 0.00, 1, 1, '2015-04-18 19:01:00', '2015-04-18 19:01:00', NULL),
	(15, 2, 1, 1, 'Default', '', 'h) los elementos de sujecion de los materiales o contenedores.', 'fracc. 5.2, Inc.h. ,  NOM-006-STPS-2000', 200.00, 600.00, 1, 14000.00, 28000.00, 42000.00, 'Default', '', 0, '', 0.00, 1, 1, '2015-04-18 19:01:00', '2015-04-18 19:01:00', NULL),
	(16, 2, 1, 1, 'Default', '', '5.3 Contar con un listado actualizado de los trabajadores autorizados y capacitados para la instalacion, operacion y mantenimiento de la maquinaria utilizada para el manejo de materiales, cuando por el riesgo que puedan generar asi se requiera. Lo anterior, de acuerdo a los procedimientos de seguridad e higiene a que se refiere el capitulo 7.', 'fracc. 5.3, Inc. . ,  NOM-006-STPS-2000', 200.00, 600.00, 1, 14000.00, 28000.00, 42000.00, 'Default', '', 0, '', 0.00, 1, 1, '2015-04-18 19:01:00', '2015-04-18 19:01:00', NULL),
	(17, 2, 1, 1, 'Default', '', '5.4 Contar con los procedimientos de seguridad e higiene, escritos en idioma espa', 'fracc. 5.4, Inc. . ,  NOM-006-STPS-2000', 200.00, 600.00, 1, 14000.00, 28000.00, 42000.00, 'Default', '', 0, '', 0.00, 1, 1, '2015-04-18 19:01:00', '2015-04-18 19:01:00', NULL),
	(18, 2, 1, 1, 'Default', '', '5.5 Contar con un codigo de se', 'fracc. 5.5, Inc. . ,  NOM-006-STPS-2000', 200.00, 600.00, 1, 14000.00, 28000.00, 42000.00, 'Default', '', 0, '', 0.00, 1, 1, '2015-04-18 19:01:00', '2015-04-18 19:01:00', NULL),
	(19, 2, 1, 1, 'Default', '', '5.6 Dotar a los trabajadores del equipo de proteccion personal especifico, de acuerdo al riesgo al que se exponen, y capacitarlos en su uso y mantenimiento. Lo anterior, de acuerdo a lo establecido en la NOM-017-STPS-1993.', 'fracc. 5.6, Inc. . ,  NOM-006-STPS-2000', 200.00, 600.00, 1, 14000.00, 28000.00, 42000.00, 'Default', '', 0, '', 0.00, 1, 1, '2015-04-18 19:01:00', '2015-04-18 19:01:00', NULL),
	(20, 2, 1, 1, 'Default', '', '5.7 Mantener las areas de trabajo libres de obstaculos y los suelos limpios. Las estibas no deben obstaculizar la iluminacion y ventilacion en las zonas en que estas se requieran.', 'fracc. 5.7, Inc. . ,  NOM-006-STPS-2000', 200.00, 600.00, 1, 14000.00, 28000.00, 42000.00, 'Default', '', 0, '', 0.00, 1, 1, '2015-04-18 19:01:00', '2015-04-18 19:01:00', NULL),
	(21, 2, 1, 1, 'Default', '', '5.8 Contar al menos con botiquin, manual y personal capacitado para prestar los primeros auxilios. Lo anterior, de acuerdo al tipo de riesgos a que se exponen los trabajadores que realizan manejo de materiales.', 'fracc. 5.8, Inc. . ,  NOM-006-STPS-2000', 200.00, 600.00, 1, 14000.00, 28000.00, 42000.00, 'Default', '', 0, '', 0.00, 1, 1, '2015-04-18 19:01:00', '2015-04-18 19:01:00', NULL),
	(22, 2, 1, 1, 'Default', '', '5.9 Contar con personal equipado y capacitado para realizar actividades de rescate y salvamento de conformidad a lo que establece el capitulo 7, en aquellos lugares donde se realice manejo de materiales con maquinaria y donde exista el riesgo de caida al agua. La cantidad de dicho personal debe determinarse en funcion del numero de trabajadores expuestos al riesgo.', 'fracc. 5.9, Inc. . ,  NOM-006-STPS-2000', 200.00, 600.00, 1, 14000.00, 28000.00, 42000.00, 'Default', '', 0, '', 0.00, 1, 1, '2015-04-18 19:01:00', '2015-04-18 19:01:00', NULL),
	(23, 2, 1, 1, 'Default', '', '5.10 Someter a mantenimiento preventivo la maquinaria y sus accesorios empleados en el manejo de materiales, y registrarlo en apego a un programa que se establezca en funcion de las recomendaciones del fabricante, de las condiciones de operacion y de los resultados de las revisiones que se le realicen, de acuerdo a los procedimientos de seguridad e higiene a que se refiere el capitulo 7.', 'fracc. 5.10, Inc. . ,  NOM-006-STPS-2000', 200.00, 600.00, 1, 14000.00, 28000.00, 42000.00, 'Default', '', 0, '', 0.00, 1, 1, '2015-04-18 19:01:00', '2015-04-18 19:01:00', NULL),
	(24, 2, 1, 1, 'Default', '', '5.11 Contar con el registro de la vigilancia a la salud de los trabajadores, que en las actividades de carga manual de materiales esten expuestos a sobreesfuerzo muscular o postural, de conformidad con lo establecido en los procedimientos a que se refieren los apartados 8.2 y 8.3.', 'fracc. 5.11, Inc. . ,  NOM-006-STPS-2000', 200.00, 600.00, 1, 14000.00, 28000.00, 42000.00, 'Default', '', 0, '', 0.00, 1, 1, '2015-04-18 19:01:00', '2015-04-18 19:01:00', NULL),
	(25, 2, 1, 1, 'Default', '', '6 Obligaciones de los trabajadores', 'fracc. 6.0, Inc. . ,  NOM-006-STPS-2000', 200.00, 600.00, 1, 14000.00, 28000.00, 42000.00, 'Default', '', 0, '', 0.00, 1, 1, '2015-04-18 19:01:00', '2015-04-18 19:01:00', NULL),
	(26, 2, 1, 1, 'Default', '', '6.1 Participar en la capacitacion que les proporcione el patron.', 'fracc. 6.1, Inc. . ,  NOM-006-STPS-2000', 200.00, 600.00, 1, 14000.00, 28000.00, 42000.00, 'Default', '', 0, '', 0.00, 1, 1, '2015-04-18 19:01:00', '2015-04-18 19:01:00', NULL),
	(27, 2, 1, 1, 'Default', '', '6.2 lnstalar, operar y dar mantenimiento, unicamente a la maquinaria para la que esten autorizados por el patron y de acuerdo a los procedimientos de seguridad e higiene.', 'fracc. 6.2, Inc. . ,  NOM-006-STPS-2000', 200.00, 600.00, 1, 14000.00, 28000.00, 42000.00, 'Default', '', 0, '', 0.00, 1, 1, '2015-04-18 19:01:00', '2015-04-18 19:01:00', NULL),
	(28, 2, 1, 1, 'Default', '', '6.3 Reportar al patron y a la comision de seguridad e higiene las situaciones de riesgo que detecten, que no puedan corregir por si mismos y que pongan en peligro su integridad fisica, la de otros trabajadores, o a las instalaciones del centro de trabajo.', 'fracc. 6.3, Inc. . ,  NOM-006-STPS-2000', 200.00, 600.00, 1, 14000.00, 28000.00, 42000.00, 'Default', '', 0, '', 0.00, 1, 1, '2015-04-18 19:01:00', '2015-04-18 19:01:00', NULL),
	(29, 2, 1, 1, 'Default', '', '6.4 Utilizar el equipo de proteccion personal, de acuerdo a las instrucciones de uso y mantenimiento proporcionadas por el patron.', 'fracc. 6.4, Inc. . ,  NOM-006-STPS-2000', 200.00, 600.00, 1, 14000.00, 28000.00, 42000.00, 'Default', '', 0, '', 0.00, 1, 1, '2015-04-18 19:01:00', '2015-04-18 19:01:00', NULL),
	(30, 2, 1, 1, 'Default', '', '6.5 No alterar, suprimir u omitir los dispositivos, sistemas o procedimientos de seguridad e higiene establecidos por el patron.', 'fracc. 6.5, Inc. . ,  NOM-006-STPS-2000', 200.00, 600.00, 1, 14000.00, 28000.00, 42000.00, 'Default', '', 0, '', 0.00, 1, 1, '2015-04-18 19:01:00', '2015-04-18 19:01:00', NULL),
	(31, 2, 1, 1, 'Default', '', '6.6 Someterse, en funcion al riesgo al que estan expuestos, a los examenes medicos que indique el patron.', 'fracc. 6.6, Inc. . ,  NOM-006-STPS-2000', 200.00, 600.00, 1, 14000.00, 28000.00, 42000.00, 'Default', '', 0, '', 0.00, 1, 1, '2015-04-18 19:01:00', '2015-04-18 19:01:00', NULL),
	(32, 2, 1, 1, 'Default', '', '7 Procedimientos de seguridad e higiene Para instalar, operar o dar mantenimiento a la maquinaria, los procedimientos de seguridad e higiene deben contener, como minimo, lo siguiente:', 'fracc. 7., Inc..,  NOM-006-STPS-2000', 200.00, 600.00, 1, 14000.00, 28000.00, 42000.00, 'Default', '', 0, '', 0.00, 1, 1, '2015-04-18 19:01:00', '2015-04-18 19:01:00', NULL),
	(33, 2, 1, 1, 'Default', '', '7.1 Para polipastos y malacates, segun aplique, al menos instrucciones para que:', 'fracc. 7.1, Inc..,  NOM-006-STPS-2000', 200.00, 600.00, 1, 14000.00, 28000.00, 42000.00, 'Default', '', 0, '', 0.00, 1, 1, '2015-04-18 19:01:00', '2015-04-18 19:01:00', NULL),
	(34, 2, 1, 1, 'Default', '', 'a) en la instalacion se tomen en consideracion las recomendaciones del fabricante;', 'fracc. 7.1, Inc.a.,  NOM-006-STPS-2000', 200.00, 600.00, 1, 14000.00, 28000.00, 42000.00, 'Default', '', 0, '', 0.00, 1, 1, '2015-04-18 19:01:00', '2015-04-18 19:01:00', NULL),
	(35, 2, 1, 1, 'Default', '', 'b) se revise su instalacion y sus partes, a fin de detectar signos de ruptura, fatiga, deformacion u otra condicion que pudiera generar riesgos a los trabajadores o a las instalaciones, de acuerdo con el programa de mantenimiento que para tal efecto se establezca con las recomendaciones del fabricante. Se recomienda ver la Guia de Referencia I, no obligatoria;', 'fracc. 7.1, Inc.b.,  NOM-006-STPS-2000', 200.00, 600.00, 1, 14000.00, 28000.00, 42000.00, 'Default', '', 0, '', 0.00, 1, 1, '2015-04-18 19:01:00', '2015-04-18 19:01:00', NULL),
	(36, 2, 1, 1, 'Default', '', 'c) se evite que la ubicacion y puntos de anclaje constituyan un factor de riesgo;', 'fracc. 7.1, Inc.c.,  NOM-006-STPS-2000', 200.00, 600.00, 1, 14000.00, 28000.00, 42000.00, 'Default', '', 0, '', 0.00, 1, 1, '2015-04-18 19:01:00', '2015-04-18 19:01:00', NULL),
	(37, 2, 1, 1, 'Default', '', 'd) cuando el cable este sujeto a tension, no roce contra superficies que lo puedan cortar o da', 'fracc. 7.1, Incd..,  NOM-006-STPS-2000', 200.00, 600.00, 1, 14000.00, 28000.00, 42000.00, 'Default', '', 0, '', 0.00, 1, 1, '2015-04-18 19:01:00', '2015-04-18 19:01:00', NULL),
	(38, 2, 1, 1, 'Default', '', 'e) se provea el libre acceso y el espacio necesario para su operacion;', 'fracc. 7.1, Inc.e.,  NOM-006-STPS-2000', 200.00, 600.00, 1, 14000.00, 28000.00, 42000.00, 'Default', '', 0, '', 0.00, 1, 1, '2015-04-18 19:01:00', '2015-04-18 19:01:00', NULL),
	(39, 2, 1, 1, 'Default', '', 'f) al montar un polipasto sobre un carro monorriel, se verifique que esten instalados los topes en los limites del area de operacion;', 'fracc. 7.1, Inc.f.,  NOM-006-STPS-2000', 200.00, 600.00, 1, 14000.00, 28000.00, 42000.00, 'Default', '', 0, '', 0.00, 1, 1, '2015-04-18 19:01:00', '2015-04-18 19:01:00', NULL),
	(40, 2, 1, 1, 'Default', '', 'g) se verifique que todos los tornillos y tuercas esten correctamente apretados; 50 DIARIO OFICIAL viernes 09 de marzo de 2001', 'fracc. 7.1, Inc.g.,  NOM-006-STPS-2000', 200.00, 600.00, 1, 14000.00, 28000.00, 42000.00, 'Default', '', 0, '', 0.00, 1, 1, '2015-04-18 19:01:00', '2015-04-18 19:01:00', NULL),
	(41, 2, 1, 1, 'Default', '', 'h) se verifique que todo polipasto electrico este conectado a tierra, de acuerdo a lo establecido en el capitulo 610. G de la NOM-001-SEDE-1999;', 'fracc. 7.1, Inc.h.,  NOM-006-STPS-2000', 200.00, 600.00, 1, 14000.00, 28000.00, 42000.00, 'Default', '', 0, '', 0.00, 1, 1, '2015-04-18 19:01:00', '2015-04-18 19:01:00', NULL),
	(42, 2, 1, 1, 'Default', '', 'i) en la instalacion, se consideren al menos y, segun sea el caso, los puntos siguientes:', 'fracc. 7.1, Inc.i.,  NOM-006-STPS-2000', 200.00, 600.00, 1, 14000.00, 28000.00, 42000.00, 'Default', '', 0, '', 0.00, 1, 1, '2015-04-18 19:01:00', '2015-04-18 19:01:00', NULL),
	(43, 2, 1, 1, 'Default', '', '1) fijacion en el carro;', 'fracc. 7.1, Inc.i.1,  NOM-006-STPS-2000', 200.00, 600.00, 1, 14000.00, 28000.00, 42000.00, 'Default', '', 0, '', 0.00, 1, 1, '2015-04-18 19:01:00', '2015-04-18 19:01:00', NULL),
	(44, 2, 1, 1, 'Default', '', '2) ensamble y desensamble;', 'fracc. 7.1, Inc.i.2,  NOM-006-STPS-2000', 200.00, 600.00, 1, 14000.00, 28000.00, 42000.00, 'Default', '', 0, '', 0.00, 1, 1, '2015-04-18 19:01:00', '2015-04-18 19:01:00', NULL),
	(45, 2, 1, 1, 'Default', '', '3) montaje y suspension del cable o cadena;', 'fracc. 7.1, Inc.i.3,  NOM-006-STPS-2000', 200.00, 600.00, 1, 14000.00, 28000.00, 42000.00, 'Default', '', 0, '', 0.00, 1, 1, '2015-04-18 19:01:00', '2015-04-18 19:01:00', NULL),
	(46, 2, 1, 1, 'Default', '', '4) fijacion de la caja receptora;', 'fracc. 7.1, Inc.i.4,  NOM-006-STPS-2000', 200.00, 600.00, 1, 14000.00, 28000.00, 42000.00, 'Default', '', 0, '', 0.00, 1, 1, '2015-04-18 19:01:00', '2015-04-18 19:01:00', NULL),
	(47, 2, 1, 1, 'Default', '', '5) alimentacion de energia, incluyendo los diagramas electricos;', 'fracc. 7.1, Inc.i.5,  NOM-006-STPS-2000', 200.00, 600.00, 1, 14000.00, 28000.00, 42000.00, 'Default', '', 0, '', 0.00, 1, 1, '2015-04-18 19:01:00', '2015-04-18 19:01:00', NULL),
	(48, 2, 1, 1, 'Default', '', 'j) la CMU no sea excedida, este marcada en el polipasto y sea legible;', 'fracc. 7.1, Inc.j.,  NOM-006-STPS-2000', 200.00, 600.00, 1, 14000.00, 28000.00, 42000.00, 'Default', '', 0, '', 0.00, 1, 1, '2015-04-18 19:01:00', '2015-04-18 19:01:00', NULL),
	(49, 2, 1, 1, 'Default', '', 'k) en los polipastos electricos, la tension electrica este indicada en la placa de datos;', 'fracc. 7.1, Inc.k.,  NOM-006-STPS-2000', 200.00, 600.00, 1, 14000.00, 28000.00, 42000.00, 'Default', '', 0, '', 0.00, 1, 1, '2015-04-18 19:01:00', '2015-04-18 19:01:00', NULL),
	(50, 2, 1, 1, 'Default', '', 'l) en los polipastos neumaticos se use la presion de aire indicada en la placa de datos;', 'fracc. 7.1, Inc.l.,  NOM-006-STPS-2000', 200.00, 600.00, 1, 14000.00, 28000.00, 42000.00, 'Default', '', 0, '', 0.00, 1, 1, '2015-04-18 19:01:00', '2015-04-18 19:01:00', NULL),
	(51, 2, 1, 1, 'Default', '', 'm) en los malacates de tambor se cumpla ademas con lo siguiente: el numero de vueltas del cable alrededor del tambor, sea al menos de dos al estar totalmente maniobra;desenrollado; la diferencia del diametro exterior del lateral al diametro maximo de enrollamiento del cable, sea cuando menos cuatro veces; la bajada de la carga sea asegurada accionando el freno, previniendo toda falsa maniobra;', 'fracc. 7.1, Inc.m.,  NOM-006-STPS-2000', 200.00, 600.00, 1, 14000.00, 28000.00, 42000.00, 'Default', '', 0, '', 0.00, 1, 1, '2015-04-18 19:01:00', '2015-04-18 19:01:00', NULL),
	(52, 2, 1, 1, 'Default', '', 'n) se opere solo cuando haya sido revisado antes de iniciar la jornada;', 'fracc. 7.1, Inc.n.,  NOM-006-STPS-2000', 200.00, 600.00, 1, 14000.00, 28000.00, 42000.00, 'Default', '', 0, '', 0.00, 1, 1, '2015-04-18 19:01:00', '2015-04-18 19:01:00', NULL),
	(53, 2, 1, 1, 'Default', '', 'o) no se ejerza una traccion oblicua mayor a 4', 'fracc. 7.1, Inc.o.,  NOM-006-STPS-2000', 200.00, 600.00, 1, 14000.00, 28000.00, 42000.00, 'Default', '', 0, '', 0.00, 1, 1, '2015-04-18 19:01:00', '2015-04-18 19:01:00', NULL),
	(54, 2, 1, 1, 'Default', '', 'p) sea realizada de manera coordinada la utilizacion simultanea de dos o mas polipastos manuales para levantar una misma carga;', 'fracc. 7.1, Inc.p.,  NOM-006-STPS-2000', 200.00, 600.00, 1, 14000.00, 28000.00, 42000.00, 'Default', '', 0, '', 0.00, 1, 1, '2015-04-18 19:01:00', '2015-04-18 19:01:00', NULL),
	(55, 2, 1, 1, 'Default', '', 'q) cuando se pongan en marcha, la carga no oscile durante su movimiento y sea mantenida a la menor altura posible;', 'fracc. 7.1, Inc.q.,  NOM-006-STPS-2000', 200.00, 600.00, 1, 14000.00, 28000.00, 42000.00, 'Default', '', 0, '', 0.00, 1, 1, '2015-04-18 19:01:00', '2015-04-18 19:01:00', NULL),
	(56, 2, 1, 1, 'Default', '', 'r) cuando la temperatura del medio ambiente sea inferior a -15', 'fracc. 7.1, Inc.r.,  NOM-006-STPS-2000', 200.00, 600.00, 1, 14000.00, 28000.00, 42000.00, 'Default', '', 0, '', 0.00, 1, 1, '2015-04-18 19:01:00', '2015-04-18 19:01:00', NULL),
	(57, 2, 1, 1, 'Default', '', 's) cuando el polipasto de accionamiento manual sea puesto en reposo, este quede suspendido y la cadena de mando sea enrollada a la cadena de carga para evitar accionamientos involuntarios;', 'fracc. 7.1, Inc.s.,  NOM-006-STPS-2000', 200.00, 600.00, 1, 14000.00, 28000.00, 42000.00, 'Default', '', 0, '', 0.00, 1, 1, '2015-04-18 19:01:00', '2015-04-18 19:01:00', NULL),
	(58, 2, 1, 1, 'Default', '', 't) no se rebase el maximo de arranques por hora ni el tiempo maximo de operacion especificados por el fabricante;', 'fracc. 7.1, Inc.t.,  NOM-006-STPS-2000', 200.00, 600.00, 1, 14000.00, 28000.00, 42000.00, 'Default', '', 0, '', 0.00, 1, 1, '2015-04-18 19:01:00', '2015-04-18 19:01:00', NULL),
	(59, 2, 1, 1, 'Default', '', 'u) en los malacates de tambor de accionamiento manual, se cuente con un responsable a cargo de accionar el trinquete de retencion;', 'fracc. 7.1, Inc.u.,  NOM-006-STPS-2000', 200.00, 600.00, 1, 14000.00, 28000.00, 42000.00, 'Default', '', 0, '', 0.00, 1, 1, '2015-04-18 19:01:00', '2015-04-18 19:01:00', NULL),
	(60, 2, 1, 1, 'Default', '', 'v) se evite que la eslinga se instale en la nariz o punta de los ganchos de anclaje y carga;', 'fracc. 7.1, Inc.v.,  NOM-006-STPS-2000', 200.00, 600.00, 1, 14000.00, 28000.00, 42000.00, 'Default', '', 0, '', 0.00, 1, 1, '2015-04-18 19:01:00', '2015-04-18 19:01:00', NULL),
	(61, 2, 1, 1, 'Default', '', 'w) el amarre sea de tal forma que la carga quede equilibrada;', 'fracc. 7.1, Inc.w.,  NOM-006-STPS-2000', 200.00, 600.00, 1, 14000.00, 28000.00, 42000.00, 'Default', '', 0, '', 0.00, 1, 1, '2015-04-18 19:01:00', '2015-04-18 19:01:00', NULL),
	(62, 2, 1, 1, 'Default', '', 'x) cuando el esfuerzo manual sea excesivo para operar la cadena de maniobra, manivelas o palancas de traccion, se suspenda el levantamiento de inmediato y se revise el equipo, y que la carga no rebase la CMU;', 'fracc. 7.1, Inc.x.,  NOM-006-STPS-2000', 200.00, 600.00, 1, 14000.00, 28000.00, 42000.00, 'Default', '', 0, '', 0.00, 1, 1, '2015-04-18 19:01:00', '2015-04-18 19:01:00', NULL),
	(63, 2, 1, 1, 'Default', '', 'y) se determine la periodicidad de las inspecciones para: cadena de carga y de mando o palanca, sistema electrico, terminales, interruptor limite, caja receptora, nueces, frenos, ganchos, engranajes, motor y carcaza;', 'fracc. 7.1, Inc.y.,  NOM-006-STPS-2000', 200.00, 600.00, 1, 14000.00, 28000.00, 42000.00, 'Default', '', 0, '', 0.00, 1, 1, '2015-04-18 19:01:00', '2015-04-18 19:01:00', NULL),
	(64, 2, 1, 1, 'Default', '', 'z) se realicen las inspecciones a cables, bielas, bloques de las mordazas y ganchos de apoyo de los malacates de accionamiento manual y motorizado;', 'fracc. 7.1, Inc.z.,  NOM-006-STPS-2000', 200.00, 600.00, 1, 14000.00, 28000.00, 42000.00, 'Default', '', 0, '', 0.00, 1, 1, '2015-04-18 19:01:00', '2015-04-18 19:01:00', NULL),
	(65, 2, 1, 1, 'Default', '', 'aa) cuando un polipasto o malacate sea modificado, se proporcione a los trabajadores la informacion necesaria para preservar las condiciones de seguridad;', 'fracc. 7.1, Inc.aa.,  NOM-006-STPS-2000', 200.00, 600.00, 1, 14000.00, 28000.00, 42000.00, 'Default', '', 0, '', 0.00, 1, 1, '2015-04-18 19:01:00', '2015-04-18 19:01:00', NULL),
	(66, 2, 1, 1, 'Default', '', 'bb) cuando se sustituya el cable, se haga con otro del tipo y caracteristicas originales;', 'fracc. 7.1, Inc.bb.,  NOM-006-STPS-2000', 200.00, 600.00, 1, 14000.00, 28000.00, 42000.00, 'Default', '', 0, '', 0.00, 1, 1, '2015-04-18 19:01:00', '2015-04-18 19:01:00', NULL),
	(67, 2, 1, 1, 'Default', '', 'cc) los cables se guarden bajo techo y se evite el contacto de estos con humedad, gases y sustancias que puedan corroerlos; 50 DIARIO OFICIAL viernes 09 de marzo de 2001', 'fracc. 7.1, Inc.cc.,  NOM-006-STPS-2000', 200.00, 600.00, 1, 14000.00, 28000.00, 42000.00, 'Default', '', 0, '', 0.00, 1, 1, '2015-04-18 19:01:00', '2015-04-18 19:01:00', NULL),
	(68, 2, 1, 1, 'Default', '', 'dd) se inspeccione y lubrique periodicamente el cable, conforme a las recomendaciones del fabricante;', 'fracc. 7.1, Inc.dd.,  NOM-006-STPS-2000', 200.00, 600.00, 1, 14000.00, 28000.00, 42000.00, 'Default', '', 0, '', 0.00, 1, 1, '2015-04-18 19:01:00', '2015-04-18 19:01:00', NULL),
	(69, 2, 1, 1, 'Default', '', 'ee) se incluya una tabla para la reparacion de fallas, su posible causa y la solucion recomendada;', 'fracc. 7.1, Inc.ee.,  NOM-006-STPS-2000', 200.00, 600.00, 1, 14000.00, 28000.00, 42000.00, 'Default', '', 0, '', 0.00, 1, 1, '2015-04-18 19:01:00', '2015-04-18 19:01:00', NULL),
	(70, 2, 1, 1, 'Default', '', 'ff) el cable sea reemplazado cuando se presente cualquiera de las siguientes condiciones: doce alambres rotos de manera aleatoria en un mismo toron por cada caida del cable; desgaste de mas de un tercio del diametro original de los alambres individuales exteriores en cualquier seccion del cable; cuando se presente: retorcimiento, cocas, bucles, aplastamiento, evidencia de da', 'fracc. 7.1, Inc.ff.,  NOM-006-STPS-2000', 200.00, 600.00, 1, 14000.00, 28000.00, 42000.00, 'Default', '', 0, '', 0.00, 1, 1, '2015-04-18 19:01:00', '2015-04-18 19:01:00', NULL),
	(71, 2, 1, 1, 'Default', '', 'gg) el mantenimiento de la cadena de carga, comprenda al menos que: cuando asi se requiera, sea sustituida por una cadena que cumpla con las especificaciones originales del fabricante; sea retirada inmediatamente del servicio si existen uno o mas eslabones aplastados, torcidos, alargados, rotos, desgastados o fisurados; asiente correctamente en las nueces; sea medida en secciones de no mas de 11 eslabones y, cuando se detecte que ha sufrido un alargamiento superior al 5% en cualquier seccion, o ', 'fracc. 7.1, Inc.gg.,  NOM-006-STPS-2000', 200.00, 600.00, 1, 14000.00, 28000.00, 42000.00, 'Default', '', 0, '', 0.00, 1, 1, '2015-04-18 19:01:00', '2015-04-18 19:01:00', NULL),
	(72, 2, 1, 1, 'Default', '', 'hh) el mantenimiento electrico de polipastos y malacates comprenda al menos que: antes de realizar cualquier actividad, se haga el bloqueo de energia segun lo establecido en la NOM-004-STPS- 1999; las conexiones de los cables y terminales cumplan con las especificaciones del fabricante; se verifique que el funcionamiento de cada interruptor se encuentre en relacion a la CMU, y cuando sea necesario se efectue su calibracion; se compruebe el libre funcionamiento de las teclas de la botonera, verif', 'fracc. 7.1, Inc.hh.,  NOM-006-STPS-2000', 200.00, 600.00, 1, 14000.00, 28000.00, 42000.00, 'Default', '', 0, '', 0.00, 1, 1, '2015-04-18 19:01:00', '2015-04-18 19:01:00', NULL),
	(73, 2, 1, 1, 'Default', '', 'ii) la lubricacion de polipastos de accionamiento motorizado, comprenda al menos que se verifique que los niveles de aceite se encuentren conforme a las especificaciones del fabricante;', 'fracc. 7.1, Inc.ii.,  NOM-006-STPS-2000', 200.00, 600.00, 1, 14000.00, 28000.00, 42000.00, 'Default', '', 0, '', 0.00, 1, 1, '2015-04-18 19:01:00', '2015-04-18 19:01:00', NULL),
	(74, 2, 1, 1, 'Default', '', 'jj) se cambie el aceite de la caja de engranajes de acuerdo a las especificaciones del fabricante;', 'fracc. 7.1, Inc.jj.,  NOM-006-STPS-2000', 200.00, 600.00, 1, 14000.00, 28000.00, 42000.00, 'Default', '', 0, '', 0.00, 1, 1, '2015-04-18 19:01:00', '2015-04-18 19:01:00', NULL),
	(75, 2, 1, 1, 'Default', '', 'kk) se mantenga limpio el sistema de frenado y de embrague;', 'fracc. 7.1, Inc.kk.,  NOM-006-STPS-2000', 200.00, 600.00, 1, 14000.00, 28000.00, 42000.00, 'Default', '', 0, '', 0.00, 1, 1, '2015-04-18 19:01:00', '2015-04-18 19:01:00', NULL),
	(76, 2, 1, 1, 'Default', '', 'll) en los malacates de tambor, tanto los engranes como el sistema de frenado y el trinquete se mantengan engrasados, de acuerdo a las especificaciones del fabricante;', 'fracc. 7.1, Inc.ll.,  NOM-006-STPS-2000', 200.00, 600.00, 1, 14000.00, 28000.00, 42000.00, 'Default', '', 0, '', 0.00, 1, 1, '2015-04-18 19:01:00', '2015-04-18 19:01:00', NULL),
	(77, 2, 1, 1, 'Default', '', 'mm) cuando el cigu?e.al este acoplado directamente a la palanca de traccion, se tenga un ajuste deslizante entre ambos, de manera que al aplicar al malacate una sobrecarga de 50%, los pernos de seguridad se cizallen. No se debe sustituir el material original de dichos pernos;', 'fracc. 7.1, Inc.mm.,  NOM-006-STPS-2000', 200.00, 600.00, 1, 14000.00, 28000.00, 42000.00, 'Default', '', 0, '', 0.00, 1, 1, '2015-04-18 19:01:00', '2015-04-18 19:01:00', NULL),
	(78, 2, 1, 1, 'Default', '', 'nn) se revise el estado de las mangueras y las conexiones;', 'fracc. 7.1, Inc.nn.,  NOM-006-STPS-2000', 200.00, 600.00, 1, 14000.00, 28000.00, 42000.00, 'Default', '', 0, '', 0.00, 1, 1, '2015-04-18 19:01:00', '2015-04-18 19:01:00', NULL),
	(79, 2, 1, 1, 'Default', '', 'oo) se revise el bloque de conexiones hidraulicas;', 'fracc. 7.1, Inc.oo.,  NOM-006-STPS-2000', 200.00, 600.00, 1, 14000.00, 28000.00, 42000.00, 'Default', '', 0, '', 0.00, 1, 1, '2015-04-18 19:01:00', '2015-04-18 19:01:00', NULL),
	(80, 2, 1, 1, 'Default', '', 'pp) se verifiquen las conexiones electricas y que el motor gire en el sentido de las manecillas del reloj;', 'fracc. 7.1, Inc.pp.,  NOM-006-STPS-2000', 200.00, 600.00, 1, 14000.00, 28000.00, 42000.00, 'Default', '', 0, '', 0.00, 1, 1, '2015-04-18 19:01:00', '2015-04-18 19:01:00', NULL),
	(81, 2, 1, 1, 'Default', '', 'qq) en los polipastos motorizados se determine la periodicidad de los ajustes del freno y del embrague o de los interruptores limite;', 'fracc. 7.1, Inc.qq.,  NOM-006-STPS-2000', 200.00, 600.00, 1, 14000.00, 28000.00, 42000.00, 'Default', '', 0, '', 0.00, 1, 1, '2015-04-18 19:01:00', '2015-04-18 19:01:00', NULL),
	(82, 2, 1, 1, 'Default', '', 'rr) se prueben las medidas originales de las mordazas con un eje calibrado de un diametro mayor al diametro utilizado para el control de su desgaste. Las medidas de los diametros y las tolerancias deben ser las proporcionadas por el fabricante;', 'fracc. 7.1, Inc.rr.,  NOM-006-STPS-2000', 200.00, 600.00, 1, 14000.00, 28000.00, 42000.00, 'Default', '', 0, '', 0.00, 1, 1, '2015-04-18 19:01:00', '2015-04-18 19:01:00', NULL),
	(83, 2, 1, 1, 'Default', '', 'ss) despues de cualquier reparacion, todo polipasto o malacate sea sometido a una prueba de funcionamiento y se registren los resultados obtenidos, haciendo una breve descripcion del procedimiento seguido.', 'fracc. 7.1, Inc.ss.,  NOM-006-STPS-2000', 200.00, 600.00, 1, 14000.00, 28000.00, 42000.00, 'Default', '', 0, '', 0.00, 1, 1, '2015-04-18 19:01:00', '2015-04-18 19:01:00', NULL),
	(84, 2, 1, 1, 'Default', '', '7.2 Para eslingas, instrucciones para que:', 'fracc. 7.2, Inc..,  NOM-006-STPS-2000', 200.00, 600.00, 1, 14000.00, 28000.00, 42000.00, 'Default', '', 0, '', 0.00, 1, 1, '2015-04-18 19:01:00', '2015-04-18 19:01:00', NULL),
	(85, 2, 1, 1, 'Default', '', 'a) su capacidad de carga sea superior al peso de la carga por levantar;', 'fracc. 7.2, Inc.a.,  NOM-006-STPS-2000', 200.00, 600.00, 1, 14000.00, 28000.00, 42000.00, 'Default', '', 0, '', 0.00, 1, 1, '2015-04-18 19:01:00', '2015-04-18 19:01:00', NULL),
	(86, 2, 1, 1, 'Default', '', 'b) se utilicen solo eslingas identificadas; 50 DIARIO OFICIAL viernes 09 de marzo de 2001', 'fracc. 7.2, Inc.b.,  NOM-006-STPS-2000', 200.00, 600.00, 1, 14000.00, 28000.00, 42000.00, 'Default', '', 0, '', 0.00, 1, 1, '2015-04-18 19:01:00', '2015-04-18 19:01:00', NULL),
	(87, 2, 1, 1, 'Default', '', 'c) si se produce la rotacion de una de las extremidades de la eslinga, con cable de acero, se suspenda la operacion de carga;', 'fracc. 7.2, Inc.c.,  NOM-006-STPS-2000', 200.00, 600.00, 1, 14000.00, 28000.00, 42000.00, 'Default', '', 0, '', 0.00, 1, 1, '2015-04-18 19:01:00', '2015-04-18 19:01:00', NULL),
	(88, 2, 1, 1, 'Default', '', 'd) si se presenta destorcimiento en las eslingas con cable de acero, se suspenda la operacion para evitar la rotacion de la carga;', 'fracc. 7.2, Inc.d.,  NOM-006-STPS-2000', 200.00, 600.00, 1, 14000.00, 28000.00, 42000.00, 'Default', '', 0, '', 0.00, 1, 1, '2015-04-18 19:01:00', '2015-04-18 19:01:00', NULL),
	(89, 2, 1, 1, 'Default', '', 'e) nunca se utilicen eslingas da', 'fracc. 7.2, Inc.e.,  NOM-006-STPS-2000', 200.00, 600.00, 1, 14000.00, 28000.00, 42000.00, 'Default', '', 0, '', 0.00, 1, 1, '2015-04-18 19:01:00', '2015-04-18 19:01:00', NULL),
	(90, 2, 1, 1, 'Default', '', 'f) nunca se realicen nudos en las eslingas textiles;', 'fracc. 7.2, Inc.f.,  NOM-006-STPS-2000', 200.00, 600.00, 1, 14000.00, 28000.00, 42000.00, 'Default', '', 0, '', 0.00, 1, 1, '2015-04-18 19:01:00', '2015-04-18 19:01:00', NULL),
	(91, 2, 1, 1, 'Default', '', 'g) no se arrastre la carga a izar sobre las eslingas;', 'fracc. 7.2, Inc.g.,  NOM-006-STPS-2000', 200.00, 600.00, 1, 14000.00, 28000.00, 42000.00, 'Default', '', 0, '', 0.00, 1, 1, '2015-04-18 19:01:00', '2015-04-18 19:01:00', NULL),
	(92, 2, 1, 1, 'Default', '', 'h) no se utilicen eslingas textiles por encima de 100', 'fracc. 7.2, Inc.h.,  NOM-006-STPS-2000', 200.00, 600.00, 1, 14000.00, 28000.00, 42000.00, 'Default', '', 0, '', 0.00, 1, 1, '2015-04-18 19:01:00', '2015-04-18 19:01:00', NULL),
	(93, 2, 1, 1, 'Default', '', 'i) la zona de cosido de la eslinga de cinta nunca entre en contacto con la carga;', 'fracc. 7.2, Inc.i.,  NOM-006-STPS-2000', 200.00, 600.00, 1, 14000.00, 28000.00, 42000.00, 'Default', '', 0, '', 0.00, 1, 1, '2015-04-18 19:01:00', '2015-04-18 19:01:00', NULL),
	(94, 2, 1, 1, 'Default', '', 'j) las eslingas textiles se almacenen en lugares limpios y secos, lejos de fuentes de calor directo, rayos ultravioleta o luz solar directa;', 'fracc. 7.2, Inc.j.,  NOM-006-STPS-2000', 200.00, 600.00, 1, 14000.00, 28000.00, 42000.00, 'Default', '', 0, '', 0.00, 1, 1, '2015-04-18 19:01:00', '2015-04-18 19:01:00', NULL),
	(95, 2, 1, 1, 'Default', '', 'k) se utilicen eslingas con guardacabos o arcos de proteccion en cargas que tengan aristas vivas;', 'fracc. 7.2, Inc.k.,  NOM-006-STPS-2000', 200.00, 600.00, 1, 14000.00, 28000.00, 42000.00, 'Default', '', 0, '', 0.00, 1, 1, '2015-04-18 19:01:00', '2015-04-18 19:01:00', NULL),
	(96, 2, 1, 1, 'Default', '', 'l) se revisen en los tiempos establecidos por el patron, basandose en las recomendaciones del fabricante, a fin de detectar signos de ruptura, fatiga, deformacion u otra condicion que pudiera generar da', 'fracc. 7.2, Inc.l.,  NOM-006-STPS-2000', 200.00, 600.00, 1, 14000.00, 28000.00, 42000.00, 'Default', '', 0, '', 0.00, 1, 1, '2015-04-18 19:01:01', '2015-04-18 19:01:01', NULL),
	(97, 2, 1, 1, 'Default', '', 'm) en caso de exposicion de eslingas textiles a agentes quimicos, se consulte al fabricante.', 'fracc. 7.2, Inc.m.,  NOM-006-STPS-2000', 200.00, 600.00, 1, 14000.00, 28000.00, 42000.00, 'Default', '', 0, '', 0.00, 1, 1, '2015-04-18 19:01:01', '2015-04-18 19:01:01', NULL),
	(98, 2, 1, 1, 'Default', '', '7.3 Para gruas, segun apliquen, instrucciones para que:', 'fracc. 7.3, Inc..,  NOM-006-STPS-2000', 200.00, 600.00, 1, 14000.00, 28000.00, 42000.00, 'Default', '', 0, '', 0.00, 1, 1, '2015-04-18 19:01:01', '2015-04-18 19:01:01', NULL),
	(99, 2, 1, 1, 'Default', '', 'a) la cabina garantice una buena visibilidad en la zona de trabajo; este ventilada; cuente con limpiaparabrisas electrico o neumatico, en caso de que opere a la intemperie, con vidrios inastillables, con escalas de mano u otro medio de acceso seguro a la cabina de mando, con un asiento comodo y concebido en funcion de su uso, con extintores del tipo y capacidad especificos al modelo de la grua y al material que maneje, con mandos colocados de forma que el operario disponga de espacio suficiente ', 'fracc. 7.3, Inc.a.,  NOM-006-STPS-2000', 200.00, 600.00, 1, 14000.00, 28000.00, 42000.00, 'Default', '', 0, '', 0.00, 1, 1, '2015-04-18 19:01:01', '2015-04-18 19:01:01', NULL),
	(100, 2, 1, 1, 'Default', '', 'b) se cuente con un letrero visible, tanto para el trabajador que opere la maquinaria, como desde el suelo, donde se indique la CMU, en kg si es de 1000 kg o menos, y en toneladas si es mayor a 1000 kg;', 'fracc. 7.3, Inc.b.,  NOM-006-STPS-2000', 200.00, 600.00, 1, 14000.00, 28000.00, 42000.00, 'Default', '', 0, '', 0.00, 1, 1, '2015-04-18 19:01:01', '2015-04-18 19:01:01', NULL),
	(101, 2, 1, 1, 'Default', '', 'c) cuando una grua movil este equipada con gatos estabilizadores, estos deban estar suficientemente extendidos, para descargar completamente a las ruedas y descansar sobre calzas, a menos que se encuentren sobre un piso firme;', 'fracc. 7.3, Inc.c.,  NOM-006-STPS-2000', 200.00, 600.00, 1, 14000.00, 28000.00, 42000.00, 'Default', '', 0, '', 0.00, 1, 1, '2015-04-18 19:01:01', '2015-04-18 19:01:01', NULL),
	(102, 2, 1, 1, 'Default', '', 'd) cuando una grua se desplace sobre ruedas provistas de neumaticos, estos se revisen al inicio de cada jornada para verificar que esten exentos de cualquier defecto, y que se encuentren a la presion correcta, conforme a las indicaciones del fabricante;', 'fracc. 7.3, Inc.d.,  NOM-006-STPS-2000', 200.00, 600.00, 1, 14000.00, 28000.00, 42000.00, 'Default', '', 0, '', 0.00, 1, 1, '2015-04-18 19:01:01', '2015-04-18 19:01:01', NULL),
	(103, 2, 1, 1, 'Default', '', 'e) cuando una grua movil se desplace llevando la carga suspendida, deba cumplir con lo siguiente: que el brazo se oriente en la direccion del eje longitudinal de la grua, que no se incline hasta el punto en que la carga suspendida sea igual o superior a la carga maxima de seguridad correspondiente a la inclinacion del brazo; que se mantenga a la altura minima necesaria para que la carga no choque con el piso por efecto del balanceo del brazo y si la carga es de dificil manejo a causa de su tama', 'fracc. 7.3, Inc.e.,  NOM-006-STPS-2000', 200.00, 600.00, 1, 14000.00, 28000.00, 42000.00, 'Default', '', 0, '', 0.00, 1, 1, '2015-04-18 19:01:01', '2015-04-18 19:01:01', NULL),
	(104, 2, 1, 1, 'Default', '', 'f) se cuente con dispositivos de frenado automatico cuando el peso maximo sea superado;', 'fracc. 7.3, Inc.f.,  NOM-006-STPS-2000', 200.00, 600.00, 1, 14000.00, 28000.00, 42000.00, 'Default', '', 0, '', 0.00, 1, 1, '2015-04-18 19:01:01', '2015-04-18 19:01:01', NULL),
	(105, 2, 1, 1, 'Default', '', 'g) sean operadas unicamente por personal autorizado por el patron;', 'fracc. 7.3, Inc.g.,  NOM-006-STPS-2000', 200.00, 600.00, 1, 14000.00, 28000.00, 42000.00, 'Default', '', 0, '', 0.00, 1, 1, '2015-04-18 19:01:01', '2015-04-18 19:01:01', NULL),
	(106, 2, 1, 1, 'Default', '', 'h) se consideren para su operacion los analisis de momentos que se puedan presentar o las sobrecargas por lluvia o viento que pudieran estar presentes en el manejo de materiales;', 'fracc. 7.3, Inc.h.,  NOM-006-STPS-2000', 200.00, 600.00, 1, 14000.00, 28000.00, 42000.00, 'Default', '', 0, '', 0.00, 1, 1, '2015-04-18 19:01:01', '2015-04-18 19:01:01', NULL),
	(107, 2, 1, 1, 'Default', '', 'i) se desplacen las cargas a una altura superior a la que se encuentren o circulen los trabajadores;', 'fracc. 7.3, Inc.i.,  NOM-006-STPS-2000', 200.00, 600.00, 1, 14000.00, 28000.00, 42000.00, 'Default', '', 0, '', 0.00, 1, 1, '2015-04-18 19:01:01', '2015-04-18 19:01:01', NULL),
	(108, 2, 1, 1, 'Default', '', 'j) el ayudante se situe en un lugar que permita la maxima visibilidad de todas las trayectorias de operacion de la grua, y se realicen las operaciones de conformidad con el codigo de se', 'fracc. 7.3, Inc.j.,  NOM-006-STPS-2000', 200.00, 600.00, 1, 14000.00, 28000.00, 42000.00, 'Default', '', 0, '', 0.00, 1, 1, '2015-04-18 19:01:01', '2015-04-18 19:01:01', NULL),
	(109, 2, 1, 1, 'Default', '', 'k) el operador no mueva la grua hasta que haya entendido la se', 'fracc. 7.3, Inc.k.,  NOM-006-STPS-2000', 200.00, 600.00, 1, 14000.00, 28000.00, 42000.00, 'Default', '', 0, '', 0.00, 1, 1, '2015-04-18 19:01:01', '2015-04-18 19:01:01', NULL),
	(110, 2, 1, 1, 'Default', '', 'l) antes de izar la carga, se realice una verificacion para asegurar que la misma se encuentre convenientemente asegurada;', 'fracc. 7.3, Inc.l.,  NOM-006-STPS-2000', 200.00, 600.00, 1, 14000.00, 28000.00, 42000.00, 'Default', '', 0, '', 0.00, 1, 1, '2015-04-18 19:01:01', '2015-04-18 19:01:01', NULL),
	(111, 2, 1, 1, 'Default', '', 'm) al finalizar la operacion, se desconecte el interruptor principal y se deje bloqueada con un candado o tarjeta de seguridad;', 'fracc. 7.3, Inc.m.,  NOM-006-STPS-2000', 200.00, 600.00, 1, 14000.00, 28000.00, 42000.00, 'Default', '', 0, '', 0.00, 1, 1, '2015-04-18 19:01:01', '2015-04-18 19:01:01', NULL),
	(112, 2, 1, 1, 'Default', '', 'n) cuando por la misma via circulen varias gruas, o por el mismo puente mas de un carro de grua, esten dotadas de amortiguadores que entren en contacto en caso de choque;', 'fracc. 7.3, Inc.n.,  NOM-006-STPS-2000', 200.00, 600.00, 1, 14000.00, 28000.00, 42000.00, 'Default', '', 0, '', 0.00, 1, 1, '2015-04-18 19:01:01', '2015-04-18 19:01:01', NULL),
	(113, 2, 1, 1, 'Default', '', 'o) cuando aplique, se cuente con un interruptor de proteccion general a nivel de piso que desconecte la corriente electrica de la grua al realizar operaciones de mantenimiento, debiendo cumplir con el procedimiento de bloqueo de energia establecido en la NOM-004-STPS-1999;', 'fracc. 7.3, Inc.o.,  NOM-006-STPS-2000', 200.00, 600.00, 1, 14000.00, 28000.00, 42000.00, 'Default', '', 0, '', 0.00, 1, 1, '2015-04-18 19:01:01', '2015-04-18 19:01:01', NULL),
	(114, 2, 1, 1, 'Default', '', 'p) toda grua sea revisada por personal autorizado por el patron, en los casos siguientes: antes de cada jornada; antes de ser puesta en servicio por primera vez; despues de la sustitucion o reparacion de alguna pieza sometida a esfuerzos; de acuerdo a los intervalos maximos indicados por el fabricante y al menos una vez cada tres a', 'fracc. 7.3, Inc.p.,  NOM-006-STPS-2000', 200.00, 600.00, 1, 14000.00, 28000.00, 42000.00, 'Default', '', 0, '', 0.00, 1, 1, '2015-04-18 19:01:01', '2015-04-18 19:01:01', NULL),
	(115, 2, 1, 1, 'Default', '', 'q) cuando una grua sea modificada en su estructura, accesorios, mecanismos, contrapesos, elementos de estabilizacion o cualquiera otra parte que altere las condiciones de funcionamiento, sea sometida a las pruebas correspondientes, antes de volver a operarla.', 'fracc. 7.3, Inc.q.,  NOM-006-STPS-2000', 200.00, 600.00, 1, 14000.00, 28000.00, 42000.00, 'Default', '', 0, '', 0.00, 1, 1, '2015-04-18 19:01:01', '2015-04-18 19:01:01', NULL),
	(116, 2, 1, 1, 'Default', '', '7.4 Para montacargas, segun aplique, al menos instrucciones para que:', 'fracc. 7.4, Inc..,  NOM-006-STPS-2000', 200.00, 600.00, 1, 14000.00, 28000.00, 42000.00, 'Default', '', 0, '', 0.00, 1, 1, '2015-04-18 19:01:01', '2015-04-18 19:01:01', NULL),
	(117, 2, 1, 1, 'Default', '', 'a) las cabinas cumplan con lo siguiente: proporcionen al operador proteccion contra la intemperie; garanticen una buena vision en la zona de trabajo; permitan un facil acceso al puesto de trabajo; cuenten con piso anti derrapante; esten ventiladas; esten provistas de un asiento comodo y concebido en funcion de su uso; sean resistentes al fuego en sus materiales de construccion; cuenten con extintor del tipo y capacidad especifico a la clase de montacargas y al material que transporte, y cuenten ', 'fracc. 7.4, Inc.a.,  NOM-006-STPS-2000', 200.00, 600.00, 1, 14000.00, 28000.00, 42000.00, 'Default', '', 0, '', 0.00, 1, 1, '2015-04-18 19:01:01', '2015-04-18 19:01:01', NULL),
	(118, 2, 1, 1, 'Default', '', 'b) se cuente con un dispositivo sonoro que sea activado automaticamente durante su operacion en reversa;', 'fracc. 7.4, Inc.b.,  NOM-006-STPS-2000', 200.00, 600.00, 1, 14000.00, 28000.00, 42000.00, 'Default', '', 0, '', 0.00, 1, 1, '2015-04-18 19:01:01', '2015-04-18 19:01:01', NULL),
	(119, 2, 1, 1, 'Default', '', 'c) las luces delanteras y traseras, o la torreta, esten encendidas durante su operacion;', 'fracc. 7.4, Inc.c.,  NOM-006-STPS-2000', 200.00, 600.00, 1, 14000.00, 28000.00, 42000.00, 'Default', '', 0, '', 0.00, 1, 1, '2015-04-18 19:01:01', '2015-04-18 19:01:01', NULL),
	(120, 2, 1, 1, 'Default', '', 'd) en la operacion se respeten los limites de velocidad de la zona que transita; se cerciore que la carga no sobrepase la CMU indicada en la placa; se opere el equipo bajo un procedimiento seguro cuando no lleve carga; circule con los brazos de la horquilla a una altura maxima de 0.15 metros por encima del suelo; se estacione con los brazos de la horquilla colocados a una altura maxima de 0.15 metros sobre el suelo; en su caso, retire la llave del contacto al abandonar el montacargas; efectue el', 'fracc. 7.4, Inc.d.,  NOM-006-STPS-2000', 200.00, 600.00, 1, 14000.00, 28000.00, 42000.00, 'Default', '', 0, '', 0.00, 1, 1, '2015-04-18 19:01:01', '2015-04-18 19:01:01', NULL),
	(121, 2, 1, 1, 'Default', '', 'e) las revisiones sean realizadas por personal autorizado por el patron, antes de cada jornada, antes de ser puesta en servicio por primera vez, y despues de la sustitucion o reparacion de alguna pieza sometida a esfuerzos;', 'fracc. 7.4, Inc.e.,  NOM-006-STPS-2000', 200.00, 600.00, 1, 14000.00, 28000.00, 42000.00, 'Default', '', 0, '', 0.00, 1, 1, '2015-04-18 19:01:01', '2015-04-18 19:01:01', NULL),
	(122, 2, 1, 1, 'Default', '', 'f) el mantenimiento sea realizado en la forma y periodicidad recomendadas por el fabricante.', 'fracc. 7.4, Inc.f.,  NOM-006-STPS-2000', 200.00, 600.00, 1, 14000.00, 28000.00, 42000.00, 'Default', '', 0, '', 0.00, 1, 1, '2015-04-18 19:01:01', '2015-04-18 19:01:01', NULL),
	(123, 2, 1, 1, 'Default', '', '7.5 Para electroimanes, instrucciones para que:', 'fracc. 7.5, Inc..,  NOM-006-STPS-2000', 200.00, 600.00, 1, 14000.00, 28000.00, 42000.00, 'Default', '', 0, '', 0.00, 1, 1, '2015-04-18 19:01:01', '2015-04-18 19:01:01', NULL),
	(124, 2, 1, 1, 'Default', '', 'a) se revise la fuente de energia auxiliar, que entre en servicio de inmediato en caso de falla de la red principal de alimentacion, de modo que la carga pueda mantenerse suspendida por el tiempo que sea necesario hasta descenderla en forma segura;', 'fracc. 7.5, Inc.a.,  NOM-006-STPS-2000', 200.00, 600.00, 1, 14000.00, 28000.00, 42000.00, 'Default', '', 0, '', 0.00, 1, 1, '2015-04-18 19:01:01', '2015-04-18 19:01:01', NULL),
	(125, 2, 1, 1, 'Default', '', 'b) no se usen cerca de maquinas, de elementos de acero, ni de materiales ferrosos;', 'fracc. 7.5, Inc.b.,  NOM-006-STPS-2000', 200.00, 600.00, 1, 14000.00, 28000.00, 42000.00, 'Default', '', 0, '', 0.00, 1, 1, '2015-04-18 19:01:01', '2015-04-18 19:01:01', NULL),
	(126, 2, 1, 1, 'Default', '', 'c) se coloquen y quiten los candados o tarjetas de seguridad que adviertan que es peligroso desconectar, o en su caso, conectar el interruptor de alimentacion del electroiman durante la operacion o mantenimiento, segun corresponda;', 'fracc. 7.5, Inc.c.,  NOM-006-STPS-2000', 200.00, 600.00, 1, 14000.00, 28000.00, 42000.00, 'Default', '', 0, '', 0.00, 1, 1, '2015-04-18 19:01:01', '2015-04-18 19:01:01', NULL),
	(127, 2, 1, 1, 'Default', '', 'd) se revise la conexion a tierra del electroiman, de conformidad con lo que establece la NOM-001-SEDE-1999, en su apartado 600;', 'fracc. 7.5, Inc.d.,  NOM-006-STPS-2000', 200.00, 600.00, 1, 14000.00, 28000.00, 42000.00, 'Default', '', 0, '', 0.00, 1, 1, '2015-04-18 19:01:01', '2015-04-18 19:01:01', NULL),
	(128, 2, 1, 1, 'Default', '', 'e) la alimentacion se corte cuando no se utilice;', 'fracc. 7.5, Inc.e.,  NOM-006-STPS-2000', 200.00, 600.00, 1, 14000.00, 28000.00, 42000.00, 'Default', '', 0, '', 0.00, 1, 1, '2015-04-18 19:01:01', '2015-04-18 19:01:01', NULL),
	(129, 2, 1, 1, 'Default', '', 'f) solo se le aplique la tension electrica hasta que este en contacto con la carga a levantar.', 'fracc. 7.5, Inc.f.,  NOM-006-STPS-2000', 200.00, 600.00, 1, 14000.00, 28000.00, 42000.00, 'Default', '', 0, '', 0.00, 1, 1, '2015-04-18 19:01:01', '2015-04-18 19:01:01', NULL),
	(130, 2, 1, 1, 'Default', '', '7.6 Para cargadores frontales, instrucciones para que: 50 DIARIO OFICIAL viernes 09 de marzo de 2001', 'fracc. 7.6, Inc..,  NOM-006-STPS-2000', 200.00, 600.00, 1, 14000.00, 28000.00, 42000.00, 'Default', '', 0, '', 0.00, 1, 1, '2015-04-18 19:01:01', '2015-04-18 19:01:01', NULL),
	(131, 2, 1, 1, 'Default', '', 'a) se cuente con una cabina que cumpla al menos con lo siguiente: en su caso, proporcionar al operador proteccion contra la intemperie; tener escalas de mano u otro medio de acceso seguro, y que en caso de emergencia permita un rapido desalojo; garantizar una buena visibilidad del area de trabajo; tener extintor del tipo y capacidad especifico al tipo de cargador frontal y al material que transporta; que los mandos esten colocados de forma tal, que el operador disponga de espacio suficiente para', 'fracc. 7.6, Inc.a.,  NOM-006-STPS-2000', 200.00, 600.00, 1, 14000.00, 28000.00, 42000.00, 'Default', '', 0, '', 0.00, 1, 1, '2015-04-18 19:01:01', '2015-04-18 19:01:01', NULL),
	(132, 2, 1, 1, 'Default', '', 'b) en la operacion se respeten los limites de velocidad de la zona que se transita; se cerciore que la carga no sobrepase la CMU indicada en las placas de capacidad de carga; se evite que la carga no sea de mayor dimension que el bote; se accione el claxon en cruceros peligrosos; se eviten los movimientos bruscos o rapidos; se efectue la carga de combustible en una zona ventilada; al terminar el turno de trabajo se estacione el cargador frontal con el bote o pala apoyado sobre el suelo; se apagu', 'fracc. 7.6, Inc.b.,  NOM-006-STPS-2000', 200.00, 600.00, 1, 14000.00, 28000.00, 42000.00, 'Default', '', 0, '', 0.00, 1, 1, '2015-04-18 19:01:01', '2015-04-18 19:01:01', NULL),
	(133, 2, 1, 1, 'Default', '', 'c) se cuente con una se', 'fracc. 7.6, Inc.c.,  NOM-006-STPS-2000', 200.00, 600.00, 1, 14000.00, 28000.00, 42000.00, 'Default', '', 0, '', 0.00, 1, 1, '2015-04-18 19:01:01', '2015-04-18 19:01:01', NULL),
	(134, 2, 1, 1, 'Default', '', 'd) se verifique el buen estado de los dispositivos y accesorios para su operacion, tales como: espejo retrovisor, extintor y cinturon de seguridad, entre otros;', 'fracc. 7.6, Inc.d.,  NOM-006-STPS-2000', 200.00, 600.00, 1, 14000.00, 28000.00, 42000.00, 'Default', '', 0, '', 0.00, 1, 1, '2015-04-18 19:01:01', '2015-04-18 19:01:01', NULL),
	(135, 2, 1, 1, 'Default', '', 'e) cuando sea necesario levantar la maquina para darle mantenimiento, se utilicen gatos apoyados sobre bloques, que garanticen la seguridad de los trabajadores involucrados en estas maniobras;', 'fracc. 7.6, Inc.e.,  NOM-006-STPS-2000', 200.00, 600.00, 1, 14000.00, 28000.00, 42000.00, 'Default', '', 0, '', 0.00, 1, 1, '2015-04-18 19:01:01', '2015-04-18 19:01:01', NULL),
	(136, 2, 1, 1, 'Default', '', 'f) el mantenimiento sea realizado en la forma y periodicidad recomendadas por el fabricante.', 'fracc. 7.6, Inc.f.,  NOM-006-STPS-2000', 200.00, 600.00, 1, 14000.00, 28000.00, 42000.00, 'Default', '', 0, '', 0.00, 1, 1, '2015-04-18 19:01:01', '2015-04-18 19:01:01', NULL),
	(137, 2, 1, 1, 'Default', '', '7.7 Para transportadores, segun aplique, instrucciones para que:', 'fracc. 7.7, Inc..,  NOM-007-STPS-2000', 200.00, 600.00, 1, 14000.00, 28000.00, 42000.00, 'Default', '', 0, '', 0.00, 1, 1, '2015-04-18 19:01:01', '2015-04-18 19:01:01', NULL),
	(138, 2, 1, 1, 'Default', '', 'a) cuando los transportadores pasen por diferentes niveles del edificio, las aberturas esten protegidas;', 'fracc. 7.7, Inc.a.,  NOM-007-STPS-2000', 200.00, 600.00, 1, 14000.00, 28000.00, 42000.00, 'Default', '', 0, '', 0.00, 1, 1, '2015-04-18 19:01:01', '2015-04-18 19:01:01', NULL),
	(139, 2, 1, 1, 'Default', '', 'b) se utilicen faldones en los chutes y curvas del transportador, a fin de evitar la caida de materiales por los lados;', 'fracc. 7.7, Inc.b.,  NOM-007-STPS-2000', 200.00, 600.00, 1, 14000.00, 28000.00, 42000.00, 'Default', '', 0, '', 0.00, 1, 1, '2015-04-18 19:01:01', '2015-04-18 19:01:01', NULL),
	(140, 2, 1, 1, 'Default', '', 'c) se verifique que se cuente con pasarelas para cruzar por encima o por debajo de los transportadores, y se prohiba a los trabajadores cruzar a traves de ellos;', 'fracc. 7.7, Inc.c.,  NOM-007-STPS-2000', 200.00, 600.00, 1, 14000.00, 28000.00, 42000.00, 'Default', '', 0, '', 0.00, 1, 1, '2015-04-18 19:01:01', '2015-04-18 19:01:01', NULL),
	(141, 2, 1, 1, 'Default', '', 'd) se verifique que los dispositivos de arranque y paro sean visibles, de facil acceso y libres de obstaculos para ser alcanzados por el operador;', 'fracc. 7.7, Inc.d.,  NOM-007-STPS-2000', 200.00, 600.00, 1, 14000.00, 28000.00, 42000.00, 'Default', '', 0, '', 0.00, 1, 1, '2015-04-18 19:01:01', '2015-04-18 19:01:01', NULL),
	(142, 2, 1, 1, 'Default', '', 'e) si uno o mas transportadores operan en serie, estos esten provistos de dispositivos electricos o mecanicos de tal forma que si uno de los transportadores se detiene, todos los otros tambien se detengan;', 'fracc. 7.7, Inc.e.,  NOM-007-STPS-2000', 200.00, 600.00, 1, 14000.00, 28000.00, 42000.00, 'Default', '', 0, '', 0.00, 1, 1, '2015-04-18 19:01:01', '2015-04-18 19:01:01', NULL),
	(143, 2, 1, 1, 'Default', '', 'f) en caso de que un transportador se detenga por estar sobrecargado, se quite toda la carga, se desactiven los dispositivos de bloqueo del arranque y se verifique la seguridad de la actividad antes de ponerlo nuevamente en marcha;', 'fracc. 7.7, Inc.f.,  NOM-007-STPS-2000', 200.00, 600.00, 1, 14000.00, 28000.00, 42000.00, 'Default', '', 0, '', 0.00, 1, 1, '2015-04-18 19:01:01', '2015-04-18 19:01:01', NULL),
	(144, 2, 1, 1, 'Default', '', 'g) los trabajadores que desarrollen sus actividades en la cercania de los transportadores, usen el cabello corto o recogido y no porten cadenas, anillos, pulseras, ropa suelta u otros objetos que pudieran ser factor de riesgo durante la operacion;', 'fracc. 7.7, Inc.g.,  NOM-006-STPS-2000', 200.00, 600.00, 1, 14000.00, 28000.00, 42000.00, 'Default', '', 0, '', 0.00, 1, 1, '2015-04-18 19:01:01', '2015-04-18 19:01:01', NULL),
	(145, 2, 1, 1, 'Default', '', 'h) no se exceda la CMU ni la velocidad maxima de la banda, establecidas por el fabricante;', 'fracc. 7.7, Inc.h.,  NOM-006-STPS-2000', 200.00, 600.00, 1, 14000.00, 28000.00, 42000.00, 'Default', '', 0, '', 0.00, 1, 1, '2015-04-18 19:01:01', '2015-04-18 19:01:01', NULL),
	(146, 2, 1, 1, 'Default', '', 'i) solo operen esta maquinaria los trabajadores autorizados por el patron que tengan un conocimiento pleno de su operacion, sus controles electricos, dispositivos de seguridad y advertencias de la capacidad y de las limitaciones en el desempe', 'fracc. 7.7, Inc.i.,  NOM-006-STPS-2000', 200.00, 600.00, 1, 14000.00, 28000.00, 42000.00, 'Default', '', 0, '', 0.00, 1, 1, '2015-04-18 19:01:01', '2015-04-18 19:01:01', NULL),
	(147, 2, 1, 1, 'Default', '', 'j) se tengan limpias y libres de obstaculos todas las areas alrededor del transportador y en particular los pasillos, asi como aquellas que se encuentren alrededor de la transmision, los dispositivos de seguridad y las estaciones de control;', 'fracc. 7.7, Inc.j.,  NOM-006-STPS-2000', 200.00, 600.00, 1, 14000.00, 28000.00, 42000.00, 'Default', '', 0, '', 0.00, 1, 1, '2015-04-18 19:01:01', '2015-04-18 19:01:01', NULL),
	(148, 2, 1, 1, 'Default', '', 'k) se impida el paso de trabajadores a las areas donde el material caiga y represente un peligro, mediante barandas y se', 'fracc. 7.7, Inc.k.,  NOM-006-STPS-2000', 200.00, 600.00, 1, 14000.00, 28000.00, 42000.00, 'Default', '', 0, '', 0.00, 1, 1, '2015-04-18 19:01:01', '2015-04-18 19:01:01', NULL),
	(149, 2, 1, 1, 'Default', '', 'l) durante la operacion de los transportadores de gusanos se aseguren las cubiertas, rejas y guardas antes de operar el transportador; se verifique que los tornillos y tuercas esten correctamente apretados; cuando se requiera que la alimentacion al transportador sea abierta, esta se cubra con una reja y no se pise o camine sobre las cubiertas, rejas o guardas; se 50 DIARIO OFICIAL viernes 09 de marzo de 2001 desconecte y ponga el interruptor principal en la posicion de apagado antes de quitar la', 'fracc. 7.7, Inc.l.,  NOM-006-STPS-2000', 200.00, 600.00, 1, 14000.00, 28000.00, 42000.00, 'Default', '', 0, '', 0.00, 1, 1, '2015-04-18 19:01:01', '2015-04-18 19:01:01', NULL),
	(150, 2, 1, 1, 'Default', '', 'm) las revisiones sean realizadas por personal autorizado por el patron, antes de cada jornada, antes de ser puesta en servicio por primera vez y despues de la sustitucion o reparacion de alguna pieza sometida a esfuerzos;', 'fracc. 7.7, Inc.m.,  NOM-006-STPS-2000', 200.00, 600.00, 1, 14000.00, 28000.00, 42000.00, 'Default', '', 0, '', 0.00, 1, 1, '2015-04-18 19:01:01', '2015-04-18 19:01:01', NULL),
	(151, 2, 1, 1, 'Default', '', 'n) se verifique, en su caso, la valvula de alivio y se mantengan bloqueadas las compuertas, de manera tal que no se puedan abrir si existe una presion interna positiva; se instalen protecciones cuando las lineas de succion sean suficientemente grandes para jalar a un trabajador y se protejan para que el aire que se inyecta a la tuberia no sea transportado a otras areas; se cuente con un dispositivo de bloqueo, para mantenerlo estable en varios niveles;', 'fracc. 7.7, Inc.n.,  NOM-006-STPS-2000', 200.00, 600.00, 1, 14000.00, 28000.00, 42000.00, 'Default', '', 0, '', 0.00, 1, 1, '2015-04-18 19:01:01', '2015-04-18 19:01:01', NULL),
	(152, 2, 1, 1, 'Default', '', 'o) se verifiquen las rampas cerradas y se coloquen letreros de advertencia en el extremo de salida del transportador, de acuerdo a lo que establece la NOM-026-STPS-1998;', 'fracc. 7.7, Inc.o.,  NOM-006-STPS-2000', 200.00, 600.00, 1, 14000.00, 28000.00, 42000.00, 'Default', '', 0, '', 0.00, 1, 1, '2015-04-18 19:01:01', '2015-04-18 19:01:01', NULL),
	(153, 2, 1, 1, 'Default', '', 'p) se verifique el funcionamiento de los dispositivos mecanicos o electricos, que emitan una se', 'fracc. 7.7, Inc.p.,  NOM-006-STPS-2000', 200.00, 600.00, 1, 14000.00, 28000.00, 42000.00, 'Default', '', 0, '', 0.00, 1, 1, '2015-04-18 19:01:01', '2015-04-18 19:01:01', NULL),
	(154, 2, 1, 1, 'Default', '', 'q) las puertas en cada estacion se mantengan cerradas, excepto en el momento de cargar;', 'fracc. 7.7, Inc.q.,  NOM-006-STPS-2000', 200.00, 600.00, 1, 14000.00, 28000.00, 42000.00, 'Default', '', 0, '', 0.00, 1, 1, '2015-04-18 19:01:01', '2015-04-18 19:01:01', NULL),
	(155, 2, 1, 1, 'Default', '', 'r) se verifique que en las estaciones de carga, se encuentren en buen estado las protecciones de barandales, puertas giratorias o rejas;', 'fracc. 7.7, Inc.r.,  NOM-006-STPS-2000', 200.00, 600.00, 1, 14000.00, 28000.00, 42000.00, 'Default', '', 0, '', 0.00, 1, 1, '2015-04-18 19:01:01', '2015-04-18 19:01:01', NULL),
	(156, 2, 1, 1, 'Default', '', 's) se bloquee, en su caso, el control central electrico en la posicion de paro, antes de empezar a dar mantenimiento al transportador, conforme lo establecido en la NOM-004-STPS-1999, y se coloquen candados o tarjetas de seguridad para evitar su accionamiento;', 'fracc. 7.7, Inc.s.,  NOM-006-STPS-2000', 200.00, 600.00, 1, 14000.00, 28000.00, 42000.00, 'Default', '', 0, '', 0.00, 1, 1, '2015-04-18 19:01:01', '2015-04-18 19:01:01', NULL),
	(157, 2, 1, 1, 'Default', '', 't) el mecanismo del transportador se mantenga permanentemente limpio;', 'fracc. 7.7, Inc.t.,  NOM-006-STPS-2000', 200.00, 600.00, 1, 14000.00, 28000.00, 42000.00, 'Default', '', 0, '', 0.00, 1, 1, '2015-04-18 19:01:01', '2015-04-18 19:01:01', NULL),
	(158, 2, 1, 1, 'Default', '', 'u) se lubriquen todas las partes del transportador y se le proporcione el mantenimiento en la forma y periodicidad recomendada por el fabricante.', 'fracc. 7.7, Inc.u.,  NOM-006-STPS-2000', 200.00, 600.00, 1, 14000.00, 28000.00, 42000.00, 'Default', '', 0, '', 0.00, 1, 1, '2015-04-18 19:01:01', '2015-04-18 19:01:01', NULL),
	(159, 2, 1, 1, 'Default', '', '7.8 Para maquinaria similar o que sea combinacion de las enunciadas en los apartados del 7.1 al 7.7, instrucciones equivalentes a las descritas en dichos apartados, segun aplique.', 'fracc. 7.8, Inc..,  NOM-006-STPS-2000', 200.00, 600.00, 1, 14000.00, 28000.00, 42000.00, 'Default', '', 0, '', 0.00, 1, 1, '2015-04-18 19:01:01', '2015-04-18 19:01:01', NULL),
	(160, 2, 1, 1, 'Default', '', '8 Carga manual de materiales', 'fracc. 8., Inc..,  NOM-006-STPS-2000', 200.00, 600.00, 1, 14000.00, 28000.00, 42000.00, 'Default', '', 0, '', 0.00, 1, 1, '2015-04-18 19:01:01', '2015-04-18 19:01:01', NULL),
	(161, 2, 1, 1, 'Default', '', '8.1 El patron debe proporcionar a los trabajadores el equipo de proteccion personal necesario para realizar actividades de levantamiento y transporte de carga, con el fin de evitar lesiones por sobreesfuerzo muscular o postural.', 'fracc. 8.1, Inc..,  NOM-006-STPS-2000', 200.00, 600.00, 1, 14000.00, 28000.00, 42000.00, 'Default', '', 0, '', 0.00, 1, 1, '2015-04-18 19:01:01', '2015-04-18 19:01:01', NULL),
	(162, 2, 1, 1, 'Default', '', '8.2 Realizar y registrar la vigilancia a la salud de los trabajadores que realicen esta actividad y al menos cada a', 'fracc. 8.2, Inc..,  NOM-006-STPS-2000', 200.00, 600.00, 1, 14000.00, 28000.00, 42000.00, 'Default', '', 0, '', 0.00, 1, 1, '2015-04-18 19:01:01', '2015-04-18 19:01:01', NULL),
	(163, 2, 1, 1, 'Default', '', '8.3 Ante la presencia de sintomas de lesion o enfermedad en el trabajador expuesto, se deben realizar los examenes medicos especiales que establezcan las normas oficiales mexicanas emitidas por la Secretaria de Salud. De no existir estas, los examenes medicos especiales seran los que determine el medico de la empresa.', 'fracc. 8.3, Inc..,  NOM-006-STPS-2000', 200.00, 600.00, 1, 14000.00, 28000.00, 42000.00, 'Default', '', 0, '', 0.00, 1, 1, '2015-04-18 19:01:01', '2015-04-18 19:01:01', NULL),
	(164, 2, 1, 1, 'Default', '', '8.4 No deben desempe', 'fracc. 8.4, Inc..,  NOM-006-STPS-2000', 200.00, 600.00, 1, 14000.00, 28000.00, 42000.00, 'Default', '', 0, '', 0.00, 1, 1, '2015-04-18 19:01:01', '2015-04-18 19:01:01', NULL),
	(165, 2, 1, 1, 'Default', '', '8.5 Los procedimientos de seguridad e higiene deben contener, cuando menos, instrucciones para que:', 'fracc. 8.5, Inc..,  NOM-006-STPS-2000', 200.00, 600.00, 1, 14000.00, 28000.00, 42000.00, 'Default', '', 0, '', 0.00, 1, 1, '2015-04-18 19:01:01', '2015-04-18 19:01:01', NULL),
	(166, 2, 1, 1, 'Default', '', 'a) cuando se desplacen objetos pesados mediante rodillos, deban utilizarse barras u otros medios, para que el trabajador no entre en contacto con la carga en movimiento;', 'fracc. 8.5, Inc.a.,  NOM-007-STPS-2000', 200.00, 600.00, 1, 14000.00, 28000.00, 42000.00, 'Default', '', 0, '', 0.00, 1, 1, '2015-04-18 19:01:01', '2015-04-18 19:01:01', NULL),
	(167, 2, 1, 1, 'Default', '', 'b) la carga manual maxima que levanten los trabajadores sea de 50 kg; para los menores sea de 35 kg, y para las mujeres sea de 20 kg. Esta actividad no la deben realizar las mujeres en estado de gestacion, y durante las primeras 10 semanas posteriores al parto; 50 DIARIO OFICIAL viernes 09 de marzo de 2001', 'fracc. 8.5, Inc.b.,  NOM-007-STPS-2000', 200.00, 600.00, 1, 14000.00, 28000.00, 42000.00, 'Default', '', 0, '', 0.00, 1, 1, '2015-04-18 19:01:01', '2015-04-18 19:01:01', NULL),
	(168, 2, 1, 1, 'Default', '', 'c) a los trabajadores que realicen actividades de carga de materiales con objetos que tengan aristas cortantes, rebabas, astillas, puntas agudas, clavos u otros salientes peligrosos, asi como aquellos que posean temperaturas extremas, o sustancias irritantes, corrosivas o toxicas, se les proporcione la ropa y el equipo de proteccion personal, de conformidad con lo establecido en la NOM-017-STPS-1993;', 'fracc. 8.5, Inc.c.,  NOM-007-STPS-2000', 200.00, 600.00, 1, 14000.00, 28000.00, 42000.00, 'Default', '', 0, '', 0.00, 1, 1, '2015-04-18 19:01:01', '2015-04-18 19:01:01', NULL),
	(169, 2, 1, 1, 'Default', '', 'd) cuando se carguen objetos de longitud mayor a 4 metros, se emplee al menos un trabajador por cada 4 metros o fraccion del largo del objeto;', 'fracc. 8.5, Inc.d.,  NOM-007-STPS-2000', 200.00, 600.00, 1, 14000.00, 28000.00, 42000.00, 'Default', '', 0, '', 0.00, 1, 1, '2015-04-18 19:01:01', '2015-04-18 19:01:01', NULL),
	(170, 2, 1, 1, 'Default', '', 'e) los barriles o tambos de hasta 200 litros, solo puedan ser trasladados manualmente inclinandolos y rotandolos por la orilla de su base. Los que tengan mayor capacidad, solo podran ser trasladados con el uso de maquinaria, diablos, patines o carretillas, adoptando las correspondientes medidas de seguridad;', 'fracc. 8.5, Inc.e.,  NOM-007-STPS-2000', 200.00, 600.00, 1, 14000.00, 28000.00, 42000.00, 'Default', '', 0, '', 0.00, 1, 1, '2015-04-18 19:01:01', '2015-04-18 19:01:01', NULL),
	(171, 2, 1, 1, 'Default', '', 'f) la carga manual de materiales cuyo peso o longitud sea superior a lo establecido en la presente Norma, se realice integrando grupos de carga manual, de tal manera que haya coordinacion entre los miembros del grupo;', 'fracc. 8.5, Inc.f.,  NOM-007-STPS-2000', 200.00, 600.00, 1, 14000.00, 28000.00, 42000.00, 'Default', '', 0, '', 0.00, 1, 1, '2015-04-18 19:01:01', '2015-04-18 19:01:01', NULL),
	(172, 2, 1, 1, 'Default', '', 'g) la carga que sea mayor de 200 kg, con el empleo de diablos o patines, se realice al menos con dos trabajadores;', 'fracc. 8.5, Inc.g.,  NOM-006-STPS-2000', 200.00, 600.00, 1, 14000.00, 28000.00, 42000.00, 'Default', '', 0, '', 0.00, 1, 1, '2015-04-18 19:01:01', '2015-04-18 19:01:01', NULL),
	(173, 2, 1, 1, 'Default', '', 'h) en piso plano, para impulsar diablos, patines y carretillas, se empuje de frente al camino y no se tire o jale dandole la espalda al mismo;', 'fracc. 8.5, Inc.h.,  NOM-006-STPS-2000', 200.00, 600.00, 1, 14000.00, 28000.00, 42000.00, 'Default', '', 0, '', 0.00, 1, 1, '2015-04-18 19:01:01', '2015-04-18 19:01:01', NULL),
	(174, 2, 1, 1, 'Default', '', 'i) en pendientes, para impulsar diablos, patines y carretillas, se cuide la estabilidad de la carga y se adopten las medidas de seguridad necesarias para evitar que esta represente un riesgo para el trabajador o trabajadores;', 'fracc. 8.5, Inc.i.,  NOM-006-STPS-2000', 200.00, 600.00, 1, 14000.00, 28000.00, 42000.00, 'Default', '', 0, '', 0.00, 1, 1, '2015-04-18 19:01:01', '2015-04-18 19:01:01', NULL),
	(175, 2, 1, 1, 'Default', '', 'j) cuando se bascule una carretilla para descargarla al borde de una zanja, se coloque un tope en la zona de descarga.', 'fracc. 8.5, Inc.j.,  NOM-006-STPS-2000', 200.00, 600.00, 1, 14000.00, 28000.00, 42000.00, 'Default', '', 0, '', 0.00, 1, 1, '2015-04-18 19:01:01', '2015-04-18 19:01:01', NULL);
/*!40000 ALTER TABLE `checkls` ENABLE KEYS */;


-- Volcando estructura para tabla siam_scribe.checks
CREATE TABLE IF NOT EXISTS `checks` (
  `id` int(10) unsigned NOT NULL AUTO_INCREMENT,
  `cliente` int(10) unsigned NOT NULL,
  `a_chequeo` int(10) unsigned NOT NULL,
  `solicitud` varchar(255) COLLATE utf8_unicode_ci NOT NULL,
  `detalle` varchar(255) COLLATE utf8_unicode_ci NOT NULL,
  `fec_apertura` date NOT NULL,
  `fec_cierre` date NOT NULL,
  `usu_alta_id` int(10) unsigned NOT NULL,
  `usu_mod_id` int(10) unsigned NOT NULL,
  `created_at` timestamp NOT NULL DEFAULT '0000-00-00 00:00:00',
  `updated_at` timestamp NOT NULL DEFAULT '0000-00-00 00:00:00',
  `deleted_at` timestamp NULL DEFAULT NULL,
  PRIMARY KEY (`id`),
  KEY `checks_usu_alta_id_foreign` (`usu_alta_id`),
  KEY `checks_usu_mod_id_foreign` (`usu_mod_id`),
  KEY `checks_cliente_foreign` (`cliente`),
  KEY `checks_a_chequeo_foreign` (`a_chequeo`),
  CONSTRAINT `checks_a_chequeo_foreign` FOREIGN KEY (`a_chequeo`) REFERENCES `achecks` (`id`),
  CONSTRAINT `checks_cliente_foreign` FOREIGN KEY (`cliente`) REFERENCES `clientes` (`id`),
  CONSTRAINT `checks_usu_alta_id_foreign` FOREIGN KEY (`usu_alta_id`) REFERENCES `users` (`id`),
  CONSTRAINT `checks_usu_mod_id_foreign` FOREIGN KEY (`usu_mod_id`) REFERENCES `users` (`id`)
) ENGINE=InnoDB AUTO_INCREMENT=3 DEFAULT CHARSET=utf8 COLLATE=utf8_unicode_ci;

-- Volcando datos para la tabla siam_scribe.checks: ~0 rows (aproximadamente)
/*!40000 ALTER TABLE `checks` DISABLE KEYS */;
INSERT INTO `checks` (`id`, `cliente`, `a_chequeo`, `solicitud`, `detalle`, `fec_apertura`, `fec_cierre`, `usu_alta_id`, `usu_mod_id`, `created_at`, `updated_at`, `deleted_at`) VALUES
	(2, 1, 1, 'sol', 'det', '2015-04-18', '2015-04-30', 1, 1, '2015-04-18 19:01:00', '2015-04-18 19:01:00', NULL);
/*!40000 ALTER TABLE `checks` ENABLE KEYS */;


-- Volcando estructura para tabla siam_scribe.check_norma
CREATE TABLE IF NOT EXISTS `check_norma` (
  `check_id` int(10) unsigned NOT NULL,
  `norma_id` int(10) unsigned NOT NULL,
  PRIMARY KEY (`check_id`,`norma_id`),
  KEY `check_norma_check_id_index` (`check_id`),
  KEY `check_norma_norma_id_index` (`norma_id`),
  CONSTRAINT `check_norma_check_id_foreign` FOREIGN KEY (`check_id`) REFERENCES `checks` (`id`) ON DELETE CASCADE,
  CONSTRAINT `check_norma_norma_id_foreign` FOREIGN KEY (`norma_id`) REFERENCES `normas` (`id`) ON DELETE CASCADE
) ENGINE=InnoDB DEFAULT CHARSET=utf8 COLLATE=utf8_unicode_ci;

-- Volcando datos para la tabla siam_scribe.check_norma: ~0 rows (aproximadamente)
/*!40000 ALTER TABLE `check_norma` DISABLE KEYS */;
INSERT INTO `check_norma` (`check_id`, `norma_id`) VALUES
	(2, 1);
/*!40000 ALTER TABLE `check_norma` ENABLE KEYS */;


-- Volcando estructura para tabla siam_scribe.clientes
CREATE TABLE IF NOT EXISTS `clientes` (
  `id` int(10) unsigned NOT NULL AUTO_INCREMENT,
  `cliente` varchar(255) COLLATE utf8_unicode_ci NOT NULL,
  `usu_alta_id` int(10) unsigned NOT NULL,
  `usu_mod_id` int(10) unsigned NOT NULL,
  `created_at` timestamp NOT NULL DEFAULT '0000-00-00 00:00:00',
  `updated_at` timestamp NOT NULL DEFAULT '0000-00-00 00:00:00',
  `deleted_at` timestamp NULL DEFAULT NULL,
  PRIMARY KEY (`id`),
  KEY `clientes_usu_alta_id_foreign` (`usu_alta_id`),
  KEY `clientes_usu_mod_id_foreign` (`usu_mod_id`),
  CONSTRAINT `clientes_usu_alta_id_foreign` FOREIGN KEY (`usu_alta_id`) REFERENCES `users` (`id`),
  CONSTRAINT `clientes_usu_mod_id_foreign` FOREIGN KEY (`usu_mod_id`) REFERENCES `users` (`id`)
) ENGINE=InnoDB AUTO_INCREMENT=3 DEFAULT CHARSET=utf8 COLLATE=utf8_unicode_ci;

-- Volcando datos para la tabla siam_scribe.clientes: ~2 rows (aproximadamente)
/*!40000 ALTER TABLE `clientes` DISABLE KEYS */;
INSERT INTO `clientes` (`id`, `cliente`, `usu_alta_id`, `usu_mod_id`, `created_at`, `updated_at`, `deleted_at`) VALUES
	(1, 'Harinera Nacional', 1, 1, '2014-10-07 18:29:13', '2014-10-21 20:35:15', NULL),
	(2, 'Central Harinera', 5, 5, '2014-10-14 18:26:16', '2014-10-14 18:26:16', NULL);
/*!40000 ALTER TABLE `clientes` ENABLE KEYS */;


-- Volcando estructura para tabla siam_scribe.comentarios_bs
CREATE TABLE IF NOT EXISTS `comentarios_bs` (
  `id` int(10) unsigned NOT NULL AUTO_INCREMENT,
  `bitacora_seguridad_id` int(10) unsigned NOT NULL,
  `comentario` varchar(255) COLLATE utf8_unicode_ci NOT NULL,
  `costo` float(8,2) NOT NULL,
  `estatus_id` int(10) unsigned NOT NULL,
  `usu_alta_id` int(10) unsigned NOT NULL,
  `usu_mod_id` int(10) unsigned NOT NULL,
  `created_at` timestamp NOT NULL DEFAULT '0000-00-00 00:00:00',
  `updated_at` timestamp NOT NULL DEFAULT '0000-00-00 00:00:00',
  `deleted_at` timestamp NULL DEFAULT NULL,
  PRIMARY KEY (`id`),
  KEY `comentarios_bs_usu_alta_id_foreign` (`usu_alta_id`),
  KEY `comentarios_bs_usu_mod_id_foreign` (`usu_mod_id`),
  KEY `comentarios_bs_estatus_id_foreign` (`estatus_id`),
  KEY `comentarios_bs_bitacora_seguridad_id_foreign` (`bitacora_seguridad_id`),
  CONSTRAINT `comentarios_bs_bitacora_seguridad_id_foreign` FOREIGN KEY (`bitacora_seguridad_id`) REFERENCES `bitacora_seguridads` (`id`),
  CONSTRAINT `comentarios_bs_estatus_id_foreign` FOREIGN KEY (`estatus_id`) REFERENCES `s_st_bs` (`id`),
  CONSTRAINT `comentarios_bs_usu_alta_id_foreign` FOREIGN KEY (`usu_alta_id`) REFERENCES `users` (`id`),
  CONSTRAINT `comentarios_bs_usu_mod_id_foreign` FOREIGN KEY (`usu_mod_id`) REFERENCES `users` (`id`)
) ENGINE=InnoDB AUTO_INCREMENT=2 DEFAULT CHARSET=utf8 COLLATE=utf8_unicode_ci;

-- Volcando datos para la tabla siam_scribe.comentarios_bs: ~0 rows (aproximadamente)
/*!40000 ALTER TABLE `comentarios_bs` DISABLE KEYS */;
INSERT INTO `comentarios_bs` (`id`, `bitacora_seguridad_id`, `comentario`, `costo`, `estatus_id`, `usu_alta_id`, `usu_mod_id`, `created_at`, `updated_at`, `deleted_at`) VALUES
	(1, 1, '2', 50.00, 3, 1, 1, '2015-03-05 22:05:28', '2015-03-05 22:05:28', NULL);
/*!40000 ALTER TABLE `comentarios_bs` ENABLE KEYS */;


-- Volcando estructura para tabla siam_scribe.condiciones
CREATE TABLE IF NOT EXISTS `condiciones` (
  `id` int(10) unsigned NOT NULL AUTO_INCREMENT,
  `impacto_id` int(10) unsigned NOT NULL,
  `condicion` varchar(500) COLLATE utf8_unicode_ci NOT NULL,
  `usu_alta_id` int(10) unsigned NOT NULL,
  `usu_mod_id` int(10) unsigned NOT NULL,
  `created_at` timestamp NOT NULL DEFAULT '0000-00-00 00:00:00',
  `updated_at` timestamp NOT NULL DEFAULT '0000-00-00 00:00:00',
  `deleted_at` timestamp NULL DEFAULT NULL,
  PRIMARY KEY (`id`),
  KEY `condiciones_usu_alta_id_foreign` (`usu_alta_id`),
  KEY `condiciones_usu_mod_id_foreign` (`usu_mod_id`),
  KEY `condiciones_impacto_id_foreign` (`impacto_id`),
  CONSTRAINT `condiciones_impacto_id_foreign` FOREIGN KEY (`impacto_id`) REFERENCES `aa_impactos` (`id`),
  CONSTRAINT `condiciones_usu_alta_id_foreign` FOREIGN KEY (`usu_alta_id`) REFERENCES `users` (`id`),
  CONSTRAINT `condiciones_usu_mod_id_foreign` FOREIGN KEY (`usu_mod_id`) REFERENCES `users` (`id`)
) ENGINE=InnoDB AUTO_INCREMENT=125 DEFAULT CHARSET=utf8 COLLATE=utf8_unicode_ci;

-- Volcando datos para la tabla siam_scribe.condiciones: ~124 rows (aproximadamente)
/*!40000 ALTER TABLE `condiciones` DISABLE KEYS */;
INSERT INTO `condiciones` (`id`, `impacto_id`, `condicion`, `usu_alta_id`, `usu_mod_id`, `created_at`, `updated_at`, `deleted_at`) VALUES
	(1, 1, '¿Se observa en buenas condiciones la plataforma de las chimeneas?', 1, 1, '2015-04-08 13:40:40', '2015-04-08 13:40:47', NULL),
	(2, 1, '¿Conoce el personal que labora en las areas con fuentes de emision a la atmosfera, la informacion que debe registrar en la bitacora?', 1, 1, '2015-04-08 13:40:40', '2015-04-08 13:40:47', NULL),
	(3, 1, '¿Esta actualizada la informacion en la bitacora de operacion y mantenimiento de los equipos de proceso y de control de emisiones a la atmosfera? Fecha y firma del operador que captura la informacion', 1, 1, '2015-04-08 13:40:40', '2015-04-08 13:40:47', NULL),
	(4, 1, '¿Cumplen las chimeneas y ductos de emisiones contaminantes con las especificaciones CCAT-FF-001 y CCAT-FF-002?', 1, 1, '2015-04-08 13:40:40', '2015-04-08 13:40:47', NULL),
	(5, 1, '¿Cuenta con fuentes no conducidas de emisiones contaminantes a la atmosfera? En caso afirmativo, plan de acciones para conducir y monitorear las emisiones o justificacion tecnica', 1, 1, '2015-04-08 13:40:40', '2015-04-08 13:40:47', NULL),
	(6, 2, 'En caso de contar con un sistema de tratamiento primario para las aguas residuales, ¿esta en operacion normal dentro de los parametros de diseño?', 1, 1, '2015-04-08 13:40:40', '2015-04-08 13:40:47', NULL),
	(7, 2, 'En caso de contar con un sistema de tratamiento secundario para las aguas residuales, ¿esta en operacion normal dentro de los parametros de diseño?', 1, 1, '2015-04-08 13:40:40', '2015-04-08 13:40:47', NULL),
	(8, 2, '¿Se cuenta con dispositivos para monitoreo de la calidad del agua residual y estan en buenas condiciones de operacion?', 1, 1, '2015-04-08 13:40:40', '2015-04-08 13:40:47', NULL),
	(9, 2, '¿Se cuenta con medidores en el sitio de descarga de agua residual y estan en buenas condiciones y operando normalmente?', 1, 1, '2015-04-08 13:40:40', '2015-04-08 13:40:47', NULL),
	(10, 2, '¿Se cuenta con medidores de agua fresca y estan en buenas condiciones y operando normalmente?', 1, 1, '2015-04-08 13:40:40', '2015-04-08 13:40:47', NULL),
	(11, 2, '¿Pasa toda el agua residual generada por el tratamiento primario? (se constata en un balance)', 1, 1, '2015-04-08 13:40:40', '2015-04-08 13:40:47', NULL),
	(12, 2, '¿Pasa toda el agua residual generada por el tratamiento secundario (se constata en un balance)?', 1, 1, '2015-04-08 13:40:40', '2015-04-08 13:40:47', NULL),
	(13, 2, '¿Se detectan sitios dentro de la planta en donde se desperdicia el agua en forma ostensible (valvulas abiertas, lavado de piso, etc.)?', 1, 1, '2015-04-08 13:40:40', '2015-04-08 13:40:47', NULL),
	(14, 2, '¿Se detectan sitos dentro de la planta en donde se contamina el agua de forma ostensible (derrame de productos quimicos, pintura, aceite, papel, plastico, etc.)?', 1, 1, '2015-04-08 13:40:40', '2015-04-08 13:40:47', NULL),
	(15, 2, '¿Se observa deposito de residuos solidos, materiales o lodos del tratamiento de agua residual en los cuerpos receptores de agua o zonas federales?', 1, 1, '2015-04-08 13:40:40', '2015-04-08 13:40:47', NULL),
	(16, 2, '¿Se observa drenajes industriales fracturados o comunicados con los drenajes pluviales?', 1, 1, '2015-04-08 13:40:40', '2015-04-08 13:40:47', NULL),
	(17, 2, '¿Se observa descarga de agua residual en zonas distintas a las autorizadas en el titulo de concesion?', 1, 1, '2015-04-08 13:40:40', '2015-04-08 13:40:47', NULL),
	(18, 2, '¿Se descarga el agua residual con calidad que esta dentro de los parametros señalados en las CPDs o en la NOM-001-SEMARNAT-1996', 1, 1, '2015-04-08 13:40:40', '2015-04-08 13:40:47', NULL),
	(19, 2, '¿Se encuentra debidamente identificada la tuberia que conduce el agua fresca?', 1, 1, '2015-04-08 13:40:40', '2015-04-08 13:40:47', NULL),
	(20, 2, 'En caso de contar con sistema de tratamiento de las aguas residuales, ¿estan debidamente identificados los tanques y tuberia de agua y productos quimicos?', 1, 1, '2015-04-08 13:40:40', '2015-04-08 13:40:47', NULL),
	(21, 2, '¿Se detectan fugas de agua fresca o residual en bombas?', 1, 1, '2015-04-08 13:40:40', '2015-04-08 13:40:47', NULL),
	(22, 3, '¿Se tiene instalados diques de contencion en todos los transformadores?', 1, 1, '2015-04-08 13:40:40', '2015-04-08 13:40:47', NULL),
	(23, 3, '¿Se observa contaminacion en pisos o tierra (derrames y fugas de aceite lubricante, combustoleo, diesel, productos quimicos)? En caso afirmativo, se debe corregir', 1, 1, '2015-04-08 13:40:40', '2015-04-08 13:40:47', NULL),
	(24, 3, '¿Se observa contaminacion del suelo en las areas donde se almacenan y manejan los residuos peligrosos generados por la empresa? En caso positivo realizar analisis para confirmacion/disposicion.', 1, 1, '2015-04-08 13:40:40', '2015-04-08 13:40:47', NULL),
	(25, 3, '¿Se observa tiradero de residuos de manejo especial o solidos urbanos en terrenos naturales dentro o fuera del predio? Sitios no autorizados para relleno sanitario, en caso afirmativo se debera corregir', 1, 1, '2015-04-08 13:40:40', '2015-04-08 13:40:47', NULL),
	(26, 3, 'El almacen temporal de residuos peligrosos ¿cuenta con diques y fosa de contencion  en buenas condiciones, de manera que se pueda controlar los derrames accidentales?', 1, 1, '2015-04-08 13:40:40', '2015-04-08 13:40:47', NULL),
	(27, 3, '¿Se detecta fuga de productos quimicos en lineas o bombas, que estan contaminando el piso o suelo?', 1, 1, '2015-04-08 13:40:40', '2015-04-08 13:40:47', NULL),
	(28, 3, '¿Cuentan todos los tanques de productos quimicos con dique de contencion? En buenas condiciones y sin conexion al drenaje', 1, 1, '2015-04-08 13:40:40', '2015-04-08 13:40:47', NULL),
	(29, 8, '¿Esta provisto el almacen temporal de residuos peligrosos con diques y fosas de contencion, trincheras o canaletas, pasillo para montacargas, sistemas contra incendio, letreros de identificacion, sin conexion a drenajes, paredes lisas, pisos lisos e impermeables, ventilacion forzada para el caso de cuartos cerrados, pararrayos, detectores de gases?', 1, 1, '2015-04-08 13:40:40', '2015-04-08 13:40:47', NULL),
	(30, 8, 'Verificar si no se rebasa la capacidad instalada del almacen temporal de residuos peligrosos', 1, 1, '2015-04-08 13:40:40', '2015-04-08 13:40:47', NULL),
	(31, 8, 'Verificar si se encuentran identificados y tapados todos los envases de residuos peligrosos', 1, 1, '2015-04-08 13:40:40', '2015-04-08 13:40:47', NULL),
	(32, 8, '¿Estan los residuos peligrosos debidamente clasificados conforme a su compatibilidad?', 1, 1, '2015-04-08 13:40:40', '2015-04-08 13:40:47', NULL),
	(33, 8, '¿Se detentan residuos peligrosos cuya fecha de ingreso indica que ha permanecido en el almacen temporal por mas de seis meses?', 1, 1, '2015-04-08 13:40:40', '2015-04-08 13:40:47', NULL),
	(34, 8, '¿Se detectan residuos no peligrosos en este almacen?', 1, 1, '2015-04-08 13:40:40', '2015-04-08 13:40:47', NULL),
	(35, 8, '¿Se detectan productos quimicos, lubricantes y/u otros insumos en este almacen?', 1, 1, '2015-04-08 13:40:40', '2015-04-08 13:40:47', NULL),
	(36, 8, 'Verificar que las etiquetas de los residuos peligrosos contienen la informacion minima: Titulo de la etiqueta “Residuo Peligroso”, nombre del residuo, area de generacion, caracteristica CRETIB, fecha de ingreso al almacen, nombre de la compañia generadora, direccion de la compañia generadora y responsable tecnico', 1, 1, '2015-04-08 13:40:40', '2015-04-08 13:40:47', NULL),
	(37, 8, 'Verificar que ningun recipiente de residuo peligroso presenta fuga', 1, 1, '2015-04-08 13:40:40', '2015-04-08 13:40:47', NULL),
	(38, 8, 'Verificar que todos los recipientes de residuos peligrosos se encuentran en buenas condiciones y pueden ser transportados sin que haya riesgo de derrames.', 1, 1, '2015-04-08 13:40:40', '2015-04-08 13:40:47', NULL),
	(39, 9, '¿Cuenta la empresa con un almacen temporal para residuos de manejo especial? Y esta provisto con sistema contra incendio ademas de encontrarse debidamente identificado.', 1, 1, '2015-04-08 13:40:40', '2015-04-08 13:40:47', NULL),
	(40, 9, '¿Se almacenan los residuos de manejo especial debidamente clasificados y con identificacion? ', 1, 1, '2015-04-08 13:40:40', '2015-04-08 13:40:47', NULL),
	(41, 9, '¿Cuenta la empresa con un almacen temporal para residuos solidos urbanos? Y esta provisto con sistema contra incendio ademas de encontrarse debidamente identificado.', 1, 1, '2015-04-08 13:40:40', '2015-04-08 13:40:47', NULL),
	(42, 9, '¿Se almacenan los residuos solidos urbanos debidamente clasificados y con identificacion?', 1, 1, '2015-04-08 13:40:40', '2015-04-08 13:40:47', NULL),
	(43, 9, '¿Esta actualizada la informacion en la bitacora de generacion de residuos de manejo especial?', 1, 1, '2015-04-08 13:40:40', '2015-04-08 13:40:47', NULL),
	(44, 9, '¿Esta actualizada la informacion en la bitacora de generacion de residuos solidos urbanos?', 1, 1, '2015-04-08 13:40:40', '2015-04-08 13:40:47', NULL),
	(45, 9, '¿Se observa en algun sitio de la empresa, residuos de manejo especial que no estan siendo manejados o almacenados adecuadamente? Por ejemplo: residuos de construccion o demolicion de edificios, residuos de los servicios de transporte, residuos tecnologicos, etc. ', 1, 1, '2015-04-08 13:40:40', '2015-04-08 13:40:47', NULL),
	(46, 9, '¿Se detectan residuos peligrosos en el almacen de residuos de manejo especial o en el de solidos urbanos?', 1, 1, '2015-04-08 13:40:40', '2015-04-08 13:40:47', NULL),
	(47, 9, '¿Se detectan productos quimicos, lubricantes y/u otros insumos en el almacen de residuos de manejo especial o en el de solidos urbanos?', 1, 1, '2015-04-08 13:40:40', '2015-04-08 13:40:47', NULL),
	(48, 10, '¿Se observan letreros en areas ruidosas que señalan la obligatoriedad de usar equipo de proteccion auditiva?', 1, 1, '2015-04-08 13:40:40', '2015-04-08 13:40:47', NULL),
	(49, 10, '¿Se detecta personal que no usa su equipo de proteccion auditiva en las areas ruidosas?', 1, 1, '2015-04-08 13:40:40', '2015-04-08 13:40:47', NULL),
	(50, 11, '¿Se cuenta con señalizacion y avisos en todas las areas para identificar los tipos de riesgos?', 1, 1, '2015-04-08 13:40:40', '2015-04-08 13:40:47', NULL),
	(51, 11, '¿Se restringe el acceso a las areas de almacenamiento de materiales peligrosos?', 1, 1, '2015-04-08 13:40:40', '2015-04-08 13:40:47', NULL),
	(52, 11, '¿Se cuenta con manuales de operacion en las areas?', 1, 1, '2015-04-08 13:40:40', '2015-04-08 13:40:47', NULL),
	(53, 11, '¿Se cuenta con la bitacora de operacion y mantenimiento de los equipos de coleccion de polvo?', 1, 1, '2015-04-08 13:40:40', '2015-04-08 13:40:47', NULL),
	(54, 11, '¿Se cuenta con una zona de salvaguarda para proteger a la poblacion?', 1, 1, '2015-04-08 13:40:40', '2015-04-08 13:40:47', NULL),
	(55, 11, '¿Se detectan extintores que carecen de identificacion?', 1, 1, '2015-04-08 13:40:40', '2015-04-08 13:40:47', NULL),
	(56, 11, '¿Se detectan extintores que no cumplen con el programa de revision y/o recarga?', 1, 1, '2015-04-08 13:40:40', '2015-04-08 13:40:47', NULL),
	(57, 11, '¿Se detecta sitios marcados con extintores pero que no se encuentra el extintor en su lugar?', 1, 1, '2015-04-08 13:40:40', '2015-04-08 13:40:47', NULL),
	(58, 11, '¿Se detecta algun montacargas cuyo tanque de gas LP no contenga el rombo de seguridad?', 1, 1, '2015-04-08 13:40:40', '2015-04-08 13:40:47', NULL),
	(59, 11, '¿Se observa alguna area que no cuenta con señalizacion suficiente de las rutas de salida?', 1, 1, '2015-04-08 13:40:40', '2015-04-08 13:40:47', NULL),
	(60, 11, '¿Se detectan extintores o hidrantes con acceso obstaculizado?', 1, 1, '2015-04-08 13:40:40', '2015-04-08 13:40:47', NULL),
	(61, 11, '¿Se detectan hidrantes que no cuentan con la respectiva manguera?', 1, 1, '2015-04-08 13:40:40', '2015-04-08 13:40:47', NULL),
	(62, 11, '¿Funcionan los manometros de la tuberia contra incendios?', 1, 1, '2015-04-08 13:40:40', '2015-04-08 13:40:47', NULL),
	(63, 11, '¿Se mantiene la presion adecuada en la red contra incendio?', 1, 1, '2015-04-08 13:40:40', '2015-04-08 13:40:47', NULL),
	(64, 11, '¿Se detectan pasillos peatonales bloqueados con sustancias quimicas, residuos, producto terminado, etc.?', 1, 1, '2015-04-08 13:40:40', '2015-04-08 13:40:47', NULL),
	(65, 11, '¿Cuenta con indicadores de direccion del viento ubicados en puntos estrategicos para tomar decisiones en caso de emergencias?', 1, 1, '2015-04-08 13:40:40', '2015-04-08 13:40:47', NULL),
	(66, 11, '¿Se cuenta con suficientes planos de las rutas de evacuacion ubicados en las areas laborales y almacenes?', 1, 1, '2015-04-08 13:40:40', '2015-04-08 13:40:47', NULL),
	(67, 11, '¿Se cuenta con instrucciones de seguridad para la prevencion y proteccion de incendios aplicables en cada area del centro trabajo al alcance de los trabajadores?', 1, 1, '2015-04-08 13:40:40', '2015-04-08 13:40:47', NULL),
	(68, 11, '¿Cuenta con detectores de humo en los sitios de almacenamiento de materias primas o productos terminados que son combustibles?', 1, 1, '2015-04-08 13:40:40', '2015-04-08 13:40:47', NULL),
	(69, 11, '¿Cuenta con rociadores en los almacenes de materia prima y producto terminado?', 1, 1, '2015-04-08 13:40:40', '2015-04-08 13:40:47', NULL),
	(70, 11, '¿Cuenta con hidrantes suficientes para sofocar un incendio en el area de materias primas y producto terminado?', 1, 1, '2015-04-08 13:40:40', '2015-04-08 13:40:47', NULL),
	(71, 11, '¿Se detecta corrosion en algun punto de la red contra incendio?', 1, 1, '2015-04-08 13:40:40', '2015-04-08 13:40:47', NULL),
	(72, 11, '¿Se detecta fuga de agua en algun punto de la red contra incendio?', 1, 1, '2015-04-08 13:40:40', '2015-04-08 13:40:47', NULL),
	(73, 11, '¿Se encuentran en buen estado las boquillas de las mangueras de los hidrantes?', 1, 1, '2015-04-08 13:40:40', '2015-04-08 13:40:47', NULL),
	(74, 11, '¿Se observan en buenas condiciones las puertas cortafuegos y libres de obstaculos?', 1, 1, '2015-04-08 13:40:40', '2015-04-08 13:40:47', NULL),
	(75, 11, '¿Se encuentran despejadas las salidas y escaleras de emergencia?', 1, 1, '2015-04-08 13:40:40', '2015-04-08 13:40:47', NULL),
	(76, 11, '¿Se cuenta con luz de emergencia en todas las areas para los casos de falla de energia electrica?', 1, 1, '2015-04-08 13:40:40', '2015-04-08 13:40:47', NULL),
	(77, 11, '¿Se observa ruido o vibracion anormal en la bomba principal contra incendios?', 1, 1, '2015-04-08 13:40:40', '2015-04-08 13:40:47', NULL),
	(78, 11, '¿Se observa ruido o vibracion anormal en la bomba auxiliar contra incendios?', 1, 1, '2015-04-08 13:40:40', '2015-04-08 13:40:47', NULL),
	(79, 11, '¿Se cuenta con bomba operada por baterias y diesel para los casos de falla de energia electrica?', 1, 1, '2015-04-08 13:40:40', '2015-04-08 13:40:47', NULL),
	(80, 11, '¿Se observa deterioro en la instalacion electrica de las bombas contra incendio?', 1, 1, '2015-04-08 13:40:40', '2015-04-08 13:40:47', NULL),
	(81, 11, '¿Se observa fugas de diesel en la linea que alimenta a las bombas contra incendio?', 1, 1, '2015-04-08 13:40:40', '2015-04-08 13:40:47', NULL),
	(82, 11, '¿Se encuentra lleno el deposito de diesel que alimenta a las bombas contra incendio?', 1, 1, '2015-04-08 13:40:40', '2015-04-08 13:40:47', NULL),
	(83, 11, '¿Cuenta con valvula abierta normalmente, la linea de diesel que alimenta a las bombas contra incendio?', 1, 1, '2015-04-08 13:40:40', '2015-04-08 13:40:47', NULL),
	(84, 11, '¿Se encuentran normalmente cargadas las baterias para accionar las bombas contra incendio?', 1, 1, '2015-04-08 13:40:40', '2015-04-08 13:40:47', NULL),
	(85, 11, '¿Contiene suficiente liquido refrigerante el motor de la bomba contra incendio?', 1, 1, '2015-04-08 13:40:40', '2015-04-08 13:40:47', NULL),
	(86, 11, '¿Contiene suficiente aceite el motor de la bomba contra incendio?', 1, 1, '2015-04-08 13:40:40', '2015-04-08 13:40:47', NULL),
	(87, 11, '¿Se encuentra normalmente lleno el tanque de agua del sistema contra incendio?', 1, 1, '2015-04-08 13:40:40', '2015-04-08 13:40:47', NULL),
	(88, 11, '¿Se encuentran los detectores de humo conectados al sistema de alarma en el cuarto de bomberos?', 1, 1, '2015-04-08 13:40:40', '2015-04-08 13:40:47', NULL),
	(89, 11, '¿Se observan mangueras con daño mecanico, termico o quimico, por lo que pudieran fallar en caso de emergencia?', 1, 1, '2015-04-08 13:40:40', '2015-04-08 13:40:47', NULL),
	(90, 11, '¿Se encuentra en buenas condiciones el equipo de proteccion personal de los integrantes de la brigada contra incendio?', 1, 1, '2015-04-08 13:40:40', '2015-04-08 13:40:47', NULL),
	(91, 11, '¿Son suficientes y se encuentran en buenas condiciones los equipos de comunicacion para atender emergencias?', 1, 1, '2015-04-08 13:40:40', '2015-04-08 13:40:47', NULL),
	(92, 11, '¿Cuenta la brigada de primeros auxilios con los implementos necesarios para atender emergencias?', 1, 1, '2015-04-08 13:40:40', '2015-04-08 13:40:47', NULL),
	(93, 11, '¿Se observan boquillas de manqueras contra incendio, sucias o con partes moviles atascadas?', 1, 1, '2015-04-08 13:40:40', '2015-04-08 13:40:47', NULL),
	(94, 11, '¿Se observa fuga en alguna valvula de gabinete para mangueras?', 1, 1, '2015-04-08 13:40:40', '2015-04-08 13:40:47', NULL),
	(95, 11, '¿Se observa luces de emergencia desconectadas, deterioradas o que les falta el bulbo?', 1, 1, '2015-04-08 13:40:40', '2015-04-08 13:40:47', NULL),
	(96, 11, '¿Se observa tuberia en malas condiciones, sin identificacion o con fuga de productos quimicos?', 1, 1, '2015-04-08 13:40:40', '2015-04-08 13:40:47', NULL),
	(97, 11, '¿Se detectan instalaciones electricas en mal estado o provisionales que pudieran causar un incendio?', 1, 1, '2015-04-08 13:40:40', '2015-04-08 13:40:47', NULL),
	(98, 11, '¿Se observan tanques de combustibles que presentan fugas, corrosion o no tienen identificacion?', 1, 1, '2015-04-08 13:40:40', '2015-04-08 13:40:47', NULL),
	(99, 11, '¿Se observa equipos de respiracion autonoma en mal estado o con partes faltantes?', 1, 1, '2015-04-08 13:40:40', '2015-04-08 13:40:47', NULL),
	(100, 11, '¿Se observa equipos de respiracion autonoma vacios?', 1, 1, '2015-04-08 13:40:40', '2015-04-08 13:40:47', NULL),
	(101, 11, '¿Se observan mascarillas de respiracion que carecen del filtro o se encuentran deterioradas?', 1, 1, '2015-04-08 13:40:40', '2015-04-08 13:40:47', NULL),
	(102, 12, '¿Se cuenta con letreros que invitan al personal para no desperdiciar la energia?', 1, 1, '2015-04-08 13:40:40', '2015-04-08 13:40:47', NULL),
	(103, 12, '¿Se detectan algunas areas de la empresa que desperdician energia electrica? Por ejemplo: lamparas encendidas en donde o cuando no es necesario, motores operando sin una razon, etc.', 1, 1, '2015-04-08 13:40:40', '2015-04-08 13:40:47', NULL),
	(104, 12, '¿Se detectan algunas areas de la empresa que desperdician energia termica? Por ejemplo: fugas de vapor, equipos de calentamiento que operan sin ser necesario, etc.', 1, 1, '2015-04-08 13:40:40', '2015-04-08 13:40:47', NULL),
	(105, 12, '¿Cuentan con tarimas aislantes los transformadores para evitar daños a los operadores?', 1, 1, '2015-04-08 13:40:40', '2015-04-08 13:40:47', NULL),
	(106, 12, '¿Cuentan con letreros de acceso restringido en subestacion electrica principal?', 1, 1, '2015-04-08 13:40:40', '2015-04-08 13:40:47', NULL),
	(107, 12, '¿Cuenta con letrero de acceso restringido en subestaciones electricas de las areas operativas?', 1, 1, '2015-04-08 13:40:40', '2015-04-08 13:40:47', NULL),
	(108, 13, '¿Se detecta anomalias en el sistema de tierras de la estacion de carburacion de montacargas?', 1, 1, '2015-04-08 13:40:40', '2015-04-08 13:40:47', NULL),
	(109, 13, '¿Se encuentra debidamente identificado el cilindro de gas LP de la estacion de carburacion de montacargas?', 1, 1, '2015-04-08 13:40:40', '2015-04-08 13:40:47', NULL),
	(110, 13, '¿Se encuentra el procedimiento de operacion colocado  y perfectamente visible en la estacion de carburacion de montacargas?', 1, 1, '2015-04-08 13:40:40', '2015-04-08 13:40:47', NULL),
	(111, 13, '¿Cuenta con sistema de aparta rayos la estacion de carburacion de montacargas?', 1, 1, '2015-04-08 13:40:40', '2015-04-08 13:40:47', NULL),
	(112, 13, '¿Esta la tuberia en la estacion de carburacion de montacargas identificada, con flecha de direccion de flujo y los colores reglamentarios?', 1, 1, '2015-04-08 13:40:40', '2015-04-08 13:40:47', NULL),
	(113, 13, '¿Se tiene señalizacion de transito en las areas de recepcion de materia prima y salida de producto terminado? Debe considerarse pasillo peatonal y circulacion de vehiculos. ', 1, 1, '2015-04-08 13:40:40', '2015-04-08 13:40:47', NULL),
	(114, 13, '¿Se tiene señalizacion para restringir la velocidad de los vehiculos automotores que ingresan a la planta?', 1, 1, '2015-04-08 13:40:40', '2015-04-08 13:40:47', NULL),
	(115, 13, '¿Se detecta falta de mantenimiento en las calles interiores de la planta que puedan ocasionar un accidente de los vehiculos automotores que ingresan a la planta?', 1, 1, '2015-04-08 13:40:40', '2015-04-08 13:40:47', NULL),
	(116, 13, '¿Se observa falta de mantenimiento en las espuelas de ferrocarril que pueda ser la causa de un accidente?', 1, 1, '2015-04-08 13:40:40', '2015-04-08 13:40:47', NULL),
	(117, 13, '¿Se detectan vehiculos automotores estacionados para maniobras de carga o descarga, que no estan asegurados para impedir movimientos accidentales?', 1, 1, '2015-04-08 13:40:40', '2015-04-08 13:40:47', NULL),
	(118, 13, '¿Se detectan carro-tanques o furgones de ferrocarril que no estan asegurados para impedir movimientos accidentales?', 1, 1, '2015-04-08 13:40:40', '2015-04-08 13:40:47', NULL),
	(119, 13, '¿Se detectan contactos diferentes de los de 110 Volts, que no estan identificados?', 1, 1, '2015-04-08 13:40:40', '2015-04-08 13:40:47', NULL),
	(120, 13, '¿Se detecta derrame de algun producto quimico en el area de almacenamiento?', 1, 1, '2015-04-08 13:40:40', '2015-04-08 13:40:47', NULL),
	(121, 13, '¿Se detecta recipientes de productos quimicos que no cuentan con etiqueta de identificacion o se encuentra borrosa?', 1, 1, '2015-04-08 13:40:40', '2015-04-08 13:40:47', NULL),
	(122, 13, '¿Se detectan tuberias que conducen productos quimicos y carecen de identificacion y notificacion de riesgos?', 1, 1, '2015-04-08 13:40:40', '2015-04-08 13:40:47', NULL),
	(123, 13, '¿Se encuentran debidamente pintadas e identificadas las tuberias de gas natural?', 1, 1, '2015-04-08 13:40:40', '2015-04-08 13:40:47', NULL),
	(124, 13, '¿Se detectan cilindros de gases inflamables/explosivos que no estan sujetados a un rack de soporte?', 1, 1, '2015-04-08 13:40:40', '2015-04-08 13:40:47', NULL);
/*!40000 ALTER TABLE `condiciones` ENABLE KEYS */;


-- Volcando estructura para tabla siam_scribe.continuidad_efectos
CREATE TABLE IF NOT EXISTS `continuidad_efectos` (
  `id` int(10) unsigned NOT NULL AUTO_INCREMENT,
  `continuidad_efecto` varchar(255) COLLATE utf8_unicode_ci NOT NULL,
  `usu_alta_id` int(10) unsigned NOT NULL,
  `usu_mod_id` int(10) unsigned NOT NULL,
  `created_at` timestamp NOT NULL DEFAULT '0000-00-00 00:00:00',
  `updated_at` timestamp NOT NULL DEFAULT '0000-00-00 00:00:00',
  `deleted_at` timestamp NULL DEFAULT NULL,
  PRIMARY KEY (`id`),
  KEY `continuidad_efectos_usu_alta_id_foreign` (`usu_alta_id`),
  KEY `continuidad_efectos_usu_mod_id_foreign` (`usu_mod_id`),
  CONSTRAINT `continuidad_efectos_usu_alta_id_foreign` FOREIGN KEY (`usu_alta_id`) REFERENCES `users` (`id`),
  CONSTRAINT `continuidad_efectos_usu_mod_id_foreign` FOREIGN KEY (`usu_mod_id`) REFERENCES `users` (`id`)
) ENGINE=InnoDB AUTO_INCREMENT=4 DEFAULT CHARSET=utf8 COLLATE=utf8_unicode_ci;

-- Volcando datos para la tabla siam_scribe.continuidad_efectos: ~3 rows (aproximadamente)
/*!40000 ALTER TABLE `continuidad_efectos` DISABLE KEYS */;
INSERT INTO `continuidad_efectos` (`id`, `continuidad_efecto`, `usu_alta_id`, `usu_mod_id`, `created_at`, `updated_at`, `deleted_at`) VALUES
	(1, 'OCACIONAL\r\n', 1, 1, '0000-00-00 00:00:00', '0000-00-00 00:00:00', NULL),
	(2, 'TEMPORAL\r\n', 1, 1, '0000-00-00 00:00:00', '0000-00-00 00:00:00', NULL),
	(3, 'PERMANENTE\r\n', 1, 1, '0000-00-00 00:00:00', '0000-00-00 00:00:00', NULL);
/*!40000 ALTER TABLE `continuidad_efectos` ENABLE KEYS */;


-- Volcando estructura para tabla siam_scribe.cs_accidentes
CREATE TABLE IF NOT EXISTS `cs_accidentes` (
  `id` int(10) unsigned NOT NULL AUTO_INCREMENT,
  `accidente` varchar(255) COLLATE utf8_unicode_ci NOT NULL,
  `usu_alta_id` int(10) unsigned NOT NULL,
  `usu_mod_id` int(10) unsigned NOT NULL,
  `created_at` timestamp NOT NULL DEFAULT '0000-00-00 00:00:00',
  `updated_at` timestamp NOT NULL DEFAULT '0000-00-00 00:00:00',
  `deleted_at` timestamp NULL DEFAULT NULL,
  PRIMARY KEY (`id`),
  KEY `cs_accidentes_usu_alta_id_foreign` (`usu_alta_id`),
  KEY `cs_accidentes_usu_mod_id_foreign` (`usu_mod_id`),
  CONSTRAINT `cs_accidentes_usu_alta_id_foreign` FOREIGN KEY (`usu_alta_id`) REFERENCES `users` (`id`),
  CONSTRAINT `cs_accidentes_usu_mod_id_foreign` FOREIGN KEY (`usu_mod_id`) REFERENCES `users` (`id`)
) ENGINE=InnoDB AUTO_INCREMENT=25 DEFAULT CHARSET=utf8 COLLATE=utf8_unicode_ci;

-- Volcando datos para la tabla siam_scribe.cs_accidentes: ~24 rows (aproximadamente)
/*!40000 ALTER TABLE `cs_accidentes` DISABLE KEYS */;
INSERT INTO `cs_accidentes` (`id`, `accidente`, `usu_alta_id`, `usu_mod_id`, `created_at`, `updated_at`, `deleted_at`) VALUES
	(1, 'Heridas', 1, 1, '0000-00-00 00:00:00', '0000-00-00 00:00:00', NULL),
	(2, 'Hemorragias', 1, 1, '0000-00-00 00:00:00', '0000-00-00 00:00:00', NULL),
	(3, 'Esguince', 1, 1, '0000-00-00 00:00:00', '0000-00-00 00:00:00', NULL),
	(4, 'Luxación', 1, 1, '0000-00-00 00:00:00', '0000-00-00 00:00:00', NULL),
	(5, 'Fractura', 1, 1, '0000-00-00 00:00:00', '0000-00-00 00:00:00', NULL),
	(6, 'Quemaduras', 1, 1, '0000-00-00 00:00:00', '0000-00-00 00:00:00', NULL),
	(7, 'Intoxicación', 1, 1, '0000-00-00 00:00:00', '0000-00-00 00:00:00', NULL),
	(8, 'Envenenamiento', 1, 1, '0000-00-00 00:00:00', '0000-00-00 00:00:00', NULL),
	(9, 'Caida personal', 1, 1, '0000-00-00 00:00:00', '0000-00-00 00:00:00', NULL),
	(10, 'Resbalon', 1, 1, '0000-00-00 00:00:00', '0000-00-00 00:00:00', NULL),
	(11, 'Golpe', 1, 1, '0000-00-00 00:00:00', '0000-00-00 00:00:00', NULL),
	(12, 'Caida de cosas', 1, 1, '0000-00-00 00:00:00', '0000-00-00 00:00:00', NULL),
	(13, 'susto', 1, 1, '0000-00-00 00:00:00', '0000-00-00 00:00:00', NULL),
	(14, 'estrés', 1, 1, '0000-00-00 00:00:00', '0000-00-00 00:00:00', NULL),
	(15, 'angustia', 1, 1, '0000-00-00 00:00:00', '0000-00-00 00:00:00', NULL),
	(16, 'depresión', 1, 1, '0000-00-00 00:00:00', '0000-00-00 00:00:00', NULL),
	(17, 'Choque', 1, 1, '0000-00-00 00:00:00', '0000-00-00 00:00:00', NULL),
	(18, 'electrocutacion', 1, 1, '0000-00-00 00:00:00', '0000-00-00 00:00:00', NULL),
	(19, 'quimico', 1, 1, '0000-00-00 00:00:00', '0000-00-00 00:00:00', NULL),
	(20, 'padecimiento medico', 1, 1, '0000-00-00 00:00:00', '0000-00-00 00:00:00', NULL),
	(21, 'trayecto a casa', 1, 1, '0000-00-00 00:00:00', '0000-00-00 00:00:00', NULL),
	(22, 'amputación', 1, 1, '0000-00-00 00:00:00', '0000-00-00 00:00:00', NULL),
	(23, 'trayecto a trabajo', 1, 1, '0000-00-00 00:00:00', '0000-00-00 00:00:00', NULL),
	(24, 'otro', 1, 1, '0000-00-00 00:00:00', '0000-00-00 00:00:00', NULL);
/*!40000 ALTER TABLE `cs_accidentes` ENABLE KEYS */;


-- Volcando estructura para tabla siam_scribe.cs_acciones
CREATE TABLE IF NOT EXISTS `cs_acciones` (
  `id` int(10) unsigned NOT NULL AUTO_INCREMENT,
  `accion` varchar(255) COLLATE utf8_unicode_ci NOT NULL,
  `usu_alta_id` int(10) unsigned NOT NULL,
  `usu_mod_id` int(10) unsigned NOT NULL,
  `created_at` timestamp NOT NULL DEFAULT '0000-00-00 00:00:00',
  `updated_at` timestamp NOT NULL DEFAULT '0000-00-00 00:00:00',
  `deleted_at` timestamp NULL DEFAULT NULL,
  PRIMARY KEY (`id`),
  KEY `cs_acciones_usu_alta_id_foreign` (`usu_alta_id`),
  KEY `cs_acciones_usu_mod_id_foreign` (`usu_mod_id`),
  CONSTRAINT `cs_acciones_usu_alta_id_foreign` FOREIGN KEY (`usu_alta_id`) REFERENCES `users` (`id`),
  CONSTRAINT `cs_acciones_usu_mod_id_foreign` FOREIGN KEY (`usu_mod_id`) REFERENCES `users` (`id`)
) ENGINE=InnoDB AUTO_INCREMENT=6 DEFAULT CHARSET=utf8 COLLATE=utf8_unicode_ci;

-- Volcando datos para la tabla siam_scribe.cs_acciones: ~5 rows (aproximadamente)
/*!40000 ALTER TABLE `cs_acciones` DISABLE KEYS */;
INSERT INTO `cs_acciones` (`id`, `accion`, `usu_alta_id`, `usu_mod_id`, `created_at`, `updated_at`, `deleted_at`) VALUES
	(1, 'NINGUNA', 1, 1, '2015-02-25 15:41:22', '2015-02-25 23:01:22', NULL),
	(2, 'PRIMEROS AUXILIOS', 1, 1, '2015-02-25 23:01:47', '2015-02-25 23:01:47', NULL),
	(3, 'ENVIAR AL IMSS', 1, 1, '2015-02-25 23:02:00', '2015-02-25 23:02:00', NULL),
	(4, 'ENVIAR A UN TERCERO', 1, 1, '2015-02-25 23:02:14', '2015-02-25 23:02:14', NULL),
	(5, 'OTRA', 1, 1, '2015-02-25 23:02:23', '2015-02-25 23:02:23', NULL);
/*!40000 ALTER TABLE `cs_acciones` ENABLE KEYS */;


-- Volcando estructura para tabla siam_scribe.cs_cat_docs
CREATE TABLE IF NOT EXISTS `cs_cat_docs` (
  `id` int(10) unsigned NOT NULL AUTO_INCREMENT,
  `cat_doc` varchar(255) COLLATE utf8_unicode_ci NOT NULL,
  `usu_alta_id` int(10) unsigned NOT NULL,
  `usu_mod_id` int(10) unsigned NOT NULL,
  `created_at` timestamp NOT NULL DEFAULT '0000-00-00 00:00:00',
  `updated_at` timestamp NOT NULL DEFAULT '0000-00-00 00:00:00',
  `deleted_at` timestamp NULL DEFAULT NULL,
  PRIMARY KEY (`id`),
  KEY `cs_cat_docs_usu_alta_id_foreign` (`usu_alta_id`),
  KEY `cs_cat_docs_usu_mod_id_foreign` (`usu_mod_id`),
  CONSTRAINT `cs_cat_docs_usu_alta_id_foreign` FOREIGN KEY (`usu_alta_id`) REFERENCES `users` (`id`),
  CONSTRAINT `cs_cat_docs_usu_mod_id_foreign` FOREIGN KEY (`usu_mod_id`) REFERENCES `users` (`id`)
) ENGINE=InnoDB AUTO_INCREMENT=2 DEFAULT CHARSET=utf8 COLLATE=utf8_unicode_ci;

-- Volcando datos para la tabla siam_scribe.cs_cat_docs: ~0 rows (aproximadamente)
/*!40000 ALTER TABLE `cs_cat_docs` DISABLE KEYS */;
INSERT INTO `cs_cat_docs` (`id`, `cat_doc`, `usu_alta_id`, `usu_mod_id`, `created_at`, `updated_at`, `deleted_at`) VALUES
	(1, 'categoria e', 1, 1, '2015-02-25 15:18:17', '2015-02-25 15:21:41', NULL);
/*!40000 ALTER TABLE `cs_cat_docs` ENABLE KEYS */;


-- Volcando estructura para tabla siam_scribe.cs_elementos_inspeccions
CREATE TABLE IF NOT EXISTS `cs_elementos_inspeccions` (
  `id` int(10) unsigned NOT NULL AUTO_INCREMENT,
  `grupo_norma_id` int(10) unsigned NOT NULL,
  `norma_id` int(10) unsigned NOT NULL,
  `elemento` varchar(255) COLLATE utf8_unicode_ci NOT NULL,
  `usu_alta_id` int(10) unsigned NOT NULL,
  `usu_mod_id` int(10) unsigned NOT NULL,
  `created_at` timestamp NOT NULL DEFAULT '0000-00-00 00:00:00',
  `updated_at` timestamp NOT NULL DEFAULT '0000-00-00 00:00:00',
  `deleted_at` timestamp NULL DEFAULT NULL,
  PRIMARY KEY (`id`),
  KEY `cs_elementos_inspeccions_usu_alta_id_foreign` (`usu_alta_id`),
  KEY `cs_elementos_inspeccions_usu_mod_id_foreign` (`usu_mod_id`),
  KEY `cs_elementos_inspeccions_grupo_norma_id_foreign` (`grupo_norma_id`),
  KEY `cs_elementos_inspeccions_norma_id_foreign` (`norma_id`),
  CONSTRAINT `cs_elementos_inspeccions_grupo_norma_id_foreign` FOREIGN KEY (`grupo_norma_id`) REFERENCES `cs_grupo_normas` (`id`),
  CONSTRAINT `cs_elementos_inspeccions_norma_id_foreign` FOREIGN KEY (`norma_id`) REFERENCES `cs_normas` (`id`),
  CONSTRAINT `cs_elementos_inspeccions_usu_alta_id_foreign` FOREIGN KEY (`usu_alta_id`) REFERENCES `users` (`id`),
  CONSTRAINT `cs_elementos_inspeccions_usu_mod_id_foreign` FOREIGN KEY (`usu_mod_id`) REFERENCES `users` (`id`)
) ENGINE=InnoDB AUTO_INCREMENT=2 DEFAULT CHARSET=utf8 COLLATE=utf8_unicode_ci;

-- Volcando datos para la tabla siam_scribe.cs_elementos_inspeccions: ~0 rows (aproximadamente)
/*!40000 ALTER TABLE `cs_elementos_inspeccions` DISABLE KEYS */;
INSERT INTO `cs_elementos_inspeccions` (`id`, `grupo_norma_id`, `norma_id`, `elemento`, `usu_alta_id`, `usu_mod_id`, `created_at`, `updated_at`, `deleted_at`) VALUES
	(1, 1, 1, 'EQUIPO FIJO', 1, 1, '2015-02-24 14:47:48', '2015-02-25 22:38:54', NULL);
/*!40000 ALTER TABLE `cs_elementos_inspeccions` ENABLE KEYS */;


-- Volcando estructura para tabla siam_scribe.cs_enfermedades
CREATE TABLE IF NOT EXISTS `cs_enfermedades` (
  `id` int(10) unsigned NOT NULL AUTO_INCREMENT,
  `enfermedad` varchar(255) COLLATE utf8_unicode_ci NOT NULL,
  `usu_alta_id` int(10) unsigned NOT NULL,
  `usu_mod_id` int(10) unsigned NOT NULL,
  `created_at` timestamp NOT NULL DEFAULT '0000-00-00 00:00:00',
  `updated_at` timestamp NOT NULL DEFAULT '0000-00-00 00:00:00',
  `deleted_at` timestamp NULL DEFAULT NULL,
  PRIMARY KEY (`id`),
  KEY `cs_enfermedades_usu_alta_id_foreign` (`usu_alta_id`),
  KEY `cs_enfermedades_usu_mod_id_foreign` (`usu_mod_id`),
  CONSTRAINT `cs_enfermedades_usu_alta_id_foreign` FOREIGN KEY (`usu_alta_id`) REFERENCES `users` (`id`),
  CONSTRAINT `cs_enfermedades_usu_mod_id_foreign` FOREIGN KEY (`usu_mod_id`) REFERENCES `users` (`id`)
) ENGINE=InnoDB AUTO_INCREMENT=20 DEFAULT CHARSET=utf8 COLLATE=utf8_unicode_ci;

-- Volcando datos para la tabla siam_scribe.cs_enfermedades: ~19 rows (aproximadamente)
/*!40000 ALTER TABLE `cs_enfermedades` DISABLE KEYS */;
INSERT INTO `cs_enfermedades` (`id`, `enfermedad`, `usu_alta_id`, `usu_mod_id`, `created_at`, `updated_at`, `deleted_at`) VALUES
	(1, 'gripe\n', 1, 1, '0000-00-00 00:00:00', '0000-00-00 00:00:00', NULL),
	(2, 'infección en vías respiratorias\n', 1, 1, '0000-00-00 00:00:00', '0000-00-00 00:00:00', NULL),
	(3, 'infecciones gastrointestinales\n', 1, 1, '0000-00-00 00:00:00', '0000-00-00 00:00:00', NULL),
	(4, 'migraña\n', 1, 1, '0000-00-00 00:00:00', '0000-00-00 00:00:00', NULL),
	(5, 'hepatitis\n', 1, 1, '0000-00-00 00:00:00', '0000-00-00 00:00:00', NULL),
	(6, 'enfermedades del higado\n', 1, 1, '0000-00-00 00:00:00', '0000-00-00 00:00:00', NULL),
	(7, 'caries\n', 1, 1, '0000-00-00 00:00:00', '0000-00-00 00:00:00', NULL),
	(8, 'diabetes\n', 1, 1, '0000-00-00 00:00:00', '0000-00-00 00:00:00', NULL),
	(9, 'sida\n', 1, 1, '0000-00-00 00:00:00', '0000-00-00 00:00:00', NULL),
	(10, 'asma \n', 1, 1, '0000-00-00 00:00:00', '0000-00-00 00:00:00', NULL),
	(11, 'cancer\n', 1, 1, '0000-00-00 00:00:00', '0000-00-00 00:00:00', NULL),
	(12, 'anorexia\n', 1, 1, '0000-00-00 00:00:00', '0000-00-00 00:00:00', NULL),
	(13, 'obecidad\n', 1, 1, '0000-00-00 00:00:00', '0000-00-00 00:00:00', NULL),
	(14, 'dolor de cabeza\n', 1, 1, '0000-00-00 00:00:00', '0000-00-00 00:00:00', NULL),
	(15, 'cuerpo cortado\n', 1, 1, '0000-00-00 00:00:00', '0000-00-00 00:00:00', NULL),
	(16, 'dolor muscular\n', 1, 1, '0000-00-00 00:00:00', '0000-00-00 00:00:00', NULL),
	(17, 'dolor en articulación\n', 1, 1, '0000-00-00 00:00:00', '0000-00-00 00:00:00', NULL),
	(18, 'embriaguez\n', 1, 1, '0000-00-00 00:00:00', '0000-00-00 00:00:00', NULL),
	(19, 'resaca\n', 1, 1, '0000-00-00 00:00:00', '0000-00-00 00:00:00', NULL);
/*!40000 ALTER TABLE `cs_enfermedades` ENABLE KEYS */;


-- Volcando estructura para tabla siam_scribe.cs_grupo_normas
CREATE TABLE IF NOT EXISTS `cs_grupo_normas` (
  `id` int(10) unsigned NOT NULL AUTO_INCREMENT,
  `grupo_norma` varchar(255) COLLATE utf8_unicode_ci NOT NULL,
  `usu_alta_id` int(10) unsigned NOT NULL,
  `usu_mod_id` int(10) unsigned NOT NULL,
  `created_at` timestamp NOT NULL DEFAULT '0000-00-00 00:00:00',
  `updated_at` timestamp NOT NULL DEFAULT '0000-00-00 00:00:00',
  `deleted_at` timestamp NULL DEFAULT NULL,
  PRIMARY KEY (`id`),
  KEY `cs_grupo_normas_usu_alta_id_foreign` (`usu_alta_id`),
  KEY `cs_grupo_normas_usu_mod_id_foreign` (`usu_mod_id`),
  CONSTRAINT `cs_grupo_normas_usu_alta_id_foreign` FOREIGN KEY (`usu_alta_id`) REFERENCES `users` (`id`),
  CONSTRAINT `cs_grupo_normas_usu_mod_id_foreign` FOREIGN KEY (`usu_mod_id`) REFERENCES `users` (`id`)
) ENGINE=InnoDB AUTO_INCREMENT=4 DEFAULT CHARSET=utf8 COLLATE=utf8_unicode_ci;

-- Volcando datos para la tabla siam_scribe.cs_grupo_normas: ~3 rows (aproximadamente)
/*!40000 ALTER TABLE `cs_grupo_normas` DISABLE KEYS */;
INSERT INTO `cs_grupo_normas` (`id`, `grupo_norma`, `usu_alta_id`, `usu_mod_id`, `created_at`, `updated_at`, `deleted_at`) VALUES
	(1, 'GRUPO I', 1, 1, '2015-02-24 13:26:17', '2015-02-25 22:35:30', NULL),
	(2, 'GRUPO II', 1, 1, '2015-02-25 22:35:42', '2015-02-25 22:35:42', NULL),
	(3, 'REVISION DOCUMENTAL', 1, 1, '0000-00-00 00:00:00', '0000-00-00 00:00:00', NULL);
/*!40000 ALTER TABLE `cs_grupo_normas` ENABLE KEYS */;


-- Volcando estructura para tabla siam_scribe.cs_normas
CREATE TABLE IF NOT EXISTS `cs_normas` (
  `id` int(10) unsigned NOT NULL AUTO_INCREMENT,
  `grupo_norma_id` int(10) unsigned NOT NULL,
  `norma` varchar(255) COLLATE utf8_unicode_ci NOT NULL,
  `archivo` varchar(255) COLLATE utf8_unicode_ci NOT NULL,
  `usu_alta_id` int(10) unsigned NOT NULL,
  `usu_mod_id` int(10) unsigned NOT NULL,
  `created_at` timestamp NOT NULL DEFAULT '0000-00-00 00:00:00',
  `updated_at` timestamp NOT NULL DEFAULT '0000-00-00 00:00:00',
  `deleted_at` timestamp NULL DEFAULT NULL,
  PRIMARY KEY (`id`),
  KEY `cs_normas_usu_alta_id_foreign` (`usu_alta_id`),
  KEY `cs_normas_usu_mod_id_foreign` (`usu_mod_id`),
  KEY `cs_normas_grupo_norma_id_foreign` (`grupo_norma_id`),
  CONSTRAINT `cs_normas_grupo_norma_id_foreign` FOREIGN KEY (`grupo_norma_id`) REFERENCES `cs_grupo_normas` (`id`),
  CONSTRAINT `cs_normas_usu_alta_id_foreign` FOREIGN KEY (`usu_alta_id`) REFERENCES `users` (`id`),
  CONSTRAINT `cs_normas_usu_mod_id_foreign` FOREIGN KEY (`usu_mod_id`) REFERENCES `users` (`id`)
) ENGINE=InnoDB AUTO_INCREMENT=6 DEFAULT CHARSET=utf8 COLLATE=utf8_unicode_ci;

-- Volcando datos para la tabla siam_scribe.cs_normas: ~5 rows (aproximadamente)
/*!40000 ALTER TABLE `cs_normas` DISABLE KEYS */;
INSERT INTO `cs_normas` (`id`, `grupo_norma_id`, `norma`, `archivo`, `usu_alta_id`, `usu_mod_id`, `created_at`, `updated_at`, `deleted_at`) VALUES
	(1, 1, 'NORMA 33', 'carga.pdf', 1, 1, '2015-02-24 13:48:31', '2015-02-25 22:37:57', NULL),
	(2, 3, 'NOM-006-STPS-2000', '', 1, 1, '0000-00-00 00:00:00', '0000-00-00 00:00:00', NULL),
	(3, 3, 'NOM-007-STPS-2000', '', 1, 1, '0000-00-00 00:00:00', '0000-00-00 00:00:00', NULL),
	(4, 3, 'NOM-008-STPS-2001', '', 1, 1, '0000-00-00 00:00:00', '0000-00-00 00:00:00', NULL),
	(5, 3, 'NOM-010-STPS-1999', '', 1, 1, '0000-00-00 00:00:00', '0000-00-00 00:00:00', NULL);
/*!40000 ALTER TABLE `cs_normas` ENABLE KEYS */;


-- Volcando estructura para tabla siam_scribe.cs_tpo_bitacoras
CREATE TABLE IF NOT EXISTS `cs_tpo_bitacoras` (
  `id` int(10) unsigned NOT NULL AUTO_INCREMENT,
  `tpo_bitacora` varchar(255) COLLATE utf8_unicode_ci NOT NULL,
  `usu_alta_id` int(10) unsigned NOT NULL,
  `usu_mod_id` int(10) unsigned NOT NULL,
  `created_at` timestamp NOT NULL DEFAULT '0000-00-00 00:00:00',
  `updated_at` timestamp NOT NULL DEFAULT '0000-00-00 00:00:00',
  `deleted_at` timestamp NULL DEFAULT NULL,
  PRIMARY KEY (`id`),
  KEY `cs_tpo_bitacoras_usu_alta_id_foreign` (`usu_alta_id`),
  KEY `cs_tpo_bitacoras_usu_mod_id_foreign` (`usu_mod_id`),
  CONSTRAINT `cs_tpo_bitacoras_usu_alta_id_foreign` FOREIGN KEY (`usu_alta_id`) REFERENCES `users` (`id`),
  CONSTRAINT `cs_tpo_bitacoras_usu_mod_id_foreign` FOREIGN KEY (`usu_mod_id`) REFERENCES `users` (`id`)
) ENGINE=InnoDB AUTO_INCREMENT=14 DEFAULT CHARSET=utf8 COLLATE=utf8_unicode_ci;

-- Volcando datos para la tabla siam_scribe.cs_tpo_bitacoras: ~13 rows (aproximadamente)
/*!40000 ALTER TABLE `cs_tpo_bitacoras` DISABLE KEYS */;
INSERT INTO `cs_tpo_bitacoras` (`id`, `tpo_bitacora`, `usu_alta_id`, `usu_mod_id`, `created_at`, `updated_at`, `deleted_at`) VALUES
	(1, 'DOCUMENTO', 1, 1, '0000-00-00 00:00:00', '0000-00-00 00:00:00', NULL),
	(2, 'OTROS', 1, 1, '0000-00-00 00:00:00', '0000-00-00 00:00:00', NULL),
	(3, 'ELECTRICO', 1, 1, '0000-00-00 00:00:00', '0000-00-00 00:00:00', NULL),
	(4, 'CONDICION INSEGURA', 1, 1, '0000-00-00 00:00:00', '0000-00-00 00:00:00', NULL),
	(5, 'TUBERIAS', 1, 1, '0000-00-00 00:00:00', '0000-00-00 00:00:00', NULL),
	(6, 'TANQUES', 1, 1, '0000-00-00 00:00:00', '0000-00-00 00:00:00', NULL),
	(7, 'RECURSOS HUMANOS', 1, 1, '0000-00-00 00:00:00', '0000-00-00 00:00:00', NULL),
	(8, 'ALMACENAMIENTO', 1, 1, '0000-00-00 00:00:00', '0000-00-00 00:00:00', NULL),
	(9, 'EMERGENCIA', 1, 1, '0000-00-00 00:00:00', '0000-00-00 00:00:00', NULL),
	(10, 'INCENDIO', 1, 1, '0000-00-00 00:00:00', '0000-00-00 00:00:00', NULL),
	(11, 'ANALISIS', 1, 1, '0000-00-00 00:00:00', '0000-00-00 00:00:00', NULL),
	(12, 'MANTENIMIENTO', 1, 1, '0000-00-00 00:00:00', '0000-00-00 00:00:00', NULL),
	(13, 'ACTO INSEGURO', 1, 1, '0000-00-00 00:00:00', '0000-00-00 00:00:00', NULL);
/*!40000 ALTER TABLE `cs_tpo_bitacoras` ENABLE KEYS */;


-- Volcando estructura para tabla siam_scribe.cs_tpo_deteccions
CREATE TABLE IF NOT EXISTS `cs_tpo_deteccions` (
  `id` int(10) unsigned NOT NULL AUTO_INCREMENT,
  `tpo_deteccion` varchar(255) COLLATE utf8_unicode_ci NOT NULL,
  `usu_alta_id` int(10) unsigned NOT NULL,
  `usu_mod_id` int(10) unsigned NOT NULL,
  `created_at` timestamp NOT NULL DEFAULT '0000-00-00 00:00:00',
  `updated_at` timestamp NOT NULL DEFAULT '0000-00-00 00:00:00',
  `deleted_at` timestamp NULL DEFAULT NULL,
  PRIMARY KEY (`id`),
  KEY `cs_tpo_deteccions_usu_alta_id_foreign` (`usu_alta_id`),
  KEY `cs_tpo_deteccions_usu_mod_id_foreign` (`usu_mod_id`),
  CONSTRAINT `cs_tpo_deteccions_usu_alta_id_foreign` FOREIGN KEY (`usu_alta_id`) REFERENCES `users` (`id`),
  CONSTRAINT `cs_tpo_deteccions_usu_mod_id_foreign` FOREIGN KEY (`usu_mod_id`) REFERENCES `users` (`id`)
) ENGINE=InnoDB AUTO_INCREMENT=3 DEFAULT CHARSET=utf8 COLLATE=utf8_unicode_ci;

-- Volcando datos para la tabla siam_scribe.cs_tpo_deteccions: ~2 rows (aproximadamente)
/*!40000 ALTER TABLE `cs_tpo_deteccions` DISABLE KEYS */;
INSERT INTO `cs_tpo_deteccions` (`id`, `tpo_deteccion`, `usu_alta_id`, `usu_mod_id`, `created_at`, `updated_at`, `deleted_at`) VALUES
	(1, 'ORDINARIA', 1, 1, '0000-00-00 00:00:00', '0000-00-00 00:00:00', NULL),
	(2, 'EXTRAORDINARIA', 1, 1, '0000-00-00 00:00:00', '0000-00-00 00:00:00', NULL);
/*!40000 ALTER TABLE `cs_tpo_deteccions` ENABLE KEYS */;


-- Volcando estructura para tabla siam_scribe.cs_tpo_docs
CREATE TABLE IF NOT EXISTS `cs_tpo_docs` (
  `id` int(10) unsigned NOT NULL AUTO_INCREMENT,
  `tpo_procedimiento_id` int(10) unsigned NOT NULL,
  `tpo_doc` varchar(255) COLLATE utf8_unicode_ci NOT NULL,
  `usu_alta_id` int(10) unsigned NOT NULL,
  `usu_mod_id` int(10) unsigned NOT NULL,
  `created_at` timestamp NOT NULL DEFAULT '0000-00-00 00:00:00',
  `updated_at` timestamp NOT NULL DEFAULT '0000-00-00 00:00:00',
  `deleted_at` timestamp NULL DEFAULT NULL,
  PRIMARY KEY (`id`),
  KEY `cs_tpo_docs_usu_alta_id_foreign` (`usu_alta_id`),
  KEY `cs_tpo_docs_usu_mod_id_foreign` (`usu_mod_id`),
  KEY `cs_tpo_docs_tpo_procedimiento_id_foreign` (`tpo_procedimiento_id`),
  CONSTRAINT `cs_tpo_docs_tpo_procedimiento_id_foreign` FOREIGN KEY (`tpo_procedimiento_id`) REFERENCES `cs_tpo_procedimientos` (`id`),
  CONSTRAINT `cs_tpo_docs_usu_alta_id_foreign` FOREIGN KEY (`usu_alta_id`) REFERENCES `users` (`id`),
  CONSTRAINT `cs_tpo_docs_usu_mod_id_foreign` FOREIGN KEY (`usu_mod_id`) REFERENCES `users` (`id`)
) ENGINE=InnoDB AUTO_INCREMENT=3 DEFAULT CHARSET=utf8 COLLATE=utf8_unicode_ci;

-- Volcando datos para la tabla siam_scribe.cs_tpo_docs: ~2 rows (aproximadamente)
/*!40000 ALTER TABLE `cs_tpo_docs` DISABLE KEYS */;
INSERT INTO `cs_tpo_docs` (`id`, `tpo_procedimiento_id`, `tpo_doc`, `usu_alta_id`, `usu_mod_id`, `created_at`, `updated_at`, `deleted_at`) VALUES
	(1, 1, 'SQP', 1, 1, '2015-02-24 11:40:13', '2015-02-25 22:33:53', NULL),
	(2, 1, 'MAQUINARIA', 1, 1, '2015-02-25 22:34:05', '2015-02-25 22:34:05', NULL);
/*!40000 ALTER TABLE `cs_tpo_docs` ENABLE KEYS */;


-- Volcando estructura para tabla siam_scribe.cs_tpo_inconformidades
CREATE TABLE IF NOT EXISTS `cs_tpo_inconformidades` (
  `id` int(10) unsigned NOT NULL AUTO_INCREMENT,
  `tpo_bitacora_id` int(10) unsigned NOT NULL,
  `tpo_inconformidad` varchar(255) COLLATE utf8_unicode_ci NOT NULL,
  `usu_alta_id` int(10) unsigned NOT NULL,
  `usu_mod_id` int(10) unsigned NOT NULL,
  `created_at` timestamp NOT NULL DEFAULT '0000-00-00 00:00:00',
  `updated_at` timestamp NOT NULL DEFAULT '0000-00-00 00:00:00',
  `deleted_at` timestamp NULL DEFAULT NULL,
  PRIMARY KEY (`id`),
  KEY `cs_tpo_inconformidades_usu_alta_id_foreign` (`usu_alta_id`),
  KEY `cs_tpo_inconformidades_usu_mod_id_foreign` (`usu_mod_id`),
  KEY `cs_tpo_inconformidades_tpo_bitacora_id_foreign` (`tpo_bitacora_id`),
  CONSTRAINT `cs_tpo_inconformidades_tpo_bitacora_id_foreign` FOREIGN KEY (`tpo_bitacora_id`) REFERENCES `cs_tpo_bitacoras` (`id`),
  CONSTRAINT `cs_tpo_inconformidades_usu_alta_id_foreign` FOREIGN KEY (`usu_alta_id`) REFERENCES `users` (`id`),
  CONSTRAINT `cs_tpo_inconformidades_usu_mod_id_foreign` FOREIGN KEY (`usu_mod_id`) REFERENCES `users` (`id`)
) ENGINE=InnoDB AUTO_INCREMENT=123 DEFAULT CHARSET=utf8 COLLATE=utf8_unicode_ci;

-- Volcando datos para la tabla siam_scribe.cs_tpo_inconformidades: ~122 rows (aproximadamente)
/*!40000 ALTER TABLE `cs_tpo_inconformidades` DISABLE KEYS */;
INSERT INTO `cs_tpo_inconformidades` (`id`, `tpo_bitacora_id`, `tpo_inconformidad`, `usu_alta_id`, `usu_mod_id`, `created_at`, `updated_at`, `deleted_at`) VALUES
	(1, 1, 'FALTA DE ESTUDIO DE RIESGO', 1, 1, '0000-00-00 00:00:00', '0000-00-00 00:00:00', NULL),
	(2, 2, 'FALTA DE CUMPLIMIENTO DE CONDICIONANTES DE ESTUDIO', 1, 1, '0000-00-00 00:00:00', '0000-00-00 00:00:00', NULL),
	(3, 3, 'FALTA DE MEDICIONES DE TIERRAS FISICAS', 1, 1, '0000-00-00 00:00:00', '0000-00-00 00:00:00', NULL),
	(4, 1, 'FALTA DE DICTAMEN EN MATERIA DE GAS LP', 1, 1, '0000-00-00 00:00:00', '0000-00-00 00:00:00', NULL),
	(5, 1, 'FALTA DE DICTAMEN EN MATERIA ELÉCTRICO', 1, 1, '0000-00-00 00:00:00', '0000-00-00 00:00:00', NULL),
	(6, 4, 'FALTA DE ORDEN Y LIMPIEZA', 1, 1, '0000-00-00 00:00:00', '0000-00-00 00:00:00', NULL),
	(7, 4, 'PISOS DAÑADOS', 1, 1, '0000-00-00 00:00:00', '0000-00-00 00:00:00', NULL),
	(8, 4, 'PISOS INUNDADOS', 1, 1, '0000-00-00 00:00:00', '0000-00-00 00:00:00', NULL),
	(9, 4, 'TECHOS DAÑADOS', 1, 1, '0000-00-00 00:00:00', '0000-00-00 00:00:00', NULL),
	(10, 4, 'TECHOS CON CORROSIÓN', 1, 1, '0000-00-00 00:00:00', '0000-00-00 00:00:00', NULL),
	(11, 4, 'FALTA DE IMPERMEABILIZACIÓN', 1, 1, '0000-00-00 00:00:00', '0000-00-00 00:00:00', NULL),
	(12, 4, 'PLAFON DAÑADO', 1, 1, '0000-00-00 00:00:00', '0000-00-00 00:00:00', NULL),
	(13, 3, 'CABLES ELECTRICOS FUERA DE RACK', 1, 1, '0000-00-00 00:00:00', '0000-00-00 00:00:00', NULL),
	(14, 3, 'INSTALACIONES ELÉCTRICAS PROVISIONALES', 1, 1, '0000-00-00 00:00:00', '0000-00-00 00:00:00', NULL),
	(15, 5, 'TUBERIAS CON CORROSIÓN', 1, 1, '0000-00-00 00:00:00', '0000-00-00 00:00:00', NULL),
	(16, 5, 'TUBERIAS NO IDENTIFICADAS', 1, 1, '0000-00-00 00:00:00', '0000-00-00 00:00:00', NULL),
	(17, 6, 'TANQUES NO IDENTIFICADOS', 1, 1, '0000-00-00 00:00:00', '0000-00-00 00:00:00', NULL),
	(18, 6, 'TANQUES CON CORROSIÓN', 1, 1, '0000-00-00 00:00:00', '0000-00-00 00:00:00', NULL),
	(19, 6, 'TANQUES NO ATERRIZADOS', 1, 1, '0000-00-00 00:00:00', '0000-00-00 00:00:00', NULL),
	(20, 6, 'TANQUES SIN PLACA', 1, 1, '0000-00-00 00:00:00', '0000-00-00 00:00:00', NULL),
	(21, 6, 'VÁLVULAS DE TANQUES NO IDENTIFICADAS', 1, 1, '0000-00-00 00:00:00', '0000-00-00 00:00:00', NULL),
	(22, 6, 'TANQUES DE GAS LP DE MAS DE 10 AÑOS', 1, 1, '0000-00-00 00:00:00', '0000-00-00 00:00:00', NULL),
	(23, 6, 'FALTA DE PRUEBAS DE HERMETICIDAD DE TANQUES', 1, 1, '0000-00-00 00:00:00', '0000-00-00 00:00:00', NULL),
	(24, 6, 'FALTA DE AUTORIZACIÓN DE RSP', 1, 1, '0000-00-00 00:00:00', '0000-00-00 00:00:00', NULL),
	(25, 7, 'FALTA DE CAPACITACIÓN', 1, 1, '0000-00-00 00:00:00', '0000-00-00 00:00:00', NULL),
	(26, 8, 'SUPERAN ESTIBA MÁXIMA', 1, 1, '0000-00-00 00:00:00', '0000-00-00 00:00:00', NULL),
	(27, 8, 'ALMACENAN MATERIALES PELIGROSOS JUNTO A MATERIALES INCOMPATIBLES', 1, 1, '0000-00-00 00:00:00', '0000-00-00 00:00:00', NULL),
	(28, 4, 'FALTA DE ILUMINACIÓN', 1, 1, '0000-00-00 00:00:00', '0000-00-00 00:00:00', NULL),
	(29, 4, 'FALTA DE ESTUDIOS DE ILUMINACIÓN', 1, 1, '0000-00-00 00:00:00', '0000-00-00 00:00:00', NULL),
	(30, 5, 'TUBERIAS CALIENTES NO CUBIERTAS', 1, 1, '0000-00-00 00:00:00', '0000-00-00 00:00:00', NULL),
	(31, 1, 'NO SE LLENA LA BITÁCORA DE HORNOS', 1, 1, '0000-00-00 00:00:00', '0000-00-00 00:00:00', NULL),
	(32, 1, 'NO SE LLENA LA BITÁCORA DE PLANTAS AUXILIARES DE ENERGIA ELÉCTRICA', 1, 1, '0000-00-00 00:00:00', '0000-00-00 00:00:00', NULL),
	(33, 1, 'NO SE LLENA LA BITÁCORA DE BOMBA DE COMBUSTIÓN DE SISTEMA CONTRA INCENDIO', 1, 1, '0000-00-00 00:00:00', '0000-00-00 00:00:00', NULL),
	(34, 1, 'NO SE LLEVA CONSUMO DE COMBUSTIBLES', 1, 1, '0000-00-00 00:00:00', '0000-00-00 00:00:00', NULL),
	(35, 1, 'NO SE LLEVA CONSUMO DE ENERGIA ELÉCTRICA', 1, 1, '0000-00-00 00:00:00', '0000-00-00 00:00:00', NULL),
	(36, 9, 'DERRAME DE SUSTANCIA', 1, 1, '0000-00-00 00:00:00', '0000-00-00 00:00:00', NULL),
	(37, 8, 'RACK GOLPEADO', 1, 1, '0000-00-00 00:00:00', '0000-00-00 00:00:00', NULL),
	(38, 4, 'PARED DAÑADA', 1, 1, '0000-00-00 00:00:00', '0000-00-00 00:00:00', NULL),
	(39, 3, 'LINEAS ELÉCTRICAS PROVISIONALES', 1, 1, '0000-00-00 00:00:00', '0000-00-00 00:00:00', NULL),
	(40, 9, 'FUGA DE GAS', 1, 1, '0000-00-00 00:00:00', '0000-00-00 00:00:00', NULL),
	(41, 9, 'FUGA DE COMBUSTIBLE', 1, 1, '0000-00-00 00:00:00', '0000-00-00 00:00:00', NULL),
	(42, 9, 'ALARMA DAÑADA', 1, 1, '0000-00-00 00:00:00', '0000-00-00 00:00:00', NULL),
	(43, 9, 'INSTALACIÓN DE CONTINGENCIA DAÑADA', 1, 1, '0000-00-00 00:00:00', '0000-00-00 00:00:00', NULL),
	(44, 9, 'FALTA DE SEÑALIZACIÓN', 1, 1, '0000-00-00 00:00:00', '0000-00-00 00:00:00', NULL),
	(45, 10, 'FALTA DE EQUIPO DE EXTINCIÓN', 1, 1, '0000-00-00 00:00:00', '0000-00-00 00:00:00', NULL),
	(46, 10, 'FALTA DE REVISIÓN A EQUIPOS DE CONTRAINCENDIO', 1, 1, '0000-00-00 00:00:00', '0000-00-00 00:00:00', NULL),
	(47, 9, 'FALTA DE BOTIQUIN ', 1, 1, '0000-00-00 00:00:00', '0000-00-00 00:00:00', NULL),
	(48, 9, 'FALTA DE RUTA DE EVACUACIÓN', 1, 1, '0000-00-00 00:00:00', '0000-00-00 00:00:00', NULL),
	(49, 9, 'FALTA DE PUNTO DE REUNIÓN', 1, 1, '0000-00-00 00:00:00', '0000-00-00 00:00:00', NULL),
	(50, 4, 'FALTA DE SEÑALIZACIÓN EN SUELO', 1, 1, '0000-00-00 00:00:00', '0000-00-00 00:00:00', NULL),
	(51, 7, 'FALTA DE RECORRIDOS DE LA CMSH', 1, 1, '0000-00-00 00:00:00', '0000-00-00 00:00:00', NULL),
	(52, 1, 'FALTA DE PROGRAMA DE SEGURIDAD E HIGIENE', 1, 1, '0000-00-00 00:00:00', '0000-00-00 00:00:00', NULL),
	(53, 1, 'FALTA DE REGISTRO DE FUENTE FIJA', 1, 1, '0000-00-00 00:00:00', '0000-00-00 00:00:00', NULL),
	(54, 11, 'FALTA DE MUESTREOS Y ANÁLISIS DE FUENTE FIJA', 1, 1, '0000-00-00 00:00:00', '0000-00-00 00:00:00', NULL),
	(55, 4, 'DAÑO EN FUENTES FIJAS', 1, 1, '0000-00-00 00:00:00', '0000-00-00 00:00:00', NULL),
	(56, 1, 'FALTA DE CONTRATO DE ABASTO DE AGUA', 1, 1, '0000-00-00 00:00:00', '0000-00-00 00:00:00', NULL),
	(57, 1, 'FALTA DE NOTAS DE COMPRA DE PIPAS', 1, 1, '0000-00-00 00:00:00', '0000-00-00 00:00:00', NULL),
	(58, 1, 'FALTA DE BALANCE DE AGUA', 1, 1, '0000-00-00 00:00:00', '0000-00-00 00:00:00', NULL),
	(59, 1, 'FALTA DE REGISTRO DE AGUAS RESIDUALES', 1, 1, '0000-00-00 00:00:00', '0000-00-00 00:00:00', NULL),
	(60, 1, 'FALTA DE MEDICIÓN DE CONSUMOS DE AGUA', 1, 1, '0000-00-00 00:00:00', '0000-00-00 00:00:00', NULL),
	(61, 1, 'FALTA DE MEDICIÓN DE GENERACIÓN DE AGUAS RESIDUALES', 1, 1, '0000-00-00 00:00:00', '0000-00-00 00:00:00', NULL),
	(62, 2, 'FALTA DE TRATAMIENTO DE AGUAS RESIDUALES', 1, 1, '0000-00-00 00:00:00', '0000-00-00 00:00:00', NULL),
	(63, 11, 'FALTA DE MUESTREOS Y ANÁLISIS DE AGUAS RESIDUALES', 1, 1, '0000-00-00 00:00:00', '0000-00-00 00:00:00', NULL),
	(64, 1, 'FALTA DE PLANO HIDRAULICO DE AGUA', 1, 1, '0000-00-00 00:00:00', '0000-00-00 00:00:00', NULL),
	(65, 1, 'FALTA DE PLANO DE DRENAJES DE AGUA', 1, 1, '0000-00-00 00:00:00', '0000-00-00 00:00:00', NULL),
	(66, 12, 'FALTA DE MANTENIMIENTO A LINEAS HIDRAULICAS', 1, 1, '0000-00-00 00:00:00', '0000-00-00 00:00:00', NULL),
	(67, 12, 'FALTA DE MANTENIMIENTO A L', 1, 1, '0000-00-00 00:00:00', '0000-00-00 00:00:00', NULL),
	(68, 12, 'FALTA DE MANTENIMIENTO A FUENTES FIJAS', 1, 1, '0000-00-00 00:00:00', '0000-00-00 00:00:00', NULL),
	(69, 1, 'FALTA DE REGISTRO DE RESIDUOS DE MANEJO ESPECIAL', 1, 1, '0000-00-00 00:00:00', '0000-00-00 00:00:00', NULL),
	(70, 11, 'FALTA DE ANÁLISIS CRETIB  DE LODOS DE PLANTA DE TRATAMIENTO', 1, 1, '0000-00-00 00:00:00', '0000-00-00 00:00:00', NULL),
	(71, 2, 'FALTA DE CONTENEDORES DE RESIDUOS DE MANEJO ESPECIAL', 1, 1, '0000-00-00 00:00:00', '0000-00-00 00:00:00', NULL),
	(72, 2, 'FALTA DE ÁREAS DE ALMACENAMIENTO TEMPORAL DE RESIDUOS DE MANEJO ESPECIAL', 1, 1, '0000-00-00 00:00:00', '0000-00-00 00:00:00', NULL),
	(73, 2, 'FALTA DE CONDICIONES EN ÁREA DE ALMACEN DE RESIDUOS DE MANEJO ESPECIAL', 1, 1, '0000-00-00 00:00:00', '0000-00-00 00:00:00', NULL),
	(74, 1, 'FALTA DE LLENADO DE BITÁCORA DE RESIDUOS', 1, 1, '0000-00-00 00:00:00', '0000-00-00 00:00:00', NULL),
	(75, 1, 'FALTA DE GENERACIÓN DE RESIDUOS DE MANEJO ESPECIAL', 1, 1, '0000-00-00 00:00:00', '0000-00-00 00:00:00', NULL),
	(76, 1, 'FALTA DE GENERACIÓN DE RESIDUOS SÓLIDOS URBANOS', 1, 1, '0000-00-00 00:00:00', '0000-00-00 00:00:00', NULL),
	(77, 1, 'FALTA DE REGISTRO DE RESIDUOS PELIGROSOS', 1, 1, '0000-00-00 00:00:00', '0000-00-00 00:00:00', NULL),
	(78, 1, 'FALTA O NO CONCIDENCIA DE LA AUTOCATEGORIZACIÓN DE LOS RESIDUOS PELIGROSOS', 1, 1, '0000-00-00 00:00:00', '0000-00-00 00:00:00', NULL),
	(79, 1, 'FALTA DE MANIFIESTO DE RESIDUOS PELIGROSOS', 1, 1, '0000-00-00 00:00:00', '0000-00-00 00:00:00', NULL),
	(80, 1, 'FALTA DE BITÁCORA DE RESIDUOS PELIGROSOS', 1, 1, '0000-00-00 00:00:00', '0000-00-00 00:00:00', NULL),
	(81, 1, 'FALTA DE BALANCE DE RESIDUOS PELIGROSOS', 1, 1, '0000-00-00 00:00:00', '0000-00-00 00:00:00', NULL),
	(82, 1, 'FALTA DE PLAN DE MANEJO DE RESIDUOS PELIGROSOS', 1, 1, '0000-00-00 00:00:00', '0000-00-00 00:00:00', NULL),
	(83, 11, 'FALTA DE ANÁLISIS DE PCB\'S', 1, 1, '0000-00-00 00:00:00', '0000-00-00 00:00:00', NULL),
	(84, 1, 'FALTA DE PLAN DE MANEJO DE RESIDUOS DE MANEJO ESPECIAL', 1, 1, '0000-00-00 00:00:00', '0000-00-00 00:00:00', NULL),
	(85, 1, 'FALTA DE INVENTARIO DE GENERACIÓN DE RESIDUOS PELIGROSOS', 1, 1, '0000-00-00 00:00:00', '0000-00-00 00:00:00', NULL),
	(86, 1, 'PLAN DE CONTINGENCIA AMBIENTAL', 1, 1, '0000-00-00 00:00:00', '0000-00-00 00:00:00', NULL),
	(87, 1, 'AVISO DE ENTRADA AL PLAN DE CONTINGENCIA AMBIENTAL', 1, 1, '0000-00-00 00:00:00', '0000-00-00 00:00:00', NULL),
	(88, 1, 'VISTO BUENO MUNICIPAL DE ECOLOGIA', 1, 1, '0000-00-00 00:00:00', '0000-00-00 00:00:00', NULL),
	(89, 1, 'VISTO BUENO DE PROTECCIÓN', 1, 1, '0000-00-00 00:00:00', '0000-00-00 00:00:00', NULL),
	(90, 4, 'DAÑO EN CONTENEDORES DE RESIDUOS', 1, 1, '0000-00-00 00:00:00', '0000-00-00 00:00:00', NULL),
	(91, 13, 'MEZCLADO DE RESIDUOS', 1, 1, '0000-00-00 00:00:00', '0000-00-00 00:00:00', NULL),
	(92, 7, 'FALTA DE CAPACITACIÓN EN MATERIA AMBIENTAL', 1, 1, '0000-00-00 00:00:00', '0000-00-00 00:00:00', NULL),
	(93, 9, 'INCENDIO', 1, 1, '0000-00-00 00:00:00', '0000-00-00 00:00:00', NULL),
	(94, 9, 'CONATO DE INCENDIO', 1, 1, '0000-00-00 00:00:00', '0000-00-00 00:00:00', NULL),
	(95, 9, 'CAIDA DE MATERIALES', 1, 1, '0000-00-00 00:00:00', '0000-00-00 00:00:00', NULL),
	(96, 13, 'NO USAR EQUIPO DE SEGURIDAD', 1, 1, '0000-00-00 00:00:00', '0000-00-00 00:00:00', NULL),
	(97, 13, 'NO SEGUIR NORMAS INTERNAS', 1, 1, '0000-00-00 00:00:00', '0000-00-00 00:00:00', NULL),
	(98, 13, 'NO RESPETAR ÁREAS EXCLUSIVAS', 1, 1, '0000-00-00 00:00:00', '0000-00-00 00:00:00', NULL),
	(99, 13, 'NO USAR EL UNIFORME', 1, 1, '0000-00-00 00:00:00', '0000-00-00 00:00:00', NULL),
	(100, 13, 'TRABAJAR EN ÁREAS EN DONDE PUEDAN GENERAR UN PELIGRO', 1, 1, '0000-00-00 00:00:00', '0000-00-00 00:00:00', NULL),
	(101, 13, 'TRABAJAR EN ÁREAS NO AUTORIZADAS', 1, 1, '0000-00-00 00:00:00', '0000-00-00 00:00:00', NULL),
	(102, 13, 'NO RESPETAR VELOCIDAD EN ZONAS DE TRANSITO', 1, 1, '0000-00-00 00:00:00', '0000-00-00 00:00:00', NULL),
	(103, 13, 'CAMINAR EN ÁREAS NO AUTORIZADAS O DE NO PEATONES', 1, 1, '0000-00-00 00:00:00', '0000-00-00 00:00:00', NULL),
	(104, 13, 'JUGAR EN ÁREAS DE TRABAJO', 1, 1, '0000-00-00 00:00:00', '0000-00-00 00:00:00', NULL),
	(105, 8, 'NO RESPETAN ÁREAS DE ALMACENAMIENTO', 1, 1, '0000-00-00 00:00:00', '0000-00-00 00:00:00', NULL),
	(106, 8, 'NO SEÑALIZAN ÁREAS DE ALMACENAMIENTO Y TRANSITO', 1, 1, '0000-00-00 00:00:00', '0000-00-00 00:00:00', NULL),
	(107, 8, 'NO TIENEN INSTALACIONES PARA EN CASO DE DERRAME', 1, 1, '0000-00-00 00:00:00', '0000-00-00 00:00:00', NULL),
	(108, 8, 'NO TIENEN KID DE DERRAME', 1, 1, '0000-00-00 00:00:00', '0000-00-00 00:00:00', NULL),
	(109, 8, 'NO TIENEN ESPEJOS', 1, 1, '0000-00-00 00:00:00', '0000-00-00 00:00:00', NULL),
	(110, 8, 'NO RESPETAN VELOCIDAD M', 1, 1, '0000-00-00 00:00:00', '0000-00-00 00:00:00', NULL),
	(111, 3, 'FALTA DE TIERRAS FISICAS', 1, 1, '0000-00-00 00:00:00', '0000-00-00 00:00:00', NULL),
	(112, 3, 'FALTA DE APARTARRAYOS', 1, 1, '0000-00-00 00:00:00', '0000-00-00 00:00:00', NULL),
	(113, 3, 'NO SEÑALIZACIÓN DE VOLTAJE EN CONTACTOS ELÉCTRICOS', 1, 1, '0000-00-00 00:00:00', '0000-00-00 00:00:00', NULL),
	(114, 3, 'NO SEÑALIZAN SUBESTACIONES', 1, 1, '0000-00-00 00:00:00', '0000-00-00 00:00:00', NULL),
	(115, 3, 'SUBESTACIÓN CON FALTA DE MANTENIMIENTO', 1, 1, '0000-00-00 00:00:00', '0000-00-00 00:00:00', NULL),
	(116, 3, 'FALTA DE DIAGRAMA UNIFILAR', 1, 1, '0000-00-00 00:00:00', '0000-00-00 00:00:00', NULL),
	(117, 11, 'FALTA DE MUESTREOS DE RUIDO PERIMETRAL', 1, 1, '0000-00-00 00:00:00', '0000-00-00 00:00:00', NULL),
	(118, 7, 'FALTA DE CAPACITACIÓN EN MATERIA DE SEGURIDAD', 1, 1, '0000-00-00 00:00:00', '0000-00-00 00:00:00', NULL),
	(119, 7, 'FALTA DE AUTORIDAD', 1, 1, '0000-00-00 00:00:00', '0000-00-00 00:00:00', NULL),
	(120, 7, 'FALTA DE SEGUIMIENTO A CONFLICTOS LABORALES', 1, 1, '0000-00-00 00:00:00', '0000-00-00 00:00:00', NULL),
	(121, 7, 'DENUNCIAS', 1, 1, '0000-00-00 00:00:00', '0000-00-00 00:00:00', NULL),
	(122, 7, 'FALTA DE SEGUIMIENTO A PLANES DE ACCIÓN', 1, 1, '0000-00-00 00:00:00', '0000-00-00 00:00:00', NULL);
/*!40000 ALTER TABLE `cs_tpo_inconformidades` ENABLE KEYS */;


-- Volcando estructura para tabla siam_scribe.cs_tpo_procedimientos
CREATE TABLE IF NOT EXISTS `cs_tpo_procedimientos` (
  `id` int(10) unsigned NOT NULL AUTO_INCREMENT,
  `tpo_procedimiento` varchar(255) COLLATE utf8_unicode_ci NOT NULL,
  `usu_alta_id` int(10) unsigned NOT NULL,
  `usu_mod_id` int(10) unsigned NOT NULL,
  `created_at` timestamp NOT NULL DEFAULT '0000-00-00 00:00:00',
  `updated_at` timestamp NOT NULL DEFAULT '0000-00-00 00:00:00',
  `deleted_at` timestamp NULL DEFAULT NULL,
  PRIMARY KEY (`id`),
  KEY `cs_tpo_procedimientos_usu_alta_id_foreign` (`usu_alta_id`),
  KEY `cs_tpo_procedimientos_usu_mod_id_foreign` (`usu_mod_id`),
  CONSTRAINT `cs_tpo_procedimientos_usu_alta_id_foreign` FOREIGN KEY (`usu_alta_id`) REFERENCES `users` (`id`),
  CONSTRAINT `cs_tpo_procedimientos_usu_mod_id_foreign` FOREIGN KEY (`usu_mod_id`) REFERENCES `users` (`id`)
) ENGINE=InnoDB AUTO_INCREMENT=5 DEFAULT CHARSET=utf8 COLLATE=utf8_unicode_ci;

-- Volcando datos para la tabla siam_scribe.cs_tpo_procedimientos: ~4 rows (aproximadamente)
/*!40000 ALTER TABLE `cs_tpo_procedimientos` DISABLE KEYS */;
INSERT INTO `cs_tpo_procedimientos` (`id`, `tpo_procedimiento`, `usu_alta_id`, `usu_mod_id`, `created_at`, `updated_at`, `deleted_at`) VALUES
	(1, 'MANEJO DE SQP', 1, 1, '2015-02-24 11:21:07', '2015-02-25 22:03:53', NULL),
	(2, 'MANEJO DE MATERIALES', 1, 1, '2015-02-25 22:04:05', '2015-02-25 22:04:05', NULL),
	(3, 'OPERACIÓN MAQUINARIA Y EQUIPO', 1, 1, '2015-02-25 22:04:54', '2015-02-25 22:04:54', NULL),
	(4, 'CONTRAINCENDIO', 1, 1, '2015-02-25 22:05:13', '2015-02-25 22:05:13', NULL);
/*!40000 ALTER TABLE `cs_tpo_procedimientos` ENABLE KEYS */;


-- Volcando estructura para tabla siam_scribe.cumplimientos
CREATE TABLE IF NOT EXISTS `cumplimientos` (
  `id` int(10) unsigned NOT NULL AUTO_INCREMENT,
  `cumplimiento` varchar(255) COLLATE utf8_unicode_ci NOT NULL,
  `usu_alta_id` int(10) unsigned NOT NULL,
  `usu_mod_id` int(10) unsigned NOT NULL,
  `created_at` timestamp NOT NULL DEFAULT '0000-00-00 00:00:00',
  `updated_at` timestamp NOT NULL DEFAULT '0000-00-00 00:00:00',
  `deleted_at` timestamp NULL DEFAULT NULL,
  PRIMARY KEY (`id`),
  KEY `cumplimientos_usu_alta_id_foreign` (`usu_alta_id`),
  KEY `cumplimientos_usu_mod_id_foreign` (`usu_mod_id`),
  CONSTRAINT `cumplimientos_usu_alta_id_foreign` FOREIGN KEY (`usu_alta_id`) REFERENCES `users` (`id`),
  CONSTRAINT `cumplimientos_usu_mod_id_foreign` FOREIGN KEY (`usu_mod_id`) REFERENCES `users` (`id`)
) ENGINE=InnoDB AUTO_INCREMENT=5 DEFAULT CHARSET=utf8 COLLATE=utf8_unicode_ci;

-- Volcando datos para la tabla siam_scribe.cumplimientos: ~4 rows (aproximadamente)
/*!40000 ALTER TABLE `cumplimientos` DISABLE KEYS */;
INSERT INTO `cumplimientos` (`id`, `cumplimiento`, `usu_alta_id`, `usu_mod_id`, `created_at`, `updated_at`, `deleted_at`) VALUES
	(1, 'POR VERIFICAR', 1, 1, '2015-01-22 02:37:00', '2015-01-22 02:37:00', NULL),
	(2, 'SI', 1, 1, '2015-01-22 02:37:09', '2015-01-22 02:40:29', NULL),
	(3, 'NO', 1, 1, '2015-01-22 02:37:19', '2015-01-22 02:37:19', NULL),
	(4, 'N/A', 1, 1, '2015-01-22 02:37:28', '2015-01-22 02:37:28', NULL);
/*!40000 ALTER TABLE `cumplimientos` ENABLE KEYS */;


-- Volcando estructura para tabla siam_scribe.documentos
CREATE TABLE IF NOT EXISTS `documentos` (
  `id` int(10) unsigned NOT NULL AUTO_INCREMENT,
  `enc_impacto_id` int(10) unsigned NOT NULL,
  `doc_proyecto_id` int(10) unsigned NOT NULL,
  `nota` varchar(255) COLLATE utf8_unicode_ci NOT NULL,
  `documento` varchar(255) COLLATE utf8_unicode_ci NOT NULL,
  `usu_alta_id` int(10) unsigned NOT NULL,
  `usu_mod_id` int(10) unsigned NOT NULL,
  `created_at` timestamp NOT NULL DEFAULT '0000-00-00 00:00:00',
  `updated_at` timestamp NOT NULL DEFAULT '0000-00-00 00:00:00',
  `deleted_at` timestamp NULL DEFAULT NULL,
  PRIMARY KEY (`id`),
  KEY `documentos_usu_alta_id_foreign` (`usu_alta_id`),
  KEY `documentos_usu_mod_id_foreign` (`usu_mod_id`),
  KEY `documentos_enc_impacto_id_foreign` (`enc_impacto_id`),
  KEY `documentos_doc_proyecto_id_foreign` (`doc_proyecto_id`),
  CONSTRAINT `documentos_doc_proyecto_id_foreign` FOREIGN KEY (`doc_proyecto_id`) REFERENCES `doc_proyectos` (`id`),
  CONSTRAINT `documentos_enc_impacto_id_foreign` FOREIGN KEY (`enc_impacto_id`) REFERENCES `enc_impactos` (`id`),
  CONSTRAINT `documentos_usu_alta_id_foreign` FOREIGN KEY (`usu_alta_id`) REFERENCES `users` (`id`),
  CONSTRAINT `documentos_usu_mod_id_foreign` FOREIGN KEY (`usu_mod_id`) REFERENCES `users` (`id`)
) ENGINE=InnoDB DEFAULT CHARSET=utf8 COLLATE=utf8_unicode_ci;

-- Volcando datos para la tabla siam_scribe.documentos: ~0 rows (aproximadamente)
/*!40000 ALTER TABLE `documentos` DISABLE KEYS */;
/*!40000 ALTER TABLE `documentos` ENABLE KEYS */;


-- Volcando estructura para tabla siam_scribe.doc_proyectos
CREATE TABLE IF NOT EXISTS `doc_proyectos` (
  `id` int(10) unsigned NOT NULL AUTO_INCREMENT,
  `documento` varchar(255) COLLATE utf8_unicode_ci NOT NULL,
  `usu_alta_id` int(10) unsigned NOT NULL,
  `usu_mod_id` int(10) unsigned NOT NULL,
  `created_at` timestamp NOT NULL DEFAULT '0000-00-00 00:00:00',
  `updated_at` timestamp NOT NULL DEFAULT '0000-00-00 00:00:00',
  `deleted_at` timestamp NULL DEFAULT NULL,
  PRIMARY KEY (`id`),
  KEY `doc_proyectos_usu_alta_id_foreign` (`usu_alta_id`),
  KEY `doc_proyectos_usu_mod_id_foreign` (`usu_mod_id`),
  CONSTRAINT `doc_proyectos_usu_alta_id_foreign` FOREIGN KEY (`usu_alta_id`) REFERENCES `users` (`id`),
  CONSTRAINT `doc_proyectos_usu_mod_id_foreign` FOREIGN KEY (`usu_mod_id`) REFERENCES `users` (`id`)
) ENGINE=InnoDB AUTO_INCREMENT=8 DEFAULT CHARSET=utf8 COLLATE=utf8_unicode_ci;

-- Volcando datos para la tabla siam_scribe.doc_proyectos: ~7 rows (aproximadamente)
/*!40000 ALTER TABLE `doc_proyectos` DISABLE KEYS */;
INSERT INTO `doc_proyectos` (`id`, `documento`, `usu_alta_id`, `usu_mod_id`, `created_at`, `updated_at`, `deleted_at`) VALUES
	(1, 'Identificación oficial del interesado y/o representante legal', 1, 1, '0000-00-00 00:00:00', '0000-00-00 00:00:00', NULL),
	(2, 'Certificado Único de Zonificación de Uso del Suelo', 1, 1, '0000-00-00 00:00:00', '0000-00-00 00:00:00', NULL),
	(3, 'Constancia de Alineamiento y Número Oficial', 1, 1, '0000-00-00 00:00:00', '0000-00-00 00:00:00', NULL),
	(4, 'Documentación legal que acredite la propiedad o posesión del predio.', 1, 1, '0000-00-00 00:00:00', '0000-00-00 00:00:00', NULL),
	(5, 'Comprobante del pago por concepto de aprovechamientos', 1, 1, '0000-00-00 00:00:00', '0000-00-00 00:00:00', NULL),
	(6, 'Licencia Ambiental única para el DF', 1, 1, '0000-00-00 00:00:00', '0000-00-00 00:00:00', NULL),
	(7, 'Declaratoria  de Cumplimiento Ambiental de demolición', 1, 1, '0000-00-00 00:00:00', '0000-00-00 00:00:00', NULL);
/*!40000 ALTER TABLE `doc_proyectos` ENABLE KEYS */;


-- Volcando estructura para tabla siam_scribe.duracion_accions
CREATE TABLE IF NOT EXISTS `duracion_accions` (
  `id` int(10) unsigned NOT NULL AUTO_INCREMENT,
  `duracion_accion` varchar(255) COLLATE utf8_unicode_ci NOT NULL,
  `usu_alta_id` int(10) unsigned NOT NULL,
  `usu_mod_id` int(10) unsigned NOT NULL,
  `created_at` timestamp NOT NULL DEFAULT '0000-00-00 00:00:00',
  `updated_at` timestamp NOT NULL DEFAULT '0000-00-00 00:00:00',
  `deleted_at` timestamp NULL DEFAULT NULL,
  PRIMARY KEY (`id`),
  KEY `duracion_accions_usu_alta_id_foreign` (`usu_alta_id`),
  KEY `duracion_accions_usu_mod_id_foreign` (`usu_mod_id`),
  CONSTRAINT `duracion_accions_usu_alta_id_foreign` FOREIGN KEY (`usu_alta_id`) REFERENCES `users` (`id`),
  CONSTRAINT `duracion_accions_usu_mod_id_foreign` FOREIGN KEY (`usu_mod_id`) REFERENCES `users` (`id`)
) ENGINE=InnoDB AUTO_INCREMENT=6 DEFAULT CHARSET=utf8 COLLATE=utf8_unicode_ci;

-- Volcando datos para la tabla siam_scribe.duracion_accions: ~5 rows (aproximadamente)
/*!40000 ALTER TABLE `duracion_accions` DISABLE KEYS */;
INSERT INTO `duracion_accions` (`id`, `duracion_accion`, `usu_alta_id`, `usu_mod_id`, `created_at`, `updated_at`, `deleted_at`) VALUES
	(1, 'ANUAL', 1, 1, '0000-00-00 00:00:00', '0000-00-00 00:00:00', NULL),
	(2, 'MENSUAL', 1, 1, '0000-00-00 00:00:00', '0000-00-00 00:00:00', NULL),
	(3, 'SEMANAL', 1, 1, '0000-00-00 00:00:00', '0000-00-00 00:00:00', NULL),
	(4, 'DIARIO', 1, 1, '0000-00-00 00:00:00', '0000-00-00 00:00:00', NULL),
	(5, 'N/A', 1, 1, '0000-00-00 00:00:00', '0000-00-00 00:00:00', NULL);
/*!40000 ALTER TABLE `duracion_accions` ENABLE KEYS */;


-- Volcando estructura para tabla siam_scribe.efectos
CREATE TABLE IF NOT EXISTS `efectos` (
  `id` int(10) unsigned NOT NULL AUTO_INCREMENT,
  `efecto` varchar(255) COLLATE utf8_unicode_ci NOT NULL,
  `descripcion` varchar(255) COLLATE utf8_unicode_ci NOT NULL,
  `usu_alta_id` int(10) unsigned NOT NULL,
  `usu_mod_id` int(10) unsigned NOT NULL,
  `created_at` timestamp NOT NULL DEFAULT '0000-00-00 00:00:00',
  `updated_at` timestamp NOT NULL DEFAULT '0000-00-00 00:00:00',
  `deleted_at` timestamp NULL DEFAULT NULL,
  PRIMARY KEY (`id`),
  KEY `efectos_usu_alta_id_foreign` (`usu_alta_id`),
  KEY `efectos_usu_mod_id_foreign` (`usu_mod_id`),
  CONSTRAINT `efectos_usu_alta_id_foreign` FOREIGN KEY (`usu_alta_id`) REFERENCES `users` (`id`),
  CONSTRAINT `efectos_usu_mod_id_foreign` FOREIGN KEY (`usu_mod_id`) REFERENCES `users` (`id`)
) ENGINE=InnoDB AUTO_INCREMENT=14 DEFAULT CHARSET=utf8 COLLATE=utf8_unicode_ci;

-- Volcando datos para la tabla siam_scribe.efectos: ~13 rows (aproximadamente)
/*!40000 ALTER TABLE `efectos` DISABLE KEYS */;
INSERT INTO `efectos` (`id`, `efecto`, `descripcion`, `usu_alta_id`, `usu_mod_id`, `created_at`, `updated_at`, `deleted_at`) VALUES
	(1, 'S/E', 'Sin efecto asignado', 1, 1, '2014-10-07 20:07:56', '2015-03-24 23:07:00', NULL),
	(2, 'A', 'NO SIGNIFICATIVO, RIESGO POCO PROBABLE', 1, 1, '0000-00-00 00:00:00', '0000-00-00 00:00:00', '2014-10-07 20:09:39'),
	(3, 'B', 'SIGNIFICATIVO, RIESGO CONTROLABLE', 1, 1, '0000-00-00 00:00:00', '0000-00-00 00:00:00', '2014-10-07 20:09:39'),
	(4, 'C', 'SIGNIFICATIVO, RIESGO INMINENTE', 1, 1, '0000-00-00 00:00:00', '0000-00-00 00:00:00', '2014-10-07 20:09:39'),
	(5, 'M', 'Efecto benéfico moderadamente significativo', 1, 1, '0000-00-00 00:00:00', '0000-00-00 00:00:00', '2014-10-07 20:09:39'),
	(6, 'b', 'Efecto benéfico poco significativo', 1, 1, '0000-00-00 00:00:00', '0000-00-00 00:00:00', '2014-10-07 20:09:39'),
	(7, 'A', 'Efecto adverso severo significativo', 1, 1, '0000-00-00 00:00:00', '0000-00-00 00:00:00', '2014-10-07 20:09:39'),
	(8, '1', 'No genera daños al ambiente y/o no esta en contacto con ningun elemento', 1, 1, '0000-00-00 00:00:00', '0000-00-00 00:00:00', NULL),
	(9, '2', 'Genera daños reversibles a corto plazo', 1, 1, '0000-00-00 00:00:00', '0000-00-00 00:00:00', NULL),
	(10, '2', 'Se controla con acciones inmediatas', 1, 1, '0000-00-00 00:00:00', '0000-00-00 00:00:00', NULL),
	(11, '3', 'Genera daños inmediatos y/o sin control al ambiente y/o a la salud', 1, 1, '0000-00-00 00:00:00', '0000-00-00 00:00:00', NULL),
	(12, '3', 'Puede detener las actividades de la empresa', 1, 1, '0000-00-00 00:00:00', '0000-00-00 00:00:00', NULL),
	(13, '3', 'Afecta al ambiente, a los trabajadores, a la infraestructura y al equipo', 1, 1, '0000-00-00 00:00:00', '0000-00-00 00:00:00', NULL);
/*!40000 ALTER TABLE `efectos` ENABLE KEYS */;


-- Volcando estructura para tabla siam_scribe.emision_efectos
CREATE TABLE IF NOT EXISTS `emision_efectos` (
  `id` int(10) unsigned NOT NULL AUTO_INCREMENT,
  `emision_efecto` varchar(255) COLLATE utf8_unicode_ci NOT NULL,
  `usu_alta_id` int(10) unsigned NOT NULL,
  `usu_mod_id` int(10) unsigned NOT NULL,
  `created_at` timestamp NOT NULL DEFAULT '0000-00-00 00:00:00',
  `updated_at` timestamp NOT NULL DEFAULT '0000-00-00 00:00:00',
  `deleted_at` timestamp NULL DEFAULT NULL,
  PRIMARY KEY (`id`),
  KEY `emision_efectos_usu_alta_id_foreign` (`usu_alta_id`),
  KEY `emision_efectos_usu_mod_id_foreign` (`usu_mod_id`),
  CONSTRAINT `emision_efectos_usu_alta_id_foreign` FOREIGN KEY (`usu_alta_id`) REFERENCES `users` (`id`),
  CONSTRAINT `emision_efectos_usu_mod_id_foreign` FOREIGN KEY (`usu_mod_id`) REFERENCES `users` (`id`)
) ENGINE=InnoDB AUTO_INCREMENT=4 DEFAULT CHARSET=utf8 COLLATE=utf8_unicode_ci;

-- Volcando datos para la tabla siam_scribe.emision_efectos: ~3 rows (aproximadamente)
/*!40000 ALTER TABLE `emision_efectos` DISABLE KEYS */;
INSERT INTO `emision_efectos` (`id`, `emision_efecto`, `usu_alta_id`, `usu_mod_id`, `created_at`, `updated_at`, `deleted_at`) VALUES
	(1, 'PUNTUAL\r\n', 1, 1, '0000-00-00 00:00:00', '0000-00-00 00:00:00', NULL),
	(2, 'LOCAL\r\n', 1, 1, '0000-00-00 00:00:00', '0000-00-00 00:00:00', NULL),
	(3, 'REGIONAL\r\n', 1, 1, '0000-00-00 00:00:00', '0000-00-00 00:00:00', NULL);
/*!40000 ALTER TABLE `emision_efectos` ENABLE KEYS */;


-- Volcando estructura para tabla siam_scribe.empleados
CREATE TABLE IF NOT EXISTS `empleados` (
  `id` int(10) unsigned NOT NULL AUTO_INCREMENT,
  `ctrl_interno` varchar(255) COLLATE utf8_unicode_ci NOT NULL,
  `nombre` varchar(255) COLLATE utf8_unicode_ci NOT NULL,
  `direccion` varchar(255) COLLATE utf8_unicode_ci NOT NULL,
  `mail` varchar(250) CHARACTER SET utf8 NOT NULL,
  `contacto` varchar(255) COLLATE utf8_unicode_ci NOT NULL,
  `area_id` int(10) unsigned NOT NULL,
  `puesto_id` int(10) unsigned NOT NULL,
  `bnd_subordinados` int(10) unsigned NOT NULL,
  `jefe_id` int(10) unsigned NOT NULL,
  `cia_id` int(10) unsigned NOT NULL,
  `usu_alta_id` int(10) unsigned NOT NULL,
  `usu_mod_id` int(10) unsigned NOT NULL,
  `created_at` timestamp NOT NULL DEFAULT '0000-00-00 00:00:00',
  `updated_at` timestamp NOT NULL DEFAULT '0000-00-00 00:00:00',
  `deleted_at` timestamp NULL DEFAULT NULL,
  PRIMARY KEY (`id`),
  KEY `empleados_usu_alta_id_foreign` (`usu_alta_id`),
  KEY `empleados_usu_mod_id_foreign` (`usu_mod_id`),
  KEY `empleados_cia_id_foreign` (`cia_id`),
  KEY `empleados_bnd_subordinados_foreign` (`bnd_subordinados`),
  KEY `empleados_puesto_id_foreign` (`puesto_id`),
  KEY `empleados_area_id_foreign` (`area_id`),
  CONSTRAINT `empleados_area_id_foreign` FOREIGN KEY (`area_id`) REFERENCES `areas` (`id`),
  CONSTRAINT `empleados_bnd_subordinados_foreign` FOREIGN KEY (`bnd_subordinados`) REFERENCES `bnds` (`id`),
  CONSTRAINT `empleados_cia_id_foreign` FOREIGN KEY (`cia_id`) REFERENCES `entidades` (`id`),
  CONSTRAINT `empleados_puesto_id_foreign` FOREIGN KEY (`puesto_id`) REFERENCES `puestos` (`id`),
  CONSTRAINT `empleados_usu_alta_id_foreign` FOREIGN KEY (`usu_alta_id`) REFERENCES `users` (`id`),
  CONSTRAINT `empleados_usu_mod_id_foreign` FOREIGN KEY (`usu_mod_id`) REFERENCES `users` (`id`)
) ENGINE=InnoDB AUTO_INCREMENT=4 DEFAULT CHARSET=utf8 COLLATE=utf8_unicode_ci;

-- Volcando datos para la tabla siam_scribe.empleados: ~3 rows (aproximadamente)
/*!40000 ALTER TABLE `empleados` DISABLE KEYS */;
INSERT INTO `empleados` (`id`, `ctrl_interno`, `nombre`, `direccion`, `mail`, `contacto`, `area_id`, `puesto_id`, `bnd_subordinados`, `jefe_id`, `cia_id`, `usu_alta_id`, `usu_mod_id`, `created_at`, `updated_at`, `deleted_at`) VALUES
	(1, '1', 'Sin jefe identificado', 'dir', 'fillinares@yahoo.com.mx', 'tel cel correo', 1, 1, 1, 0, 1, 1, 1, '2015-02-25 18:52:31', '2015-03-12 00:09:26', NULL),
	(2, '2', 'Patrick lin jon', 'dir ', 'linares82@gmail.com', 'contacto', 1, 1, 1, 1, 1, 1, 1, '2015-02-25 19:11:27', '2015-03-12 00:09:47', NULL),
	(3, '3', 'Patricia Garcia Altamirano', 'dir', 'dreidkream00@hotmail.com', 'contacto', 1, 1, 1, 1, 1, 1, 1, '2015-02-25 18:52:31', '2015-02-25 18:52:31', NULL);
/*!40000 ALTER TABLE `empleados` ENABLE KEYS */;


-- Volcando estructura para tabla siam_scribe.enc_impactos
CREATE TABLE IF NOT EXISTS `enc_impactos` (
  `id` int(10) unsigned NOT NULL AUTO_INCREMENT,
  `cliente_id` int(10) unsigned NOT NULL,
  `tipo_impacto_id` int(10) unsigned NOT NULL,
  `fecha_inicio` date NOT NULL,
  `fecha_fin` date DEFAULT NULL,
  `notas` varchar(500) COLLATE utf8_unicode_ci NOT NULL,
  `usu_alta_id` int(10) unsigned NOT NULL,
  `usu_mod_id` int(10) unsigned NOT NULL,
  `created_at` timestamp NOT NULL DEFAULT '0000-00-00 00:00:00',
  `updated_at` timestamp NOT NULL DEFAULT '0000-00-00 00:00:00',
  `deleted_at` timestamp NULL DEFAULT NULL,
  `proyecto` varchar(255) COLLATE utf8_unicode_ci NOT NULL,
  `up_calle` varchar(255) COLLATE utf8_unicode_ci NOT NULL,
  `up_no` varchar(255) COLLATE utf8_unicode_ci NOT NULL,
  `up_colonia` varchar(255) COLLATE utf8_unicode_ci NOT NULL,
  `up_cp` varchar(255) COLLATE utf8_unicode_ci NOT NULL,
  `up_delegacion` varchar(255) COLLATE utf8_unicode_ci NOT NULL,
  `up_sup_predio` varchar(255) COLLATE utf8_unicode_ci NOT NULL,
  `od_calle` varchar(255) COLLATE utf8_unicode_ci NOT NULL,
  `od_no` varchar(255) COLLATE utf8_unicode_ci NOT NULL,
  `od_colonia` varchar(255) COLLATE utf8_unicode_ci NOT NULL,
  `od_cp` varchar(255) COLLATE utf8_unicode_ci NOT NULL,
  `od_delegacion` varchar(255) COLLATE utf8_unicode_ci NOT NULL,
  `od_rfc` varchar(255) COLLATE utf8_unicode_ci NOT NULL,
  `od_telefono` varchar(255) COLLATE utf8_unicode_ci NOT NULL,
  `od_correo` varchar(255) COLLATE utf8_unicode_ci NOT NULL,
  `rl_ape_pat` varchar(255) COLLATE utf8_unicode_ci NOT NULL,
  `rl_ape_mat` varchar(255) COLLATE utf8_unicode_ci NOT NULL,
  `rl_nombre` varchar(255) COLLATE utf8_unicode_ci NOT NULL,
  `rl_id_vigente` varchar(255) COLLATE utf8_unicode_ci NOT NULL,
  `rl_id_no` varchar(255) COLLATE utf8_unicode_ci NOT NULL,
  `rl_no_intrumento` varchar(255) COLLATE utf8_unicode_ci NOT NULL,
  `rl_autorizados` varchar(255) COLLATE utf8_unicode_ci NOT NULL,
  `longitud` varchar(255) COLLATE utf8_unicode_ci NOT NULL,
  `latitud` varchar(255) COLLATE utf8_unicode_ci NOT NULL,
  `altitud` varchar(255) COLLATE utf8_unicode_ci NOT NULL,
  `utm_x` varchar(255) COLLATE utf8_unicode_ci NOT NULL,
  `utm_y` varchar(255) COLLATE utf8_unicode_ci NOT NULL,
  `cia_id` int(10) unsigned NOT NULL,
  PRIMARY KEY (`id`),
  KEY `enc_impactos_usu_alta_id_foreign` (`usu_alta_id`),
  KEY `enc_impactos_usu_mod_id_foreign` (`usu_mod_id`),
  KEY `enc_impactos_cliente_id_foreign` (`cliente_id`),
  KEY `enc_impactos_tipo_impacto_id_foreign` (`tipo_impacto_id`),
  KEY `enc_impactos_cia_id_foreign` (`cia_id`),
  CONSTRAINT `enc_impactos_cia_id_foreign` FOREIGN KEY (`cia_id`) REFERENCES `entidades` (`id`),
  CONSTRAINT `enc_impactos_cliente_id_foreign` FOREIGN KEY (`cliente_id`) REFERENCES `clientes` (`id`),
  CONSTRAINT `enc_impactos_tipo_impacto_id_foreign` FOREIGN KEY (`tipo_impacto_id`) REFERENCES `tipo_impactos` (`id`),
  CONSTRAINT `enc_impactos_usu_alta_id_foreign` FOREIGN KEY (`usu_alta_id`) REFERENCES `users` (`id`),
  CONSTRAINT `enc_impactos_usu_mod_id_foreign` FOREIGN KEY (`usu_mod_id`) REFERENCES `users` (`id`)
) ENGINE=InnoDB AUTO_INCREMENT=3 DEFAULT CHARSET=utf8 COLLATE=utf8_unicode_ci;

-- Volcando datos para la tabla siam_scribe.enc_impactos: ~2 rows (aproximadamente)
/*!40000 ALTER TABLE `enc_impactos` DISABLE KEYS */;
INSERT INTO `enc_impactos` (`id`, `cliente_id`, `tipo_impacto_id`, `fecha_inicio`, `fecha_fin`, `notas`, `usu_alta_id`, `usu_mod_id`, `created_at`, `updated_at`, `deleted_at`, `proyecto`, `up_calle`, `up_no`, `up_colonia`, `up_cp`, `up_delegacion`, `up_sup_predio`, `od_calle`, `od_no`, `od_colonia`, `od_cp`, `od_delegacion`, `od_rfc`, `od_telefono`, `od_correo`, `rl_ape_pat`, `rl_ape_mat`, `rl_nombre`, `rl_id_vigente`, `rl_id_no`, `rl_no_intrumento`, `rl_autorizados`, `longitud`, `latitud`, `altitud`, `utm_x`, `utm_y`, `cia_id`) VALUES
	(1, 1, 1, '2015-02-28', '2015-04-04', '', 1, 1, '2015-03-24 21:14:13', '2015-03-24 21:14:13', NULL, 'Proyecto', 'calle ', '1', 'colonia nueva', '50254', 'Toluca', '500', 'Calle ', '2', 'colina 2', '52411', 'nezahualcoyotl', 'licf82145513', '29845121', 'filds@yahoo.com', '', '', '', '', '', '', '', '5000', '500', '210', '210', '210', 1),
	(2, 1, 1, '2015-04-03', '2015-04-17', '', 1, 1, '2015-04-03 19:52:43', '2015-04-03 19:52:43', NULL, 'proproyecto', 'calle', 'no', 'col', '50255', 'dele', '500', '', '', '', '', '', '', '', '', '', '', '', '', '', '', '', '5000', '500', '20', '20', '20', 1);
/*!40000 ALTER TABLE `enc_impactos` ENABLE KEYS */;


-- Volcando estructura para tabla siam_scribe.entidades
CREATE TABLE IF NOT EXISTS `entidades` (
  `id` int(10) unsigned NOT NULL AUTO_INCREMENT,
  `rzon_social` varchar(255) COLLATE utf8_unicode_ci NOT NULL,
  `responsable` varchar(255) COLLATE utf8_unicode_ci NOT NULL,
  `dir1` varchar(255) COLLATE utf8_unicode_ci NOT NULL,
  `dir2` varchar(255) COLLATE utf8_unicode_ci NOT NULL,
  `rfc` varchar(255) COLLATE utf8_unicode_ci NOT NULL,
  `abreviatura` varchar(255) COLLATE utf8_unicode_ci NOT NULL,
  `logo` varchar(255) COLLATE utf8_unicode_ci NOT NULL,
  `usu_alta_id` int(10) unsigned NOT NULL,
  `usu_mod_id` int(10) unsigned NOT NULL,
  `created_at` timestamp NOT NULL DEFAULT '0000-00-00 00:00:00',
  `updated_at` timestamp NOT NULL DEFAULT '0000-00-00 00:00:00',
  `deleted_at` timestamp NULL DEFAULT NULL,
  `multi_entidad` int(10) unsigned NOT NULL,
  `entidad_id` int(10) unsigned DEFAULT NULL,
  `tema` varchar(255) COLLATE utf8_unicode_ci NOT NULL DEFAULT 'metro-blue',
  PRIMARY KEY (`id`),
  KEY `entidades_usu_alta_id_foreign` (`usu_alta_id`),
  KEY `entidades_usu_mod_id_foreign` (`usu_mod_id`),
  CONSTRAINT `entidades_usu_alta_id_foreign` FOREIGN KEY (`usu_alta_id`) REFERENCES `users` (`id`),
  CONSTRAINT `entidades_usu_mod_id_foreign` FOREIGN KEY (`usu_mod_id`) REFERENCES `users` (`id`)
) ENGINE=InnoDB AUTO_INCREMENT=4 DEFAULT CHARSET=utf8 COLLATE=utf8_unicode_ci;

-- Volcando datos para la tabla siam_scribe.entidades: ~3 rows (aproximadamente)
/*!40000 ALTER TABLE `entidades` DISABLE KEYS */;
INSERT INTO `entidades` (`id`, `rzon_social`, `responsable`, `dir1`, `dir2`, `rfc`, `abreviatura`, `logo`, `usu_alta_id`, `usu_mod_id`, `created_at`, `updated_at`, `deleted_at`, `multi_entidad`, `entidad_id`, `tema`) VALUES
	(1, 'IAN', 'Oscar', 'direccion 1', 'direccion2 ', 'licf', 'Scribe 1', 'pantalla.jpg', 1, 1, '2014-09-15 16:58:36', '2015-03-02 20:02:57', NULL, 0, 0, 'metro-blue'),
	(2, 'empresa 2', 'responsable 2', 'direccion 1 2', 'direccion 2 2', 'rfc 2', 'Scribe 2', 'arbol con raices.jpg', 1, 1, '2014-09-16 17:23:20', '2015-03-02 20:03:13', NULL, 0, 0, 'metro-green'),
	(3, 'prb', 'p', 'p', 'p', 'p', 'p', 'índice.jpeg', 1, 1, '2015-03-21 01:44:04', '2015-03-21 01:44:04', NULL, 0, NULL, 'metro-gray');
/*!40000 ALTER TABLE `entidades` ENABLE KEYS */;


-- Volcando estructura para tabla siam_scribe.especificos
CREATE TABLE IF NOT EXISTS `especificos` (
  `id` int(10) unsigned NOT NULL AUTO_INCREMENT,
  `especifico` varchar(255) COLLATE utf8_unicode_ci NOT NULL,
  `usu_alta_id` int(10) unsigned NOT NULL,
  `usu_mod_id` int(10) unsigned NOT NULL,
  `created_at` timestamp NOT NULL DEFAULT '0000-00-00 00:00:00',
  `updated_at` timestamp NOT NULL DEFAULT '0000-00-00 00:00:00',
  `deleted_at` timestamp NULL DEFAULT NULL,
  PRIMARY KEY (`id`),
  KEY `especificos_usu_alta_id_foreign` (`usu_alta_id`),
  KEY `especificos_usu_mod_id_foreign` (`usu_mod_id`),
  CONSTRAINT `especificos_usu_alta_id_foreign` FOREIGN KEY (`usu_alta_id`) REFERENCES `users` (`id`),
  CONSTRAINT `especificos_usu_mod_id_foreign` FOREIGN KEY (`usu_mod_id`) REFERENCES `users` (`id`)
) ENGINE=InnoDB AUTO_INCREMENT=19 DEFAULT CHARSET=utf8 COLLATE=utf8_unicode_ci;

-- Volcando datos para la tabla siam_scribe.especificos: ~18 rows (aproximadamente)
/*!40000 ALTER TABLE `especificos` DISABLE KEYS */;
INSERT INTO `especificos` (`id`, `especifico`, `usu_alta_id`, `usu_mod_id`, `created_at`, `updated_at`, `deleted_at`) VALUES
	(1, 'Poblacion', 1, 1, '0000-00-00 00:00:00', '0000-00-00 00:00:00', NULL),
	(2, 'Caracteristicas fisicas y quimicas', 1, 1, '0000-00-00 00:00:00', '2014-10-15 20:02:58', NULL),
	(3, 'Grado de erosión', 1, 1, '0000-00-00 00:00:00', '0000-00-00 00:00:00', NULL),
	(4, 'Uso', 1, 1, '0000-00-00 00:00:00', '0000-00-00 00:00:00', NULL),
	(5, 'Calidad de agua superficial', 1, 1, '0000-00-00 00:00:00', '0000-00-00 00:00:00', NULL),
	(6, 'Calidad de agua subterr nea', 1, 1, '0000-00-00 00:00:00', '0000-00-00 00:00:00', NULL),
	(7, 'Calidad del aire (gases, polvos, olores)', 1, 1, '0000-00-00 00:00:00', '0000-00-00 00:00:00', NULL),
	(8, 'Nivel de ruido', 1, 1, '0000-00-00 00:00:00', '0000-00-00 00:00:00', NULL),
	(9, 'Volumen de vegetación inducida', 1, 1, '0000-00-00 00:00:00', '0000-00-00 00:00:00', NULL),
	(10, 'Volumen de vegetación regional ', 1, 1, '0000-00-00 00:00:00', '0000-00-00 00:00:00', NULL),
	(11, 'Superficie de vegetación a afectar', 1, 1, '0000-00-00 00:00:00', '0000-00-00 00:00:00', NULL),
	(12, 'Especies a afectar', 1, 1, '0000-00-00 00:00:00', '0000-00-00 00:00:00', NULL),
	(13, 'Control de plagas y roedores', 1, 1, '0000-00-00 00:00:00', '0000-00-00 00:00:00', NULL),
	(14, 'Afectaci¢n por ruido', 1, 1, '0000-00-00 00:00:00', '0000-00-00 00:00:00', NULL),
	(15, 'Limitación de habitat', 1, 1, '0000-00-00 00:00:00', '0000-00-00 00:00:00', NULL),
	(16, 'Afectación de especies silvestres', 1, 1, '0000-00-00 00:00:00', '0000-00-00 00:00:00', NULL),
	(17, 'Visibilidad', 1, 1, '0000-00-00 00:00:00', '0000-00-00 00:00:00', NULL),
	(18, 'Calidad del paisaje', 1, 1, '0000-00-00 00:00:00', '0000-00-00 00:00:00', NULL);
/*!40000 ALTER TABLE `especificos` ENABLE KEYS */;


-- Volcando estructura para tabla siam_scribe.estatus_condiciones
CREATE TABLE IF NOT EXISTS `estatus_condiciones` (
  `id` int(10) unsigned NOT NULL AUTO_INCREMENT,
  `estatus` varchar(255) COLLATE utf8_unicode_ci NOT NULL,
  `usu_alta_id` int(10) unsigned NOT NULL,
  `usu_mod_id` int(10) unsigned NOT NULL,
  `created_at` timestamp NOT NULL DEFAULT '0000-00-00 00:00:00',
  `updated_at` timestamp NOT NULL DEFAULT '0000-00-00 00:00:00',
  `deleted_at` timestamp NULL DEFAULT NULL,
  PRIMARY KEY (`id`),
  KEY `estatus_condiciones_usu_alta_id_foreign` (`usu_alta_id`),
  KEY `estatus_condiciones_usu_mod_id_foreign` (`usu_mod_id`),
  CONSTRAINT `estatus_condiciones_usu_alta_id_foreign` FOREIGN KEY (`usu_alta_id`) REFERENCES `users` (`id`),
  CONSTRAINT `estatus_condiciones_usu_mod_id_foreign` FOREIGN KEY (`usu_mod_id`) REFERENCES `users` (`id`)
) ENGINE=InnoDB AUTO_INCREMENT=3 DEFAULT CHARSET=utf8 COLLATE=utf8_unicode_ci;

-- Volcando datos para la tabla siam_scribe.estatus_condiciones: ~2 rows (aproximadamente)
/*!40000 ALTER TABLE `estatus_condiciones` DISABLE KEYS */;
INSERT INTO `estatus_condiciones` (`id`, `estatus`, `usu_alta_id`, `usu_mod_id`, `created_at`, `updated_at`, `deleted_at`) VALUES
	(1, 'No Cumplido', 1, 1, '0000-00-00 00:00:00', '0000-00-00 00:00:00', NULL),
	(2, 'Cumplido', 1, 1, '0000-00-00 00:00:00', '0000-00-00 00:00:00', NULL);
/*!40000 ALTER TABLE `estatus_condiciones` ENABLE KEYS */;


-- Volcando estructura para tabla siam_scribe.estatus_requisitos
CREATE TABLE IF NOT EXISTS `estatus_requisitos` (
  `id` int(10) unsigned NOT NULL AUTO_INCREMENT,
  `estatus` varchar(255) COLLATE utf8_unicode_ci NOT NULL,
  `usu_alta_id` int(10) unsigned NOT NULL,
  `usu_mod_id` int(10) unsigned NOT NULL,
  `created_at` timestamp NOT NULL DEFAULT '0000-00-00 00:00:00',
  `updated_at` timestamp NOT NULL DEFAULT '0000-00-00 00:00:00',
  `deleted_at` timestamp NULL DEFAULT NULL,
  PRIMARY KEY (`id`),
  KEY `estatus_requisitos_usu_alta_id_foreign` (`usu_alta_id`),
  KEY `estatus_requisitos_usu_mod_id_foreign` (`usu_mod_id`),
  CONSTRAINT `estatus_requisitos_usu_alta_id_foreign` FOREIGN KEY (`usu_alta_id`) REFERENCES `users` (`id`),
  CONSTRAINT `estatus_requisitos_usu_mod_id_foreign` FOREIGN KEY (`usu_mod_id`) REFERENCES `users` (`id`)
) ENGINE=InnoDB AUTO_INCREMENT=3 DEFAULT CHARSET=utf8 COLLATE=utf8_unicode_ci;

-- Volcando datos para la tabla siam_scribe.estatus_requisitos: ~2 rows (aproximadamente)
/*!40000 ALTER TABLE `estatus_requisitos` DISABLE KEYS */;
INSERT INTO `estatus_requisitos` (`id`, `estatus`, `usu_alta_id`, `usu_mod_id`, `created_at`, `updated_at`, `deleted_at`) VALUES
	(1, 'No Cumplido', 1, 1, '0000-00-00 00:00:00', '0000-00-00 00:00:00', NULL),
	(2, 'Cumplido', 1, 1, '0000-00-00 00:00:00', '0000-00-00 00:00:00', NULL);
/*!40000 ALTER TABLE `estatus_requisitos` ENABLE KEYS */;


-- Volcando estructura para tabla siam_scribe.factors
CREATE TABLE IF NOT EXISTS `factors` (
  `id` int(10) unsigned NOT NULL AUTO_INCREMENT,
  `factor` varchar(255) COLLATE utf8_unicode_ci NOT NULL,
  `usu_alta_id` int(10) unsigned NOT NULL,
  `usu_mod_id` int(10) unsigned NOT NULL,
  `created_at` timestamp NOT NULL DEFAULT '0000-00-00 00:00:00',
  `updated_at` timestamp NOT NULL DEFAULT '0000-00-00 00:00:00',
  `deleted_at` timestamp NULL DEFAULT NULL,
  PRIMARY KEY (`id`),
  KEY `factors_usu_alta_id_foreign` (`usu_alta_id`),
  KEY `factors_usu_mod_id_foreign` (`usu_mod_id`),
  CONSTRAINT `factors_usu_alta_id_foreign` FOREIGN KEY (`usu_alta_id`) REFERENCES `users` (`id`),
  CONSTRAINT `factors_usu_mod_id_foreign` FOREIGN KEY (`usu_mod_id`) REFERENCES `users` (`id`)
) ENGINE=InnoDB AUTO_INCREMENT=3 DEFAULT CHARSET=utf8 COLLATE=utf8_unicode_ci;

-- Volcando datos para la tabla siam_scribe.factors: ~2 rows (aproximadamente)
/*!40000 ALTER TABLE `factors` DISABLE KEYS */;
INSERT INTO `factors` (`id`, `factor`, `usu_alta_id`, `usu_mod_id`, `created_at`, `updated_at`, `deleted_at`) VALUES
	(1, 'Abioticos\r\n', 1, 1, '2014-10-06 23:33:30', '2014-10-08 14:31:01', NULL),
	(2, 'Bioticos\r\n', 1, 1, '0000-00-00 00:00:00', '0000-00-00 00:00:00', NULL);
/*!40000 ALTER TABLE `factors` ENABLE KEYS */;


-- Volcando estructura para tabla siam_scribe.gd_productos
CREATE TABLE IF NOT EXISTS `gd_productos` (
  `id` int(10) unsigned NOT NULL AUTO_INCREMENT,
  `producto` varchar(255) COLLATE utf8_unicode_ci NOT NULL,
  `abreviacion` varchar(255) COLLATE utf8_unicode_ci NOT NULL,
  `usu_alta_id` int(10) unsigned NOT NULL,
  `usu_mod_id` int(10) unsigned NOT NULL,
  `created_at` timestamp NOT NULL DEFAULT '0000-00-00 00:00:00',
  `updated_at` timestamp NOT NULL DEFAULT '0000-00-00 00:00:00',
  `deleted_at` timestamp NULL DEFAULT NULL,
  PRIMARY KEY (`id`),
  KEY `gd_productos_usu_alta_id_foreign` (`usu_alta_id`),
  KEY `gd_productos_usu_mod_id_foreign` (`usu_mod_id`),
  CONSTRAINT `gd_productos_usu_alta_id_foreign` FOREIGN KEY (`usu_alta_id`) REFERENCES `users` (`id`),
  CONSTRAINT `gd_productos_usu_mod_id_foreign` FOREIGN KEY (`usu_mod_id`) REFERENCES `users` (`id`)
) ENGINE=InnoDB DEFAULT CHARSET=utf8 COLLATE=utf8_unicode_ci;

-- Volcando datos para la tabla siam_scribe.gd_productos: ~0 rows (aproximadamente)
/*!40000 ALTER TABLE `gd_productos` DISABLE KEYS */;
/*!40000 ALTER TABLE `gd_productos` ENABLE KEYS */;


-- Volcando estructura para tabla siam_scribe.groups
CREATE TABLE IF NOT EXISTS `groups` (
  `id` int(10) unsigned NOT NULL AUTO_INCREMENT,
  `name` varchar(255) COLLATE utf8_unicode_ci NOT NULL,
  `permissions` text COLLATE utf8_unicode_ci,
  `created_at` timestamp NOT NULL DEFAULT '0000-00-00 00:00:00',
  `updated_at` timestamp NOT NULL DEFAULT '0000-00-00 00:00:00',
  PRIMARY KEY (`id`),
  UNIQUE KEY `groups_name_unique` (`name`)
) ENGINE=InnoDB AUTO_INCREMENT=7 DEFAULT CHARSET=utf8 COLLATE=utf8_unicode_ci;

-- Volcando datos para la tabla siam_scribe.groups: ~6 rows (aproximadamente)
/*!40000 ALTER TABLE `groups` DISABLE KEYS */;
INSERT INTO `groups` (`id`, `name`, `permissions`, `created_at`, `updated_at`) VALUES
	(1, 'Admin', '{"superuser":1}', '2014-08-20 19:32:36', '2014-08-20 19:32:36'),
	(2, 'Edicion', '{"menus-index":1,"menus-contentListIndex":1,"menus-create":1,"menus-store":1,"menus-edit":1,"menus-update":1,"entidades-index":1,"entidades-contentListIndex":1,"entidades-create":1,"entidades-store":1,"entidades-edit":1,"entidades-update":1,"users-getPerfil":1,"factors-index":1,"factors-contentListIndex":1,"factors-create":1,"factors-store":1,"factors-edit":1,"factors-update":1,"rubros-index":1,"rubros-create":1,"rubros-contentListIndex":1,"rubros-store":1,"rubros-edit":1,"rubros-update":1,"especificos-contentListIndex":1,"especificos-index":1,"especificos-create":1,"especificos-store":1,"especificos-update":1,"especificos-edit":1,"matrizs-contentListIndex":1,"matrizs-index":1,"matrizs-update":1,"matrizs-edit":1,"matrizs-create":1,"matrizs-store":1,"caracteristicas-contentListIndex":1,"caracteristicas-store":1,"caracteristicas-update":1,"caracteristicas-index":1,"caracteristicas-create":1,"caracteristicas-edit":1,"clientes-index":1,"clientes-create":1,"clientes-store":1,"clientes-edit":1,"clientes-update":1,"clientes-contentListIndex":1,"efectos-index":1,"efectos-contentListIndex":1,"efectos-update":1,"efectos-create":1,"efectos-store":1,"efectos-edit":1,"reg_impactos-contentListIndex":1,"reg_impactos-index":1,"reg_impactos-create":1,"reg_impactos-store":1,"reg_impactos-edit":1,"reg_impactos-update":1,"tipo_impactos-index":1,"tipo_impactos-contentListIndex":1,"tipo_impactos-create":1,"tipo_impactos-store":1,"tipo_impactos-update":1,"tipo_impactos-edit":1,"enc_impactos-index":1,"enc_impactos-contentListIndex":1,"enc_impactos-create":1,"enc_impactos-store":1,"enc_impactos-edit":1,"enc_impactos-update":1,"sms-show":1,"sms-contentListIndex":1,"sms-edit":1,"sms-update":1,"sms-index":1,"achecks-index":1,"achecks-create":1,"achecks-contentListIndex":1,"achecks-edit":1,"achecks-update":1,"achecks-store":1,"cumplimientos-index":1,"cumplimientos-create":1,"cumplimientos-contentListIndex":1,"cumplimientos-store":1,"cumplimientos-edit":1,"cumplimientos-update":1,"mchecks-index":1,"mchecks-contentListIndex":1,"mchecks-create":1,"mchecks-store":1,"mchecks-edit":1,"mchecks-update":1,"checks-contentListIndex":1,"checks-index":1,"checks-create":1,"checks-store":1,"checks-edit":1,"checks-update":1,"checkls-index":1,"checkls-edit":1,"checkls-update":1,"checkls-contentListIndex":1,"checkls-show":1,"checks-imprimir":1,"normas-index":1,"normas-contentListIndex":1,"normas-create":1,"normas-store":1,"normas-edit":1,"normas-update":1,"areas_index":1,"areas-create":1,"areas-contentListIndex":1,"areas-update":1,"areas-store":1,"areas-edit":1,"ca_ca_docs-index":1,"ca_ca_docs-contentListIndex":1,"ca_ca_docs-create":1,"ca_ca_docs-store":1,"ca_ca_docs-edit":1,"ca_ca_docs-update":1,"ca_procedimientos-index":1,"ca_procedimientos-contentListIndex":1,"ca_procedimientos-create":1,"ca_procedimientos-store":1,"ca_procedimientos-edit":1,"ca_procedimientos-update":1,"ca_materials-index":1,"ca_materials-contentListIndex":1,"ca_materials-create":1,"ca_materials-store":1,"ca_materials-edit":1,"ca_materials-update":1,"ca_categorias-contentListIndex":1,"ca_categorias-index":1,"ca_categorias-create":1,"ca_categorias-store":1,"ca_categorias-edit":1,"ca_categorias-update":1,"ca_aa_docs-contentListIndex":1,"ca_aa_docs-index":1,"ca_aa_docs-create":1,"ca_aa_docs-store":1,"ca_aa_docs-edit":1,"ca_aa_docs-update":1,"ca_fuentes_fijas-contentListIndex":1,"ca_fuentes_fijas-index":1,"ca_fuentes_fijas-edit":1,"ca_fuentes_fijas-update":1,"ca_fuentes_fijas-create":1,"ca_fuentes_fijas-store":1,"ca_plantas-contentListIndex":1,"ca_plantas-index":1,"ca_plantas-create":1,"ca_plantas-store":1,"ca_plantas-update":1,"ca_plantas-edit":1,"ca_residuos-contentListIndex":1,"ca_residuos-index":1,"ca_residuos-create":1,"ca_residuos-store":1,"ca_residuos-edit":1,"ca_residuos-update":1,"ca_tpo_inconformidads-contentListIndex":1,"ca_consumibles-contentListIndex":1,"ca_tpo_inconformidads-index":1,"ca_tpo_inconformidads-create":1,"ca_tpo_inconformidads-store":1,"ca_tpo_inconformidads-edit":1,"ca_tpo_inconformidads-update":1,"ca_consumibles-update":1,"ca_consumibles-edit":1,"ca_consumibles-index":1,"ca_consumibles-create":1,"ca_consumibles-store":1,"cs_tpo_docs-contentListIndex":1,"cs_tpo_docs-index":1,"cs_tpo_docs-create":1,"cs_tpo_docs-store":1,"cs_tpo_docs-edit":1,"cs_tpo_docs-update":1,"cs_tpo_procedimientos-contentListIndex":1,"cs_tpo_procedimientos-index":1,"cs_tpo_procedimientos-create":1,"cs_tpo_procedimientos-store":1,"cs_tpo_procedimientos-edit":1,"cs_tpo_procedimientos-update":1,"cs_elementos_inspeccions-contentListIndex":1,"cs_elementos_inspeccions-index":1,"cs_elementos_inspeccions-create":1,"cs_elementos_inspeccions-store":1,"cs_elementos_inspeccions-edit":1,"cs_elementos_inspeccions-update":1,"cs_normas-contentListIndex":1,"cs_normas-update":1,"cs_normas-edit":1,"cs_normas-index":1,"cs_normas-create":1,"cs_normas-store":1,"cs_grupo_normas-contentListIndex":1,"cs_grupo_normas-index":1,"cs_grupo_normas-create":1,"cs_grupo_normas-store":1,"cs_grupo_normas-edit":1,"cs_grupo_normas-update":1,"cs_cat_docs-index":1,"cs_cat_docs-contentListIndex":1,"cs_cat_docs-create":1,"cs_cat_docs-store":1,"cs_cat_docs-edit":1,"cs_cat_docs-update":1,"cs_accidentes-index":1,"cs_accidentes-contentListIndex":1,"cs_accidentes-create":1,"cs_accidentes-store":1,"cs_accidentes-edit":1,"cs_accidentes-update":1,"cs_enfermedades-contentListIndex":1,"cs_enfermedades-index":1,"cs_enfermedades-create":1,"cs_enfermedades-show":1,"cs_enfermedades-edit":1,"cs_enfermedades-update":1,"cs_acciones-index":1,"cs_acciones-create":1,"cs_acciones-store":1,"cs_acciones-update":1,"cs_acciones-edit":1,"cs_acciones-contentListIndex":1,"cs_tpo_inconformidades-contentListIndex":1,"cs_tpo_inconformidades-index":1,"cs_tpo_inconformidades-create":1,"cs_tpo_inconformidades-store":1,"cs_tpo_inconformidades-edit":1,"cs_tpo_inconformidades-update":1,"empleados-contentListIndex":1,"empleados-index":1,"empleados-create":1,"empleados-store":1,"empleados-edit":1,"empleados-update":1,"puestos-index":1,"puestos-create":1,"puestos-store":1,"puestos-edit":1,"puestos-update":1,"puestos-contentListIndex":1,"a_archivos-index":1,"a_archivos-contentListIndex":1,"a_archivos-create":1,"a_archivos-store":1,"a_archivos-edit":1,"a_archivos-update":1,"a_archivos-comentarioEstatus":1,"a_procedimientos-comentarioEstatus":1,"a_procedimientos-contentListIndex":1,"a_procedimientos-index":1,"a_procedimientos-create":1,"a_procedimientos-store":1,"a_procedimientos-edit":1,"a_procedimientos-update":1,"a_rr_ambientales-comentarioEstatus":1,"a_rr_ambientales-contentListIndex":1,"a_rr_ambientales-index":1,"a_rr_ambientales-create":1,"a_rr_ambientales-store":1,"a_rr_ambientales-edit":1,"a_rr_ambientales-update":1,"bitacora_ffs-index":1,"bitacora_ffs-create":1,"bitacora_ffs-contentListIndex":1,"bitacora_ffs-edit":1,"bitacora_ffs-store":1,"bitacora_ffs-update":1,"bitacora_plantas-contentListIndex":1,"bitacora_plantas-index":1,"bitacora_plantas-create":1,"bitacora_plantas-store":1,"bitacora_plantas-edit":1,"bitacora_plantas-update":1,"bitacora_residuos-contentListIndex":1,"bitacora_residuos-index":1,"bitacora_residuos-update":1,"bitacora_residuos-store":1,"bitacora_residuos-create":1,"bitacora_residuos-edit":1,"bitacora_consumibles-contentListIndex":1,"bitacora_consumibles-index":1,"bitacora_consumibles-create":1,"bitacora_consumibles-store":1,"bitacora_consumibles-edit":1,"bitacora_consumibles-update":1,"bitacora_pendientes-contentListIndex":1,"bitacora_pendientes-index":1,"bitacora_pendientes-create":1,"bitacora_pendientes-store":1,"bitacora_pendientes-edit":1,"bitacora_pendientes-update":1,"bitacora_pendientes-comentarioEstatus":1,"a_no_conformidades-contentListIndex":1,"a_no_conformidades-index":1,"a_no_conformidades-create":1,"a_no_conformidades-store":1,"a_no_conformidades-edit":1,"a_no_conformidades-update":1,"a_no_conformidades-comentarioEstatus":1,"s_procedimientos-index":1,"s_procedimientos-contentListIndex":1,"s_procedimiento-comentarioEstatus":1,"s_procedimientos-create":1,"s_procedimientos-store":1,"s_procedimientos-edit":1,"s_procedimientos-update":1,"s_registros-index":1,"s_registros-create":1,"s_registros-store":1,"s_registros-edit":1,"s_registros-update":1,"s_registros-contentListIndex":1,"s_registros-comentarioEstatus":1,"bitacora_seguridads-index":1,"bitacora_seguridads-create":1,"bitacora_seguridads-store":1,"bitacora_seguridads-contentListIndex":1,"bitacora_seguridad-comentarioEstatus":1,"bitacora_seguridads-edit":1,"bitacora_seguridads-update":1,"s_documentos-comentarioEstatus":1,"s_documentos-contentListIndex":1,"s_documentos-index":1,"s_documentos-create":1,"s_documentos-store":1,"s_documentos-edit":1,"s_documentos-update":1,"bitacora_accidentes-index":1,"bitacora_accidentes-create":1,"bitacora_accidentes-store":1,"bitacora_accidentes-edit":1,"bitacora_accidentes-update":1,"bitacora_accidentes-contentListIndex":1,"bitacora_enfermedades-index":1,"bitacora_enfermedades-create":1,"bitacora_enfermedades-store":1,"bitacora_enfermedades-edit":1,"bitacora_enfermedades-update":1,"bitacora_enfermedades-contentListIndex":1,"p_correo_bitacoras-index":1,"p_correo_bitacoras-contentListIndex":1,"p_correo_bitacoras-create":1,"p_correo_bitacoras-store":1,"p_correo_bitacoras-edit":1,"p_correo_bitacoras-update":1,"ca_tpo_bitacoras-index":1,"ca_tpo_bitacoras-create":1,"ca_tpo_bitacoras-store":1,"ca_tpo_bitacoras-edit":1,"ca_tpo_bitacoras-update":1,"ca_tpo_bitacoras-contentListIndex":1,"cs_tpo_bitacoras-index":1,"cs_tpo_bitacoras-create":1,"cs_tpo_bitacoras-edit":1,"cs_tpo_bitacoras-store":1,"cs_tpo_bitacoras-contentListIndex":1,"ca_tpo_noconformidades-index":1,"ca_tpo_noconformidades-create":1,"ca_tpo_noconformidades-store":1,"ca_tpo_noconformidades-edit":1,"ca_tpo_noconformidades-update":1,"ca_tpo_noconformidades-contentListIndex":1,"cs_tpo_bitacoras-update":1,"aa_procesos-index":1,"aa_procesos-contentListIndex":1,"aa_procesos-create":1,"aa_procesos-store":1,"aa_procesos-edit":1,"aa_procesos-update":1,"aa_aspectos-contentListIndex":1,"aa_aspectos-index":1,"aa_aspectos-create":1,"aa_aspectos-store":1,"aa_aspectos-edit":1,"aa_aspectos-update":1,"aa_impactos-contentListIndex":1,"aa_impactos-index":1,"aa_impactos-create":1,"aa_impactos-store":1,"aa_impactos-edit":1,"aa_impactos-update":1,"aspectos_ambientales-index":1,"aspectos_ambientales-contentListIndex":1,"aspectos_ambientales-create":1,"aspectos_ambientales-store":1,"aspectos_ambientales-edit":1,"aspectos_ambientales-update":1,"rev_requisitos-create":1,"rev_requisitos-index":1,"rev_requisitos-store":1,"rev_requisitos-edit":1,"rev_requisitos-update":1,"rev_requisitos-contentListIndex":1,"rev_requisitos_lns-index":1,"rev_requisitos_lns-contentListIndex":1,"rev_requisitos_lns-update":1,"rev_requisitos_lns-edit":1,"rev_requisitos_lns-store":1,"rev_requisitos_lns-create":1,"rev_documentals-index":1,"rev_documentals-create":1,"rev_documentals-store":1,"rev_documentals-edit":1,"rev_documentals-update":1,"rev_documentals-contentListIndex":1,"rev_documentoal_lns-index":1,"rev_documentoal_lns-contentListIndex":1,"rev_documentoal_lns-create":1,"rev_documentoal_lns-store":1,"rev_documentoal_lns-edit":1,"rev_documentoal_lns-update":1,"condiciones-create":1,"condiciones-index":1,"condiciones-store":1,"condiciones-edit":1,"condiciones-update":1,"condiciones-contentListIndex":1,"r_documentos-index":1,"r_documentos-create":1,"r_documentos-store":1,"r_documentos-edit":1,"r_documentos-update":1,"r_documentos-contentListIndex":1,"m_objetivos-index":1,"m_objetivos-create":1,"m_objetivos-store":1,"m_objetivos-edit":1,"m_objetivos-update":1,"m_objetivos-contentListIndex":1,"m_clase_mantos-index":1,"m_clase_mantos-create":1,"m_clase_mantos-store":1,"m_clase_mantos-edit":1,"m_clase_mantos-update":1,"m_clase_mantos-contentListIndex":1,"m_tpo_mantos-index":1,"m_tpo_mantos-create":1,"m_tpo_mantos-store":1,"m_tpo_mantos-edit":1,"m_tpo_mantos-update":1,"m_tpo_mantos-contentListIndex":1,"m_mantenimientos-create":1,"m_mantenimientos-index":1,"m_mantenimientos-store":1,"m_mantenimientos-edit":1,"m_mantenimientos-update":1,"m_mantenimientos-contentListIndex":1,"subequipos-index":1,"subequipos-create":1,"subequipos-edit":1,"subequipos-update":1,"subequipos-store":1,"subequipos-contentListIndex":1,"manto_docs-contentListIndex":1,"manto_docs-index":1,"manto_docs-create":1,"manto_docs-store":1,"manto_docs-edit":1,"manto_docs-update":1,"m_mantenimiento-formato":1,"bit_doc_accidentes-contentListIndex":1,"bit_doc_accidentes-update":1,"bit_doc_accidentes-edit":1,"bit_doc_accidentes-store":1,"bit_doc_accidentes-create":1,"bit_doc_accidentes-index":1,"a_rr_amb_doc-index":1,"a_rr_amb_doc-create":1,"a_rr_amb_doc-store":1,"a_rr_amb_doc-edit":1,"a_rr_amb_doc-update":1,"a_rr_amb_doc-destroy":1,"a_rr_amb_doc-recover":1,"a_rr_amb_doc-contentListIndex":1}', '2014-09-11 16:36:27', '2017-05-26 17:47:25'),
	(3, 'Consulta', '{"menus-index":1,"menus-show":1,"menus-contentListIndex":1,"entidades-index":1,"entidades-contentListIndex":1,"entidades-show":1,"factors-index":1,"factors-show":1,"factors-contentListIndex":1,"rubros-index":1,"rubros-show":1,"rubros-contentListIndex":1,"especificos-contentListIndex":1,"especificos-index":1,"especificos-show":1,"matrizs-contentListIndex":1,"matrizs-index":1,"matrizs-show":1,"caracteristicas-contentListIndex":1,"caracteristicas-index":1,"caracteristicas-show":1,"clientes-index":1,"clientes-contentListIndex":1,"clientes-show":1,"efectos-show":1,"efectos-index":1,"efectos-contentListIndex":1,"reg_impactos-contentListIndex":1,"reg_impactos-index":1,"reg_impactos-show":1,"tipo_impactos-show":1,"tipo_impactos-contentListIndex":1,"tipo_impactos-index":1,"enc_impactos-index":1,"enc_impactos-contentListIndex":1,"enc_impactos-show":1,"sms-show":1,"sms-index":1,"sms-contentListIndex":1,"achecks-index":1,"achecks-show":1,"achecks-contentListIndex":1,"cumplimientos-contentListIndex":1,"cumplimientos-index":1,"cumplimientos-show":1,"mchecks-index":1,"mchecks-contentListIndex":1,"mchecks-show":1,"checks-contentListIndex":1,"checks-index":1,"checks-show":1,"normas-show":1,"normas-contentListIndex":1,"normas-index":1,"areas_index":1,"areas-contentListIndex":1,"areas-show":1,"ca_ca_docs-index":1,"ca_ca_docs-contentListIndex":1,"ca_ca_docs-show":1,"ca_procedimientos-index":1,"ca_procedimientos-contentListIndex":1,"ca_procedimientos-show":1,"ca_materials-index":1,"ca_materials-contentListIndex":1,"ca_materials-show":1,"ca_categorias-contentListIndex":1,"ca_categorias-index":1,"ca_categorias-show":1,"ca_aa_docs-contentListIndex":1,"ca_aa_docs-index":1,"ca_aa_docs-show":1,"ca_fuentes_fijas-index":1,"ca_fuentes_fijas-contentListIndex":1,"ca_fuentes_fijas-show":1,"ca_plantas-contentListIndex":1,"ca_plantas-index":1,"ca_plantas-show":1,"ca_residuos-contentListIndex":1,"ca_residuos-index":1,"ca_residuos-show":1,"ca_tpo_inconformidads-contentListIndex":1,"ca_consumibles-contentListIndex":1,"ca_tpo_inconformidads-index":1,"ca_consumibles-index":1,"ca_tpo_inconformidads-show":1,"ca_consumibles-show":1,"cs_tpo_docs-index":1,"cs_tpo_docs-contentListIndex":1,"cs_tpo_docs-show":1,"cs_tpo_procedimientos-contentListIndex":1,"cs_tpo_procedimientos-index":1,"cs_tpo_procedimientos-show":1,"cs_elementos_inspeccions-contentListIndex":1,"cs_elementos_inspeccions-index":1,"cs_elementos_inspeccions-show":1,"cs_normas-contentListIndex":1,"cs_normas-index":1,"cs_normas-show":1,"cs_grupo_normas-contentListIndex":1,"cs_grupo_normas-index":1,"cs_grupo_normas-show":1,"cs_cat_docs-index":1,"cs_cat_docs-contentListIndex":1,"cs_cat_docs-show":1,"cs_accidentes-index":1,"cs_accidentes-contentListIndex":1,"cs_accidentes-show":1,"cs_enfermedades-contentListIndex":1,"cs_enfermedades-index":1,"cs_enfermedades-show":1,"cs_acciones-contentListIndex":1,"cs_acciones-index":1,"cs_acciones-show":1,"cs_tpo_inconformidades-contentListIndex":1,"cs_tpo_inconformidades-index":1,"cs_tpo_inconformidades-show":1,"empleados-contentListIndex":1,"empleados-index":1,"empleados-show":1,"puestos-index":1,"puestos-contentListIndex":1,"puestos-show":1,"a_archivos-contentListIndex":1,"a_archivos-index":1,"a_archivos-show":1,"a_procedimientos-contentListIndex":1,"a_procedimientos-show":1,"a_procedimientos-index":1,"a_rr_ambientales-index":1,"a_rr_ambientales-contentListIndex":1,"a_rr_ambientales-show":1,"bitacora_ffs-contentListIndex":1,"bitacora_ffs-index":1,"bitacora_ffs-show":1,"bitacora_plantas-contentListIndex":1,"bitacora_plantas-index":1,"bitacora_plantas-show":1,"bitacora_residuos-contentListIndex":1,"bitacora_residuos-show":1,"bitacora_residuos-index":1,"bitacora_consumibles-contentListIndex":1,"bitacora_consumibles-show":1,"bitacora_consumibles-index":1,"bitacora_pendientes-contentListIndex":1,"bitacora_pendientes-index":1,"bitacora_pendientes-show":1,"a_no_conformidades-index":1,"a_no_conformidades-contentListIndex":1,"a_no_conformidades-show":1,"s_procedimientos-index":1,"s_procedimientos-contentListIndex":1,"s_procedimientos-show":1,"s_registros-index":1,"s_registros-contentListIndex":1,"s_registros-show":1,"s_documentos-show":1,"s_documentos-contentListIndex":1,"s_documentos-index":1,"bitacora_accidentes-index":1,"bitacora_accidentes-contentListIndex":1,"bitacora_accidentes-show":1,"bitacora_enfermedades-index":1,"bitacora_enfermedades-contentListIndex":1,"bitacora_enfermedades-show":1,"p_correo_bitacoras-contentListIndex":1,"p_correo_bitacoras-index":1,"p_correo_bitacoras-show":1,"ca_tpo_bitacoras-index":1,"ca_tpo_bitacoras-contentListIndex":1,"ca_tpo_bitacoras-show":1,"cs_tpo_bitacoras-index":1,"cs_tpo_bitacoras-contentListIndex":1,"cs_tpo_bitacoras-show":1,"ca_tpo_noconformidades-index":1,"ca_tpo_noconformidades-contentListIndex":1,"ca_tpo_noconformidades-show":1,"aa_procesos-index":1,"aa_procesos-contentListIndex":1,"aa_procesos-show":1,"aa_aspectos-contentListIndex":1,"aa_aspectos-index":1,"aa_aspectos-show":1,"aa_impactos-contentListIndex":1,"aa_impactos-index":1,"aa_impactos-show":1,"aspectos_ambientales-contentListIndex":1,"aspectos_ambientales-index":1,"aspectos_ambientales-show":1,"rev_requisitos-index":1,"rev_requisitos-contentListIndex":1,"rev_requisitos-show":1,"rev_requisitos-imprimir":1,"rev_requisitos_lns-index":1,"rev_requisitos_lns-contentListIndex":1,"rev_requisitos_lns-show":1,"rev_documentals-index":1,"rev_documentals-contentListIndex":1,"rev_documentals-show":1,"rev_documentals-imprimir":1,"rev_documentoal_lns-index":1,"rev_documentoal_lns-contentListIndex":1,"rev_documentoal_lns-show":1,"condiciones-index":1,"condiciones-contentListIndex":1,"condiciones-show":1,"r_documentos-index":1,"r_documentos-contentListIndex":1,"r_documentos-show":1,"m_objetivos-index":1,"m_objetivos-contentListIndex":1,"m_objetivos-show":1,"m_clase_mantos-index":1,"m_clase_mantos-contentListIndex":1,"m_clase_mantos-show":1,"m_tpo_mantos-index":1,"m_tpo_mantos-contentListIndex":1,"m_tpo_mantos-show":1,"m_mantenimientos-index":1,"m_mantenimientos-contentListIndex":1,"m_mantenimientos-show":1,"subequipos-index":1,"subequipos-show":1,"subequipos-contentListIndex":1,"manto_docs-index":1,"manto_docs-show":1,"manto_docs-contentListIndex":1,"bit_doc_accidentes-contentListIndex":1,"bit_doc_accidentes-index":1,"bit_doc_accidentes-show":1,"a_rr_amb_doc-index":1,"a_rr_amb_doc-contentListIndex":1,"a_rr_amb_doc-show":1}', '2014-09-12 17:19:18', '2017-05-26 17:48:11'),
	(4, 'BorrarRecuperar', '{"menus-destroy":1,"menus-recover":1,"entidades-destroy":1,"entidades-recover":1,"factors-recover":1,"factors-destroy":1,"rubros-recover":1,"rubros-destroy":1,"especificos-destroy":1,"especificos-recover":1,"matrizs-destroy":1,"matrizs-recover":1,"caracteristicas-recover":1,"caracteristicas-destroy":1,"clientes-recover":1,"clientes-destroy":1,"efectos-destroy":1,"efectos-recover":1,"reg_impactos-destroy":1,"reg_impactos-recover":1,"tipo_impactos-recover":1,"tipo_impactos-destroy":1,"enc_impactos-destroy":1,"enc_impactos-recover":1,"achecks-recover":1,"achecks-destroy":1,"cumplimientos-recover":1,"cumplimientos-destroy":1,"mchecks-destroy":1,"mchecks-recover":1,"checks-destroy":1,"checks-recover":1,"normas-destroy":1,"normas-recover":1,"areas-destroy":1,"areas-recover":1,"ca_ca_docs-destroy":1,"ca_ca_docs-recover":1,"ca_procedimientos-recover":1,"ca_procedimientos-destroy":1,"ca_materials-destroy":1,"ca_materials-recover":1,"ca_categorias-destroy":1,"ca_categorias-recover":1,"ca_aa_docs-recover":1,"ca_aa_docs-destroy":1,"ca_fuentes_fijas-destroy":1,"ca_fuentes_fijas-recover":1,"ca_plantas-destroy":1,"ca_plantas-recover":1,"ca_residuos-destroy":1,"ca_residuos-recover":1,"ca_tpo_inconformidads-recover":1,"ca_tpo_inconformidads-destroy":1,"ca_consumibles-destroy":1,"ca_consumibles-recover":1,"cs_tpo_docs-recover":1,"cs_tpo_docs-destroy":1,"cs_tpo_procedimientos-destroy":1,"cs_tpo_procedimientos-recover":1,"cs_elementos_inspeccions-recover":1,"cs_elementos_inspeccions-destroy":1,"cs_normas-recover":1,"cs_normas-destroy":1,"cs_grupo_normas-recover":1,"cs_grupo_normas-destroy":1,"cs_cat_docs-destroy":1,"cs_cat_docs-recover":1,"cs_accidentes-destroy":1,"cs_accidentes-recover":1,"cs_enfermedades-destroy":1,"cs_enfermedades-recover":1,"cs_acciones-destroy":1,"cs_acciones-recover":1,"cs_tpo_inconformidades-destroy":1,"cs_tpo_inconformidades-recover":1,"empleados-destroy":1,"empleados-recover":1,"puestos-destroy":1,"puestos-recover":1,"a_archivos-destroy":1,"a_archivos-recover":1,"a_procedimientos-destroy":1,"a_procedimientos-recover":1,"a_rr_ambientales-destroy":1,"a_rr_ambientales-recover":1,"bitacora_ffs-recover":1,"bitacora_ffs-destroy":1,"bitacora_plantas-destroy":1,"bitacora_plantas-recover":1,"bitacora_residuos-recover":1,"bitacora_residuos-destroy":1,"bitacora_consumibles-destroy":1,"bitacora_consumibles-recover":1,"bitacora_pendientes-destroy":1,"bitacora_pendientes-recover":1,"a_no_conformidades-destroy":1,"a_no_conformidades-recover":1,"s_procedimientos-update":1,"s_procedimientos-destroy":1,"s_registros-destroy":1,"s_registros-recover":1,"s_procedimientos-recover":1,"s_documentos-recover":1,"s_documentos-destroy":1,"bitacora_accidentes-destroy":1,"bitacora_accidentes-recover":1,"bitacora_enfermedades-destroy":1,"bitacora_enfermedades-recover":1,"p_correo_bitacoras-destroy":1,"p_correo_bitacoras-recover":1,"ca_tpo_bitacoras-destroy":1,"ca_tpo_bitacoras-recover":1,"cs_tpo_bitacoras-destroy":1,"cs_tpo_bitacoras-recover":1,"ca_tpo_noconformidades-destroy":1,"ca_tpo_noconformidades-recover":1,"aa_procesos-destroy":1,"aa_procesos-recover":1,"aa_aspectos-destroy":1,"aa_aspectos-recover":1,"aa_impactos-destroy":1,"aa_impactos-recover":1,"aspectos_ambientales-recover":1,"aspectos_ambientales-destroy":1,"rev_requisitos-destroy":1,"rev_requisitos-recover":1,"rev_requisitos_lns-destroy":1,"rev_requisitos_lns-recover":1,"rev_documentals-destroy":1,"rev_documentals-recover":1,"rev_documentoal_lns-destroy":1,"rev_documentoal_lns-recover":1,"condiciones-destroy":1,"condiciones-recover":1,"r_documentos-destroy":1,"r_documentos-recover":1,"m_objetivos-update":1,"m_objetivos-destroy":1,"m_clase_mantos-destroy":1,"m_clase_mantos-recover":1,"m_tpo_mantos-destroy":1,"m_tpo_mantos-recover":1,"m_mantenimientos-destroy":1,"m_mantenimientos-recover":1,"subequipos-destroy":1,"subequipos-recover":1,"manto_docs-destroy":1,"manto_docs-recover":1,"bit_doc_accidentes-destroy":1,"bit_doc_accidentes-recover":1,"a_rr_amb_doc-recover":1,"a_rr_amb_doc-destroy":1}', '2014-09-12 17:20:21', '2017-05-26 17:48:39'),
	(5, 'invitado', '', '2014-09-17 14:28:17', '2014-09-17 14:28:17'),
	(6, 'Cubos y reportes', '{"cubos-fuentefija":1,"cubos-planta":1,"cubos-residuo":1,"cubos-consumible":1,"cubos-noconformidades":1,"cubos-accidentes":1,"cubos-enfermedades":1,"consultas-fuentefija":1,"consultas-planta":1,"consultas-residuo":1,"consultas-consumible":1,"consultas-noconformidad":1,"consultas-accidente":1,"consultas-enfermedad":1,"consultas-aspectosAmbientale":1,"consultas-manto":1}', '2015-03-10 00:20:01', '2015-04-22 01:21:18');
/*!40000 ALTER TABLE `groups` ENABLE KEYS */;


-- Volcando estructura para tabla siam_scribe.importancia
CREATE TABLE IF NOT EXISTS `importancia` (
  `id` int(10) unsigned NOT NULL AUTO_INCREMENT,
  `importancia` varchar(255) COLLATE utf8_unicode_ci NOT NULL,
  `usu_alta_id` int(10) unsigned NOT NULL,
  `usu_mod_id` int(10) unsigned NOT NULL,
  `created_at` timestamp NOT NULL DEFAULT '0000-00-00 00:00:00',
  `updated_at` timestamp NOT NULL DEFAULT '0000-00-00 00:00:00',
  `deleted_at` timestamp NULL DEFAULT NULL,
  PRIMARY KEY (`id`),
  KEY `importancia_usu_alta_id_foreign` (`usu_alta_id`),
  KEY `importancia_usu_mod_id_foreign` (`usu_mod_id`),
  CONSTRAINT `importancia_usu_alta_id_foreign` FOREIGN KEY (`usu_alta_id`) REFERENCES `users` (`id`),
  CONSTRAINT `importancia_usu_mod_id_foreign` FOREIGN KEY (`usu_mod_id`) REFERENCES `users` (`id`)
) ENGINE=InnoDB AUTO_INCREMENT=5 DEFAULT CHARSET=utf8 COLLATE=utf8_unicode_ci;

-- Volcando datos para la tabla siam_scribe.importancia: ~4 rows (aproximadamente)
/*!40000 ALTER TABLE `importancia` DISABLE KEYS */;
INSERT INTO `importancia` (`id`, `importancia`, `usu_alta_id`, `usu_mod_id`, `created_at`, `updated_at`, `deleted_at`) VALUES
	(1, 'Baja', 1, 1, '0000-00-00 00:00:00', '0000-00-00 00:00:00', NULL),
	(2, 'Media', 1, 1, '0000-00-00 00:00:00', '0000-00-00 00:00:00', NULL),
	(3, 'Alta', 1, 1, '0000-00-00 00:00:00', '0000-00-00 00:00:00', NULL),
	(4, 'Urgente', 1, 1, '0000-00-00 00:00:00', '0000-00-00 00:00:00', NULL);
/*!40000 ALTER TABLE `importancia` ENABLE KEYS */;


-- Volcando estructura para tabla siam_scribe.imp_potencials
CREATE TABLE IF NOT EXISTS `imp_potencials` (
  `id` int(10) unsigned NOT NULL AUTO_INCREMENT,
  `imp_potencial` varchar(255) COLLATE utf8_unicode_ci NOT NULL,
  `descripcion` varchar(255) COLLATE utf8_unicode_ci NOT NULL,
  `usu_alta_id` int(10) unsigned NOT NULL,
  `usu_mod_id` int(10) unsigned NOT NULL,
  `created_at` timestamp NOT NULL DEFAULT '0000-00-00 00:00:00',
  `updated_at` timestamp NOT NULL DEFAULT '0000-00-00 00:00:00',
  `deleted_at` timestamp NULL DEFAULT NULL,
  PRIMARY KEY (`id`),
  KEY `imp_potencials_usu_alta_id_foreign` (`usu_alta_id`),
  KEY `imp_potencials_usu_mod_id_foreign` (`usu_mod_id`),
  CONSTRAINT `imp_potencials_usu_alta_id_foreign` FOREIGN KEY (`usu_alta_id`) REFERENCES `users` (`id`),
  CONSTRAINT `imp_potencials_usu_mod_id_foreign` FOREIGN KEY (`usu_mod_id`) REFERENCES `users` (`id`)
) ENGINE=InnoDB AUTO_INCREMENT=5 DEFAULT CHARSET=utf8 COLLATE=utf8_unicode_ci;

-- Volcando datos para la tabla siam_scribe.imp_potencials: ~4 rows (aproximadamente)
/*!40000 ALTER TABLE `imp_potencials` DISABLE KEYS */;
INSERT INTO `imp_potencials` (`id`, `imp_potencial`, `descripcion`, `usu_alta_id`, `usu_mod_id`, `created_at`, `updated_at`, `deleted_at`) VALUES
	(1, 'A', 'NO SIGNIFICATIVO, RIESGO POCO PROBABLE', 1, 1, '0000-00-00 00:00:00', '0000-00-00 00:00:00', NULL),
	(2, 'B', 'SIGNIFICATIVO, RIESGO CONTROLABLE', 1, 1, '0000-00-00 00:00:00', '0000-00-00 00:00:00', NULL),
	(3, 'C', 'SIGNIFICATIVO, RIESGO INMINENTE', 1, 1, '0000-00-00 00:00:00', '0000-00-00 00:00:00', NULL),
	(4, '-', 'N/A', 1, 1, '0000-00-00 00:00:00', '0000-00-00 00:00:00', NULL);
/*!40000 ALTER TABLE `imp_potencials` ENABLE KEYS */;


-- Volcando estructura para tabla siam_scribe.imp_reals
CREATE TABLE IF NOT EXISTS `imp_reals` (
  `id` int(10) unsigned NOT NULL AUTO_INCREMENT,
  `imp_real` varchar(255) COLLATE utf8_unicode_ci NOT NULL,
  `descripcion` varchar(255) COLLATE utf8_unicode_ci NOT NULL,
  `usu_alta_id` int(10) unsigned NOT NULL,
  `usu_mod_id` int(10) unsigned NOT NULL,
  `created_at` timestamp NOT NULL DEFAULT '0000-00-00 00:00:00',
  `updated_at` timestamp NOT NULL DEFAULT '0000-00-00 00:00:00',
  `deleted_at` timestamp NULL DEFAULT NULL,
  PRIMARY KEY (`id`),
  KEY `imp_reals_usu_alta_id_foreign` (`usu_alta_id`),
  KEY `imp_reals_usu_mod_id_foreign` (`usu_mod_id`),
  CONSTRAINT `imp_reals_usu_alta_id_foreign` FOREIGN KEY (`usu_alta_id`) REFERENCES `users` (`id`),
  CONSTRAINT `imp_reals_usu_mod_id_foreign` FOREIGN KEY (`usu_mod_id`) REFERENCES `users` (`id`)
) ENGINE=InnoDB AUTO_INCREMENT=5 DEFAULT CHARSET=utf8 COLLATE=utf8_unicode_ci;

-- Volcando datos para la tabla siam_scribe.imp_reals: ~4 rows (aproximadamente)
/*!40000 ALTER TABLE `imp_reals` DISABLE KEYS */;
INSERT INTO `imp_reals` (`id`, `imp_real`, `descripcion`, `usu_alta_id`, `usu_mod_id`, `created_at`, `updated_at`, `deleted_at`) VALUES
	(1, 'A', 'NO SIGNIFICATIVO, RIESGO POCO PROBABLE', 1, 1, '0000-00-00 00:00:00', '0000-00-00 00:00:00', NULL),
	(2, 'B', 'SIGNIFICATIVO, RIESGO CONTROLABLE', 1, 1, '0000-00-00 00:00:00', '0000-00-00 00:00:00', NULL),
	(3, 'C', 'SIGNIFICATIVO, RIESGO INMINENTE', 1, 1, '0000-00-00 00:00:00', '0000-00-00 00:00:00', NULL),
	(4, '-', 'N/A', 1, 1, '0000-00-00 00:00:00', '0000-00-00 00:00:00', NULL);
/*!40000 ALTER TABLE `imp_reals` ENABLE KEYS */;


-- Volcando estructura para tabla siam_scribe.intensidad_impactos
CREATE TABLE IF NOT EXISTS `intensidad_impactos` (
  `id` int(10) unsigned NOT NULL AUTO_INCREMENT,
  `intensidad_impacto` varchar(255) COLLATE utf8_unicode_ci NOT NULL,
  `usu_alta_id` int(10) unsigned NOT NULL,
  `usu_mod_id` int(10) unsigned NOT NULL,
  `created_at` timestamp NOT NULL DEFAULT '0000-00-00 00:00:00',
  `updated_at` timestamp NOT NULL DEFAULT '0000-00-00 00:00:00',
  `deleted_at` timestamp NULL DEFAULT NULL,
  PRIMARY KEY (`id`),
  KEY `intensidad_impactos_usu_alta_id_foreign` (`usu_alta_id`),
  KEY `intensidad_impactos_usu_mod_id_foreign` (`usu_mod_id`),
  CONSTRAINT `intensidad_impactos_usu_alta_id_foreign` FOREIGN KEY (`usu_alta_id`) REFERENCES `users` (`id`),
  CONSTRAINT `intensidad_impactos_usu_mod_id_foreign` FOREIGN KEY (`usu_mod_id`) REFERENCES `users` (`id`)
) ENGINE=InnoDB AUTO_INCREMENT=6 DEFAULT CHARSET=utf8 COLLATE=utf8_unicode_ci;

-- Volcando datos para la tabla siam_scribe.intensidad_impactos: ~5 rows (aproximadamente)
/*!40000 ALTER TABLE `intensidad_impactos` DISABLE KEYS */;
INSERT INTO `intensidad_impactos` (`id`, `intensidad_impacto`, `usu_alta_id`, `usu_mod_id`, `created_at`, `updated_at`, `deleted_at`) VALUES
	(1, 'MINIMA\r\n', 1, 1, '0000-00-00 00:00:00', '0000-00-00 00:00:00', NULL),
	(2, 'BAJA\r\n', 1, 1, '0000-00-00 00:00:00', '0000-00-00 00:00:00', NULL),
	(3, 'MEDIA\r\n', 1, 1, '0000-00-00 00:00:00', '0000-00-00 00:00:00', NULL),
	(4, 'SIGNIFICATIVA\r\n', 1, 1, '0000-00-00 00:00:00', '0000-00-00 00:00:00', NULL),
	(5, 'MUY SIGNIFICATIVA\r\n', 1, 1, '0000-00-00 00:00:00', '0000-00-00 00:00:00', NULL);
/*!40000 ALTER TABLE `intensidad_impactos` ENABLE KEYS */;


-- Volcando estructura para tabla siam_scribe.ln_caracteristicas
CREATE TABLE IF NOT EXISTS `ln_caracteristicas` (
  `id` int(10) unsigned NOT NULL AUTO_INCREMENT,
  `reg_impacto_id` int(10) unsigned NOT NULL,
  `caracteristica_id` int(10) unsigned NOT NULL,
  `efecto_id` int(10) unsigned NOT NULL,
  `desc_efecto` varchar(255) COLLATE utf8_unicode_ci NOT NULL,
  `descripcion` varchar(300) COLLATE utf8_unicode_ci NOT NULL,
  `resarcion` varchar(300) COLLATE utf8_unicode_ci NOT NULL,
  `emision_efecto_id` int(10) unsigned NOT NULL,
  `duracion_accion_id` int(10) unsigned NOT NULL,
  `continuidad_efecto_id` int(10) unsigned NOT NULL,
  `reversibilidad_id` int(10) unsigned NOT NULL,
  `probabilidad_id` int(10) unsigned NOT NULL,
  `mitigacion_id` int(10) unsigned NOT NULL,
  `intensidad_impacto_id` int(10) unsigned NOT NULL,
  `imp_real_id` int(10) unsigned NOT NULL,
  `imp_potencial_id` int(10) unsigned NOT NULL,
  `usu_alta_id` int(10) unsigned NOT NULL,
  `usu_mod_id` int(10) unsigned NOT NULL,
  `created_at` timestamp NOT NULL DEFAULT '0000-00-00 00:00:00',
  `updated_at` timestamp NOT NULL DEFAULT '0000-00-00 00:00:00',
  `deleted_at` timestamp NULL DEFAULT NULL,
  PRIMARY KEY (`id`),
  KEY `ln_caracteristicas_usu_alta_id_foreign` (`usu_alta_id`),
  KEY `ln_caracteristicas_usu_mod_id_foreign` (`usu_mod_id`),
  KEY `ln_caracteristicas_imp_real_id_foreign` (`imp_real_id`),
  KEY `ln_caracteristicas_imp_potencial_id_foreign` (`imp_potencial_id`),
  KEY `ln_caracteristicas_intensidad_impacto_id_foreign` (`intensidad_impacto_id`),
  KEY `ln_caracteristicas_mitigacion_id_foreign` (`mitigacion_id`),
  KEY `ln_caracteristicas_probabilidad_id_foreign` (`probabilidad_id`),
  KEY `ln_caracteristicas_reversibilidad_id_foreign` (`reversibilidad_id`),
  KEY `ln_caracteristicas_continuidad_efecto_id_foreign` (`continuidad_efecto_id`),
  KEY `ln_caracteristicas_duracion_accion_id_foreign` (`duracion_accion_id`),
  KEY `ln_caracteristicas_emision_efecto_id_foreign` (`emision_efecto_id`),
  KEY `ln_caracteristicas_efecto_id_foreign` (`efecto_id`),
  KEY `ln_caracteristicas_caracteristica_id_foreign` (`caracteristica_id`),
  KEY `ln_caracteristicas_reg_impacto_id_foreign` (`reg_impacto_id`),
  CONSTRAINT `ln_caracteristicas_caracteristica_id_foreign` FOREIGN KEY (`caracteristica_id`) REFERENCES `caracteristicas` (`id`),
  CONSTRAINT `ln_caracteristicas_continuidad_efecto_id_foreign` FOREIGN KEY (`continuidad_efecto_id`) REFERENCES `continuidad_efectos` (`id`),
  CONSTRAINT `ln_caracteristicas_duracion_accion_id_foreign` FOREIGN KEY (`duracion_accion_id`) REFERENCES `duracion_accions` (`id`),
  CONSTRAINT `ln_caracteristicas_efecto_id_foreign` FOREIGN KEY (`efecto_id`) REFERENCES `efectos` (`id`),
  CONSTRAINT `ln_caracteristicas_emision_efecto_id_foreign` FOREIGN KEY (`emision_efecto_id`) REFERENCES `emision_efectos` (`id`),
  CONSTRAINT `ln_caracteristicas_imp_potencial_id_foreign` FOREIGN KEY (`imp_potencial_id`) REFERENCES `imp_potencials` (`id`),
  CONSTRAINT `ln_caracteristicas_imp_real_id_foreign` FOREIGN KEY (`imp_real_id`) REFERENCES `imp_reals` (`id`),
  CONSTRAINT `ln_caracteristicas_intensidad_impacto_id_foreign` FOREIGN KEY (`intensidad_impacto_id`) REFERENCES `intensidad_impactos` (`id`),
  CONSTRAINT `ln_caracteristicas_mitigacion_id_foreign` FOREIGN KEY (`mitigacion_id`) REFERENCES `mitigacions` (`id`),
  CONSTRAINT `ln_caracteristicas_probabilidad_id_foreign` FOREIGN KEY (`probabilidad_id`) REFERENCES `probabilidads` (`id`),
  CONSTRAINT `ln_caracteristicas_reg_impacto_id_foreign` FOREIGN KEY (`reg_impacto_id`) REFERENCES `reg_impactos` (`id`),
  CONSTRAINT `ln_caracteristicas_reversibilidad_id_foreign` FOREIGN KEY (`reversibilidad_id`) REFERENCES `reversibilidads` (`id`),
  CONSTRAINT `ln_caracteristicas_usu_alta_id_foreign` FOREIGN KEY (`usu_alta_id`) REFERENCES `users` (`id`),
  CONSTRAINT `ln_caracteristicas_usu_mod_id_foreign` FOREIGN KEY (`usu_mod_id`) REFERENCES `users` (`id`)
) ENGINE=InnoDB AUTO_INCREMENT=793 DEFAULT CHARSET=utf8 COLLATE=utf8_unicode_ci;

-- Volcando datos para la tabla siam_scribe.ln_caracteristicas: ~792 rows (aproximadamente)
/*!40000 ALTER TABLE `ln_caracteristicas` DISABLE KEYS */;
INSERT INTO `ln_caracteristicas` (`id`, `reg_impacto_id`, `caracteristica_id`, `efecto_id`, `desc_efecto`, `descripcion`, `resarcion`, `emision_efecto_id`, `duracion_accion_id`, `continuidad_efecto_id`, `reversibilidad_id`, `probabilidad_id`, `mitigacion_id`, `intensidad_impacto_id`, `imp_real_id`, `imp_potencial_id`, `usu_alta_id`, `usu_mod_id`, `created_at`, `updated_at`, `deleted_at`) VALUES
	(1, 1, 1, 11, '3', 'detalle descrito del impacto', 'resarcion descrita', 1, 4, 1, 3, 4, 1, 1, 3, 3, 1, 1, '2015-03-24 21:16:14', '2015-03-25 01:55:58', NULL),
	(2, 1, 2, 10, '2', '', '', 1, 1, 1, 1, 1, 1, 1, 1, 1, 1, 1, '2015-03-24 21:16:14', '2015-03-24 23:39:02', NULL),
	(3, 1, 3, 1, '', '', '', 1, 1, 1, 1, 1, 1, 1, 1, 1, 1, 1, '2015-03-24 21:16:14', '2015-03-24 21:16:14', NULL),
	(4, 1, 4, 1, '', '', '', 1, 1, 1, 1, 1, 1, 1, 1, 1, 1, 1, '2015-03-24 21:16:14', '2015-03-24 21:16:14', NULL),
	(5, 1, 5, 10, '2', '', '', 1, 3, 1, 1, 1, 1, 1, 1, 2, 1, 1, '2015-03-24 21:16:14', '2015-03-25 00:23:05', NULL),
	(6, 1, 6, 1, '', '', '', 1, 1, 1, 1, 1, 1, 1, 1, 1, 1, 1, '2015-03-24 21:16:14', '2015-03-24 21:16:14', NULL),
	(7, 1, 7, 1, '', '', '', 1, 1, 1, 1, 1, 1, 1, 1, 1, 1, 1, '2015-03-24 21:16:14', '2015-03-24 21:16:14', NULL),
	(8, 1, 8, 1, '', '', '', 1, 1, 1, 1, 1, 1, 1, 1, 1, 1, 1, '2015-03-24 21:16:14', '2015-03-24 21:16:14', NULL),
	(9, 1, 9, 1, '', '', '', 1, 1, 1, 1, 1, 1, 1, 1, 1, 1, 1, '2015-03-24 21:16:14', '2015-03-24 21:16:14', NULL),
	(10, 1, 10, 1, '', '', '', 1, 1, 1, 1, 1, 1, 1, 1, 1, 1, 1, '2015-03-24 21:16:14', '2015-03-24 21:16:14', NULL),
	(11, 1, 11, 1, '', '', '', 1, 1, 1, 1, 1, 1, 1, 1, 1, 1, 1, '2015-03-24 21:16:14', '2015-03-24 21:16:14', NULL),
	(12, 1, 12, 1, '', '', '', 1, 1, 1, 1, 1, 1, 1, 1, 1, 1, 1, '2015-03-24 21:16:14', '2015-03-24 21:16:14', NULL),
	(13, 1, 13, 1, '', '', '', 1, 1, 1, 1, 1, 1, 1, 1, 1, 1, 1, '2015-03-24 21:16:14', '2015-03-24 21:16:14', NULL),
	(14, 1, 14, 1, '', '', '', 1, 1, 1, 1, 1, 1, 1, 1, 1, 1, 1, '2015-03-24 21:16:14', '2015-03-24 21:16:14', NULL),
	(15, 1, 15, 1, '', '', '', 1, 1, 1, 1, 1, 1, 1, 1, 1, 1, 1, '2015-03-24 21:16:14', '2015-03-24 21:16:14', NULL),
	(16, 1, 16, 1, '', '', '', 1, 1, 1, 1, 1, 1, 1, 1, 1, 1, 1, '2015-03-24 21:16:14', '2015-03-24 21:16:14', NULL),
	(17, 1, 17, 1, '', '', '', 1, 1, 1, 1, 1, 1, 1, 1, 1, 1, 1, '2015-03-24 21:16:14', '2015-03-24 21:16:14', NULL),
	(18, 1, 18, 1, '', '', '', 1, 1, 1, 1, 1, 1, 1, 1, 1, 1, 1, '2015-03-24 21:16:14', '2015-03-24 21:16:14', NULL),
	(19, 1, 19, 1, '', '', '', 1, 1, 1, 1, 1, 1, 1, 1, 1, 1, 1, '2015-03-24 21:16:14', '2015-03-24 21:16:14', NULL),
	(20, 1, 20, 1, '', '', '', 1, 1, 1, 1, 1, 1, 1, 1, 1, 1, 1, '2015-03-24 21:16:14', '2015-03-24 21:16:14', NULL),
	(21, 1, 21, 1, '', '', '', 1, 1, 1, 1, 1, 1, 1, 1, 1, 1, 1, '2015-03-24 21:16:14', '2015-03-24 21:16:14', NULL),
	(22, 1, 22, 1, '', '', '', 1, 1, 1, 1, 1, 1, 1, 1, 1, 1, 1, '2015-03-24 21:16:14', '2015-03-24 21:16:14', NULL),
	(23, 2, 1, 1, '', '', '', 1, 1, 1, 1, 1, 1, 1, 1, 1, 1, 1, '2015-03-24 21:16:14', '2015-03-24 21:16:14', NULL),
	(24, 2, 2, 1, '', '', '', 1, 1, 1, 1, 1, 1, 1, 1, 1, 1, 1, '2015-03-24 21:16:14', '2015-03-24 21:16:14', NULL),
	(25, 2, 3, 1, '', '', '', 1, 1, 1, 1, 1, 1, 1, 1, 1, 1, 1, '2015-03-24 21:16:14', '2015-03-24 21:16:14', NULL),
	(26, 2, 4, 1, '', '', '', 1, 1, 1, 1, 1, 1, 1, 1, 1, 1, 1, '2015-03-24 21:16:14', '2015-03-24 21:16:14', NULL),
	(27, 2, 5, 1, '', '', '', 1, 1, 1, 1, 1, 1, 1, 1, 1, 1, 1, '2015-03-24 21:16:14', '2015-03-24 21:16:14', NULL),
	(28, 2, 6, 1, '', '', '', 1, 1, 1, 1, 1, 1, 1, 1, 1, 1, 1, '2015-03-24 21:16:14', '2015-03-24 21:16:14', NULL),
	(29, 2, 7, 1, '', '', '', 1, 1, 1, 1, 1, 1, 1, 1, 1, 1, 1, '2015-03-24 21:16:14', '2015-03-24 21:16:14', NULL),
	(30, 2, 8, 1, '', '', '', 1, 1, 1, 1, 1, 1, 1, 1, 1, 1, 1, '2015-03-24 21:16:14', '2015-03-24 21:16:14', NULL),
	(31, 2, 9, 1, '', '', '', 1, 1, 1, 1, 1, 1, 1, 1, 1, 1, 1, '2015-03-24 21:16:14', '2015-03-24 21:16:14', NULL),
	(32, 2, 10, 1, '', '', '', 1, 1, 1, 1, 1, 1, 1, 1, 1, 1, 1, '2015-03-24 21:16:14', '2015-03-24 21:16:14', NULL),
	(33, 2, 11, 1, '', '', '', 1, 1, 1, 1, 1, 1, 1, 1, 1, 1, 1, '2015-03-24 21:16:14', '2015-03-24 21:16:14', NULL),
	(34, 2, 12, 1, '', '', '', 1, 1, 1, 1, 1, 1, 1, 1, 1, 1, 1, '2015-03-24 21:16:14', '2015-03-24 21:16:14', NULL),
	(35, 2, 13, 1, '', '', '', 1, 1, 1, 1, 1, 1, 1, 1, 1, 1, 1, '2015-03-24 21:16:14', '2015-03-24 21:16:14', NULL),
	(36, 2, 14, 1, '', '', '', 1, 1, 1, 1, 1, 1, 1, 1, 1, 1, 1, '2015-03-24 21:16:14', '2015-03-24 21:16:14', NULL),
	(37, 2, 15, 1, '', '', '', 1, 1, 1, 1, 1, 1, 1, 1, 1, 1, 1, '2015-03-24 21:16:14', '2015-03-24 21:16:14', NULL),
	(38, 2, 16, 1, '', '', '', 1, 1, 1, 1, 1, 1, 1, 1, 1, 1, 1, '2015-03-24 21:16:14', '2015-03-24 21:16:14', NULL),
	(39, 2, 17, 1, '', '', '', 1, 1, 1, 1, 1, 1, 1, 1, 1, 1, 1, '2015-03-24 21:16:14', '2015-03-24 21:16:14', NULL),
	(40, 2, 18, 1, '', '', '', 1, 1, 1, 1, 1, 1, 1, 1, 1, 1, 1, '2015-03-24 21:16:14', '2015-03-24 21:16:14', NULL),
	(41, 2, 19, 1, '', '', '', 1, 1, 1, 1, 1, 1, 1, 1, 1, 1, 1, '2015-03-24 21:16:14', '2015-03-24 21:16:14', NULL),
	(42, 2, 20, 1, '', '', '', 1, 1, 1, 1, 1, 1, 1, 1, 1, 1, 1, '2015-03-24 21:16:14', '2015-03-24 21:16:14', NULL),
	(43, 2, 21, 1, '', '', '', 1, 1, 1, 1, 1, 1, 1, 1, 1, 1, 1, '2015-03-24 21:16:14', '2015-03-24 21:16:14', NULL),
	(44, 2, 22, 1, '', '', '', 1, 1, 1, 1, 1, 1, 1, 1, 1, 1, 1, '2015-03-24 21:16:14', '2015-03-24 21:16:14', NULL),
	(45, 3, 1, 1, '', '', '', 1, 1, 1, 1, 1, 1, 1, 1, 1, 1, 1, '2015-03-24 21:16:14', '2015-03-24 21:16:14', NULL),
	(46, 3, 2, 1, '', '', '', 1, 1, 1, 1, 1, 1, 1, 1, 1, 1, 1, '2015-03-24 21:16:14', '2015-03-24 21:16:14', NULL),
	(47, 3, 3, 1, '', '', '', 1, 1, 1, 1, 1, 1, 1, 1, 1, 1, 1, '2015-03-24 21:16:14', '2015-03-24 21:16:14', NULL),
	(48, 3, 4, 1, '', '', '', 1, 1, 1, 1, 1, 1, 1, 1, 1, 1, 1, '2015-03-24 21:16:14', '2015-03-24 21:16:14', NULL),
	(49, 3, 5, 1, '', '', '', 1, 1, 1, 1, 1, 1, 1, 1, 1, 1, 1, '2015-03-24 21:16:14', '2015-03-24 21:16:14', NULL),
	(50, 3, 6, 1, '', '', '', 1, 1, 1, 1, 1, 1, 1, 1, 1, 1, 1, '2015-03-24 21:16:14', '2015-03-24 21:16:14', NULL),
	(51, 3, 7, 1, '', '', '', 1, 1, 1, 1, 1, 1, 1, 1, 1, 1, 1, '2015-03-24 21:16:14', '2015-03-24 21:16:14', NULL),
	(52, 3, 8, 1, '', '', '', 1, 1, 1, 1, 1, 1, 1, 1, 1, 1, 1, '2015-03-24 21:16:14', '2015-03-24 21:16:14', NULL),
	(53, 3, 9, 1, '', '', '', 1, 1, 1, 1, 1, 1, 1, 1, 1, 1, 1, '2015-03-24 21:16:14', '2015-03-24 21:16:14', NULL),
	(54, 3, 10, 1, '', '', '', 1, 1, 1, 1, 1, 1, 1, 1, 1, 1, 1, '2015-03-24 21:16:14', '2015-03-24 21:16:14', NULL),
	(55, 3, 11, 1, '', '', '', 1, 1, 1, 1, 1, 1, 1, 1, 1, 1, 1, '2015-03-24 21:16:14', '2015-03-24 21:16:14', NULL),
	(56, 3, 12, 1, '', '', '', 1, 1, 1, 1, 1, 1, 1, 1, 1, 1, 1, '2015-03-24 21:16:14', '2015-03-24 21:16:14', NULL),
	(57, 3, 13, 1, '', '', '', 1, 1, 1, 1, 1, 1, 1, 1, 1, 1, 1, '2015-03-24 21:16:14', '2015-03-24 21:16:14', NULL),
	(58, 3, 14, 1, '', '', '', 1, 1, 1, 1, 1, 1, 1, 1, 1, 1, 1, '2015-03-24 21:16:14', '2015-03-24 21:16:14', NULL),
	(59, 3, 15, 1, '', '', '', 1, 1, 1, 1, 1, 1, 1, 1, 1, 1, 1, '2015-03-24 21:16:14', '2015-03-24 21:16:14', NULL),
	(60, 3, 16, 1, '', '', '', 1, 1, 1, 1, 1, 1, 1, 1, 1, 1, 1, '2015-03-24 21:16:14', '2015-03-24 21:16:14', NULL),
	(61, 3, 17, 1, '', '', '', 1, 1, 1, 1, 1, 1, 1, 1, 1, 1, 1, '2015-03-24 21:16:14', '2015-03-24 21:16:14', NULL),
	(62, 3, 18, 1, '', '', '', 1, 1, 1, 1, 1, 1, 1, 1, 1, 1, 1, '2015-03-24 21:16:14', '2015-03-24 21:16:14', NULL),
	(63, 3, 19, 1, '', '', '', 1, 1, 1, 1, 1, 1, 1, 1, 1, 1, 1, '2015-03-24 21:16:14', '2015-03-24 21:16:14', NULL),
	(64, 3, 20, 1, '', '', '', 1, 1, 1, 1, 1, 1, 1, 1, 1, 1, 1, '2015-03-24 21:16:14', '2015-03-24 21:16:14', NULL),
	(65, 3, 21, 1, '', '', '', 1, 1, 1, 1, 1, 1, 1, 1, 1, 1, 1, '2015-03-24 21:16:14', '2015-03-24 21:16:14', NULL),
	(66, 3, 22, 1, '', '', '', 1, 1, 1, 1, 1, 1, 1, 1, 1, 1, 1, '2015-03-24 21:16:14', '2015-03-24 21:16:14', NULL),
	(67, 4, 1, 1, '', '', '', 1, 1, 1, 1, 1, 1, 1, 1, 1, 1, 1, '2015-03-24 21:16:14', '2015-03-24 21:16:14', NULL),
	(68, 4, 2, 1, '', '', '', 1, 1, 1, 1, 1, 1, 1, 1, 1, 1, 1, '2015-03-24 21:16:14', '2015-03-24 21:16:14', NULL),
	(69, 4, 3, 1, '', '', '', 1, 1, 1, 1, 1, 1, 1, 1, 1, 1, 1, '2015-03-24 21:16:14', '2015-03-24 21:16:14', NULL),
	(70, 4, 4, 1, '', '', '', 1, 1, 1, 1, 1, 1, 1, 1, 1, 1, 1, '2015-03-24 21:16:14', '2015-03-24 21:16:14', NULL),
	(71, 4, 5, 1, '', '', '', 1, 1, 1, 1, 1, 1, 1, 1, 1, 1, 1, '2015-03-24 21:16:14', '2015-03-24 21:16:14', NULL),
	(72, 4, 6, 1, '', '', '', 1, 1, 1, 1, 1, 1, 1, 1, 1, 1, 1, '2015-03-24 21:16:14', '2015-03-24 21:16:14', NULL),
	(73, 4, 7, 1, '', '', '', 1, 1, 1, 1, 1, 1, 1, 1, 1, 1, 1, '2015-03-24 21:16:14', '2015-03-24 21:16:14', NULL),
	(74, 4, 8, 1, '', '', '', 1, 1, 1, 1, 1, 1, 1, 1, 1, 1, 1, '2015-03-24 21:16:14', '2015-03-24 21:16:14', NULL),
	(75, 4, 9, 1, '', '', '', 1, 1, 1, 1, 1, 1, 1, 1, 1, 1, 1, '2015-03-24 21:16:14', '2015-03-24 21:16:14', NULL),
	(76, 4, 10, 1, '', '', '', 1, 1, 1, 1, 1, 1, 1, 1, 1, 1, 1, '2015-03-24 21:16:14', '2015-03-24 21:16:14', NULL),
	(77, 4, 11, 1, '', '', '', 1, 1, 1, 1, 1, 1, 1, 1, 1, 1, 1, '2015-03-24 21:16:14', '2015-03-24 21:16:14', NULL),
	(78, 4, 12, 1, '', '', '', 1, 1, 1, 1, 1, 1, 1, 1, 1, 1, 1, '2015-03-24 21:16:14', '2015-03-24 21:16:14', NULL),
	(79, 4, 13, 1, '', '', '', 1, 1, 1, 1, 1, 1, 1, 1, 1, 1, 1, '2015-03-24 21:16:14', '2015-03-24 21:16:14', NULL),
	(80, 4, 14, 1, '', '', '', 1, 1, 1, 1, 1, 1, 1, 1, 1, 1, 1, '2015-03-24 21:16:14', '2015-03-24 21:16:14', NULL),
	(81, 4, 15, 1, '', '', '', 1, 1, 1, 1, 1, 1, 1, 1, 1, 1, 1, '2015-03-24 21:16:14', '2015-03-24 21:16:14', NULL),
	(82, 4, 16, 1, '', '', '', 1, 1, 1, 1, 1, 1, 1, 1, 1, 1, 1, '2015-03-24 21:16:14', '2015-03-24 21:16:14', NULL),
	(83, 4, 17, 1, '', '', '', 1, 1, 1, 1, 1, 1, 1, 1, 1, 1, 1, '2015-03-24 21:16:14', '2015-03-24 21:16:14', NULL),
	(84, 4, 18, 1, '', '', '', 1, 1, 1, 1, 1, 1, 1, 1, 1, 1, 1, '2015-03-24 21:16:14', '2015-03-24 21:16:14', NULL),
	(85, 4, 19, 1, '', '', '', 1, 1, 1, 1, 1, 1, 1, 1, 1, 1, 1, '2015-03-24 21:16:14', '2015-03-24 21:16:14', NULL),
	(86, 4, 20, 1, '', '', '', 1, 1, 1, 1, 1, 1, 1, 1, 1, 1, 1, '2015-03-24 21:16:14', '2015-03-24 21:16:14', NULL),
	(87, 4, 21, 1, '', '', '', 1, 1, 1, 1, 1, 1, 1, 1, 1, 1, 1, '2015-03-24 21:16:14', '2015-03-24 21:16:14', NULL),
	(88, 4, 22, 1, '', '', '', 1, 1, 1, 1, 1, 1, 1, 1, 1, 1, 1, '2015-03-24 21:16:14', '2015-03-24 21:16:14', NULL),
	(89, 5, 1, 1, '', '', '', 1, 1, 1, 1, 1, 1, 1, 1, 1, 1, 1, '2015-03-24 21:16:14', '2015-03-24 21:16:14', NULL),
	(90, 5, 2, 1, '', '', '', 1, 1, 1, 1, 1, 1, 1, 1, 1, 1, 1, '2015-03-24 21:16:14', '2015-03-24 21:16:14', NULL),
	(91, 5, 3, 1, '', '', '', 1, 1, 1, 1, 1, 1, 1, 1, 1, 1, 1, '2015-03-24 21:16:14', '2015-03-24 21:16:14', NULL),
	(92, 5, 4, 1, '', '', '', 1, 1, 1, 1, 1, 1, 1, 1, 1, 1, 1, '2015-03-24 21:16:14', '2015-03-24 21:16:14', NULL),
	(93, 5, 5, 1, '', '', '', 1, 1, 1, 1, 1, 1, 1, 1, 1, 1, 1, '2015-03-24 21:16:14', '2015-03-24 21:16:14', NULL),
	(94, 5, 6, 1, '', '', '', 1, 1, 1, 1, 1, 1, 1, 1, 1, 1, 1, '2015-03-24 21:16:14', '2015-03-24 21:16:14', NULL),
	(95, 5, 7, 1, '', '', '', 1, 1, 1, 1, 1, 1, 1, 1, 1, 1, 1, '2015-03-24 21:16:14', '2015-03-24 21:16:14', NULL),
	(96, 5, 8, 1, '', '', '', 1, 1, 1, 1, 1, 1, 1, 1, 1, 1, 1, '2015-03-24 21:16:14', '2015-03-24 21:16:14', NULL),
	(97, 5, 9, 1, '', '', '', 1, 1, 1, 1, 1, 1, 1, 1, 1, 1, 1, '2015-03-24 21:16:14', '2015-03-24 21:16:14', NULL),
	(98, 5, 10, 1, '', '', '', 1, 1, 1, 1, 1, 1, 1, 1, 1, 1, 1, '2015-03-24 21:16:14', '2015-03-24 21:16:14', NULL),
	(99, 5, 11, 1, '', '', '', 1, 1, 1, 1, 1, 1, 1, 1, 1, 1, 1, '2015-03-24 21:16:14', '2015-03-24 21:16:14', NULL),
	(100, 5, 12, 1, '', '', '', 1, 1, 1, 1, 1, 1, 1, 1, 1, 1, 1, '2015-03-24 21:16:14', '2015-03-24 21:16:14', NULL),
	(101, 5, 13, 1, '', '', '', 1, 1, 1, 1, 1, 1, 1, 1, 1, 1, 1, '2015-03-24 21:16:14', '2015-03-24 21:16:14', NULL),
	(102, 5, 14, 1, '', '', '', 1, 1, 1, 1, 1, 1, 1, 1, 1, 1, 1, '2015-03-24 21:16:14', '2015-03-24 21:16:14', NULL),
	(103, 5, 15, 1, '', '', '', 1, 1, 1, 1, 1, 1, 1, 1, 1, 1, 1, '2015-03-24 21:16:14', '2015-03-24 21:16:14', NULL),
	(104, 5, 16, 1, '', '', '', 1, 1, 1, 1, 1, 1, 1, 1, 1, 1, 1, '2015-03-24 21:16:14', '2015-03-24 21:16:14', NULL),
	(105, 5, 17, 1, '', '', '', 1, 1, 1, 1, 1, 1, 1, 1, 1, 1, 1, '2015-03-24 21:16:14', '2015-03-24 21:16:14', NULL),
	(106, 5, 18, 1, '', '', '', 1, 1, 1, 1, 1, 1, 1, 1, 1, 1, 1, '2015-03-24 21:16:14', '2015-03-24 21:16:14', NULL),
	(107, 5, 19, 1, '', '', '', 1, 1, 1, 1, 1, 1, 1, 1, 1, 1, 1, '2015-03-24 21:16:14', '2015-03-24 21:16:14', NULL),
	(108, 5, 20, 1, '', '', '', 1, 1, 1, 1, 1, 1, 1, 1, 1, 1, 1, '2015-03-24 21:16:14', '2015-03-24 21:16:14', NULL),
	(109, 5, 21, 1, '', '', '', 1, 1, 1, 1, 1, 1, 1, 1, 1, 1, 1, '2015-03-24 21:16:14', '2015-03-24 21:16:14', NULL),
	(110, 5, 22, 1, '', '', '', 1, 1, 1, 1, 1, 1, 1, 1, 1, 1, 1, '2015-03-24 21:16:14', '2015-03-24 21:16:14', NULL),
	(111, 6, 1, 1, '', '', '', 1, 1, 1, 1, 1, 1, 1, 1, 1, 1, 1, '2015-03-24 21:16:14', '2015-03-24 21:16:14', NULL),
	(112, 6, 2, 1, '', '', '', 1, 1, 1, 1, 1, 1, 1, 1, 1, 1, 1, '2015-03-24 21:16:14', '2015-03-24 21:16:14', NULL),
	(113, 6, 3, 1, '', '', '', 1, 1, 1, 1, 1, 1, 1, 1, 1, 1, 1, '2015-03-24 21:16:14', '2015-03-24 21:16:14', NULL),
	(114, 6, 4, 1, '', '', '', 1, 1, 1, 1, 1, 1, 1, 1, 1, 1, 1, '2015-03-24 21:16:14', '2015-03-24 21:16:14', NULL),
	(115, 6, 5, 1, '', '', '', 1, 1, 1, 1, 1, 1, 1, 1, 1, 1, 1, '2015-03-24 21:16:14', '2015-03-24 21:16:14', NULL),
	(116, 6, 6, 1, '', '', '', 1, 1, 1, 1, 1, 1, 1, 1, 1, 1, 1, '2015-03-24 21:16:14', '2015-03-24 21:16:14', NULL),
	(117, 6, 7, 1, '', '', '', 1, 1, 1, 1, 1, 1, 1, 1, 1, 1, 1, '2015-03-24 21:16:14', '2015-03-24 21:16:14', NULL),
	(118, 6, 8, 1, '', '', '', 1, 1, 1, 1, 1, 1, 1, 1, 1, 1, 1, '2015-03-24 21:16:14', '2015-03-24 21:16:14', NULL),
	(119, 6, 9, 1, '', '', '', 1, 1, 1, 1, 1, 1, 1, 1, 1, 1, 1, '2015-03-24 21:16:14', '2015-03-24 21:16:14', NULL),
	(120, 6, 10, 1, '', '', '', 1, 1, 1, 1, 1, 1, 1, 1, 1, 1, 1, '2015-03-24 21:16:14', '2015-03-24 21:16:14', NULL),
	(121, 6, 11, 1, '', '', '', 1, 1, 1, 1, 1, 1, 1, 1, 1, 1, 1, '2015-03-24 21:16:14', '2015-03-24 21:16:14', NULL),
	(122, 6, 12, 1, '', '', '', 1, 1, 1, 1, 1, 1, 1, 1, 1, 1, 1, '2015-03-24 21:16:14', '2015-03-24 21:16:14', NULL),
	(123, 6, 13, 1, '', '', '', 1, 1, 1, 1, 1, 1, 1, 1, 1, 1, 1, '2015-03-24 21:16:14', '2015-03-24 21:16:14', NULL),
	(124, 6, 14, 1, '', '', '', 1, 1, 1, 1, 1, 1, 1, 1, 1, 1, 1, '2015-03-24 21:16:14', '2015-03-24 21:16:14', NULL),
	(125, 6, 15, 1, '', '', '', 1, 1, 1, 1, 1, 1, 1, 1, 1, 1, 1, '2015-03-24 21:16:14', '2015-03-24 21:16:14', NULL),
	(126, 6, 16, 1, '', '', '', 1, 1, 1, 1, 1, 1, 1, 1, 1, 1, 1, '2015-03-24 21:16:14', '2015-03-24 21:16:14', NULL),
	(127, 6, 17, 1, '', '', '', 1, 1, 1, 1, 1, 1, 1, 1, 1, 1, 1, '2015-03-24 21:16:14', '2015-03-24 21:16:14', NULL),
	(128, 6, 18, 1, '', '', '', 1, 1, 1, 1, 1, 1, 1, 1, 1, 1, 1, '2015-03-24 21:16:14', '2015-03-24 21:16:14', NULL),
	(129, 6, 19, 1, '', '', '', 1, 1, 1, 1, 1, 1, 1, 1, 1, 1, 1, '2015-03-24 21:16:14', '2015-03-24 21:16:14', NULL),
	(130, 6, 20, 1, '', '', '', 1, 1, 1, 1, 1, 1, 1, 1, 1, 1, 1, '2015-03-24 21:16:14', '2015-03-24 21:16:14', NULL),
	(131, 6, 21, 1, '', '', '', 1, 1, 1, 1, 1, 1, 1, 1, 1, 1, 1, '2015-03-24 21:16:14', '2015-03-24 21:16:14', NULL),
	(132, 6, 22, 1, '', '', '', 1, 1, 1, 1, 1, 1, 1, 1, 1, 1, 1, '2015-03-24 21:16:14', '2015-03-24 21:16:14', NULL),
	(133, 7, 1, 1, '', '', '', 1, 1, 1, 1, 1, 1, 1, 1, 1, 1, 1, '2015-03-24 21:16:14', '2015-03-24 21:16:14', NULL),
	(134, 7, 2, 1, '', '', '', 1, 1, 1, 1, 1, 1, 1, 1, 1, 1, 1, '2015-03-24 21:16:14', '2015-03-24 21:16:14', NULL),
	(135, 7, 3, 1, '', '', '', 1, 1, 1, 1, 1, 1, 1, 1, 1, 1, 1, '2015-03-24 21:16:14', '2015-03-24 21:16:14', NULL),
	(136, 7, 4, 1, '', '', '', 1, 1, 1, 1, 1, 1, 1, 1, 1, 1, 1, '2015-03-24 21:16:14', '2015-03-24 21:16:14', NULL),
	(137, 7, 5, 1, '', '', '', 1, 1, 1, 1, 1, 1, 1, 1, 1, 1, 1, '2015-03-24 21:16:14', '2015-03-24 21:16:14', NULL),
	(138, 7, 6, 1, '', '', '', 1, 1, 1, 1, 1, 1, 1, 1, 1, 1, 1, '2015-03-24 21:16:14', '2015-03-24 21:16:14', NULL),
	(139, 7, 7, 1, '', '', '', 1, 1, 1, 1, 1, 1, 1, 1, 1, 1, 1, '2015-03-24 21:16:14', '2015-03-24 21:16:14', NULL),
	(140, 7, 8, 1, '', '', '', 1, 1, 1, 1, 1, 1, 1, 1, 1, 1, 1, '2015-03-24 21:16:14', '2015-03-24 21:16:14', NULL),
	(141, 7, 9, 1, '', '', '', 1, 1, 1, 1, 1, 1, 1, 1, 1, 1, 1, '2015-03-24 21:16:14', '2015-03-24 21:16:14', NULL),
	(142, 7, 10, 1, '', '', '', 1, 1, 1, 1, 1, 1, 1, 1, 1, 1, 1, '2015-03-24 21:16:14', '2015-03-24 21:16:14', NULL),
	(143, 7, 11, 1, '', '', '', 1, 1, 1, 1, 1, 1, 1, 1, 1, 1, 1, '2015-03-24 21:16:14', '2015-03-24 21:16:14', NULL),
	(144, 7, 12, 1, '', '', '', 1, 1, 1, 1, 1, 1, 1, 1, 1, 1, 1, '2015-03-24 21:16:14', '2015-03-24 21:16:14', NULL),
	(145, 7, 13, 1, '', '', '', 1, 1, 1, 1, 1, 1, 1, 1, 1, 1, 1, '2015-03-24 21:16:14', '2015-03-24 21:16:14', NULL),
	(146, 7, 14, 1, '', '', '', 1, 1, 1, 1, 1, 1, 1, 1, 1, 1, 1, '2015-03-24 21:16:14', '2015-03-24 21:16:14', NULL),
	(147, 7, 15, 1, '', '', '', 1, 1, 1, 1, 1, 1, 1, 1, 1, 1, 1, '2015-03-24 21:16:14', '2015-03-24 21:16:14', NULL),
	(148, 7, 16, 1, '', '', '', 1, 1, 1, 1, 1, 1, 1, 1, 1, 1, 1, '2015-03-24 21:16:14', '2015-03-24 21:16:14', NULL),
	(149, 7, 17, 1, '', '', '', 1, 1, 1, 1, 1, 1, 1, 1, 1, 1, 1, '2015-03-24 21:16:14', '2015-03-24 21:16:14', NULL),
	(150, 7, 18, 1, '', '', '', 1, 1, 1, 1, 1, 1, 1, 1, 1, 1, 1, '2015-03-24 21:16:14', '2015-03-24 21:16:14', NULL),
	(151, 7, 19, 1, '', '', '', 1, 1, 1, 1, 1, 1, 1, 1, 1, 1, 1, '2015-03-24 21:16:14', '2015-03-24 21:16:14', NULL),
	(152, 7, 20, 1, '', '', '', 1, 1, 1, 1, 1, 1, 1, 1, 1, 1, 1, '2015-03-24 21:16:14', '2015-03-24 21:16:14', NULL),
	(153, 7, 21, 1, '', '', '', 1, 1, 1, 1, 1, 1, 1, 1, 1, 1, 1, '2015-03-24 21:16:14', '2015-03-24 21:16:14', NULL),
	(154, 7, 22, 1, '', '', '', 1, 1, 1, 1, 1, 1, 1, 1, 1, 1, 1, '2015-03-24 21:16:14', '2015-03-24 21:16:14', NULL),
	(155, 8, 1, 1, '', '', '', 1, 1, 1, 1, 1, 1, 1, 1, 1, 1, 1, '2015-03-24 21:16:14', '2015-03-24 21:16:14', NULL),
	(156, 8, 2, 1, '', '', '', 1, 1, 1, 1, 1, 1, 1, 1, 1, 1, 1, '2015-03-24 21:16:14', '2015-03-24 21:16:14', NULL),
	(157, 8, 3, 1, '', '', '', 1, 1, 1, 1, 1, 1, 1, 1, 1, 1, 1, '2015-03-24 21:16:14', '2015-03-24 21:16:14', NULL),
	(158, 8, 4, 1, '', '', '', 1, 1, 1, 1, 1, 1, 1, 1, 1, 1, 1, '2015-03-24 21:16:14', '2015-03-24 21:16:14', NULL),
	(159, 8, 5, 1, '', '', '', 1, 1, 1, 1, 1, 1, 1, 1, 1, 1, 1, '2015-03-24 21:16:14', '2015-03-24 21:16:14', NULL),
	(160, 8, 6, 1, '', '', '', 1, 1, 1, 1, 1, 1, 1, 1, 1, 1, 1, '2015-03-24 21:16:14', '2015-03-24 21:16:14', NULL),
	(161, 8, 7, 1, '', '', '', 1, 1, 1, 1, 1, 1, 1, 1, 1, 1, 1, '2015-03-24 21:16:14', '2015-03-24 21:16:14', NULL),
	(162, 8, 8, 1, '', '', '', 1, 1, 1, 1, 1, 1, 1, 1, 1, 1, 1, '2015-03-24 21:16:14', '2015-03-24 21:16:14', NULL),
	(163, 8, 9, 1, '', '', '', 1, 1, 1, 1, 1, 1, 1, 1, 1, 1, 1, '2015-03-24 21:16:14', '2015-03-24 21:16:14', NULL),
	(164, 8, 10, 1, '', '', '', 1, 1, 1, 1, 1, 1, 1, 1, 1, 1, 1, '2015-03-24 21:16:14', '2015-03-24 21:16:14', NULL),
	(165, 8, 11, 1, '', '', '', 1, 1, 1, 1, 1, 1, 1, 1, 1, 1, 1, '2015-03-24 21:16:14', '2015-03-24 21:16:14', NULL),
	(166, 8, 12, 1, '', '', '', 1, 1, 1, 1, 1, 1, 1, 1, 1, 1, 1, '2015-03-24 21:16:14', '2015-03-24 21:16:14', NULL),
	(167, 8, 13, 1, '', '', '', 1, 1, 1, 1, 1, 1, 1, 1, 1, 1, 1, '2015-03-24 21:16:14', '2015-03-24 21:16:14', NULL),
	(168, 8, 14, 1, '', '', '', 1, 1, 1, 1, 1, 1, 1, 1, 1, 1, 1, '2015-03-24 21:16:14', '2015-03-24 21:16:14', NULL),
	(169, 8, 15, 1, '', '', '', 1, 1, 1, 1, 1, 1, 1, 1, 1, 1, 1, '2015-03-24 21:16:14', '2015-03-24 21:16:14', NULL),
	(170, 8, 16, 1, '', '', '', 1, 1, 1, 1, 1, 1, 1, 1, 1, 1, 1, '2015-03-24 21:16:14', '2015-03-24 21:16:14', NULL),
	(171, 8, 17, 1, '', '', '', 1, 1, 1, 1, 1, 1, 1, 1, 1, 1, 1, '2015-03-24 21:16:14', '2015-03-24 21:16:14', NULL),
	(172, 8, 18, 1, '', '', '', 1, 1, 1, 1, 1, 1, 1, 1, 1, 1, 1, '2015-03-24 21:16:14', '2015-03-24 21:16:14', NULL),
	(173, 8, 19, 1, '', '', '', 1, 1, 1, 1, 1, 1, 1, 1, 1, 1, 1, '2015-03-24 21:16:14', '2015-03-24 21:16:14', NULL),
	(174, 8, 20, 1, '', '', '', 1, 1, 1, 1, 1, 1, 1, 1, 1, 1, 1, '2015-03-24 21:16:14', '2015-03-24 21:16:14', NULL),
	(175, 8, 21, 1, '', '', '', 1, 1, 1, 1, 1, 1, 1, 1, 1, 1, 1, '2015-03-24 21:16:14', '2015-03-24 21:16:14', NULL),
	(176, 8, 22, 1, '', '', '', 1, 1, 1, 1, 1, 1, 1, 1, 1, 1, 1, '2015-03-24 21:16:14', '2015-03-24 21:16:14', NULL),
	(177, 9, 1, 1, '', '', '', 1, 1, 1, 1, 1, 1, 1, 1, 1, 1, 1, '2015-03-24 21:16:14', '2015-03-24 21:16:14', NULL),
	(178, 9, 2, 1, '', '', '', 1, 1, 1, 1, 1, 1, 1, 1, 1, 1, 1, '2015-03-24 21:16:14', '2015-03-24 21:16:14', NULL),
	(179, 9, 3, 1, '', '', '', 1, 1, 1, 1, 1, 1, 1, 1, 1, 1, 1, '2015-03-24 21:16:14', '2015-03-24 21:16:14', NULL),
	(180, 9, 4, 1, '', '', '', 1, 1, 1, 1, 1, 1, 1, 1, 1, 1, 1, '2015-03-24 21:16:14', '2015-03-24 21:16:14', NULL),
	(181, 9, 5, 1, '', '', '', 1, 1, 1, 1, 1, 1, 1, 1, 1, 1, 1, '2015-03-24 21:16:14', '2015-03-24 21:16:14', NULL),
	(182, 9, 6, 1, '', '', '', 1, 1, 1, 1, 1, 1, 1, 1, 1, 1, 1, '2015-03-24 21:16:14', '2015-03-24 21:16:14', NULL),
	(183, 9, 7, 1, '', '', '', 1, 1, 1, 1, 1, 1, 1, 1, 1, 1, 1, '2015-03-24 21:16:14', '2015-03-24 21:16:14', NULL),
	(184, 9, 8, 1, '', '', '', 1, 1, 1, 1, 1, 1, 1, 1, 1, 1, 1, '2015-03-24 21:16:14', '2015-03-24 21:16:14', NULL),
	(185, 9, 9, 1, '', '', '', 1, 1, 1, 1, 1, 1, 1, 1, 1, 1, 1, '2015-03-24 21:16:14', '2015-03-24 21:16:14', NULL),
	(186, 9, 10, 1, '', '', '', 1, 1, 1, 1, 1, 1, 1, 1, 1, 1, 1, '2015-03-24 21:16:14', '2015-03-24 21:16:14', NULL),
	(187, 9, 11, 1, '', '', '', 1, 1, 1, 1, 1, 1, 1, 1, 1, 1, 1, '2015-03-24 21:16:14', '2015-03-24 21:16:14', NULL),
	(188, 9, 12, 1, '', '', '', 1, 1, 1, 1, 1, 1, 1, 1, 1, 1, 1, '2015-03-24 21:16:14', '2015-03-24 21:16:14', NULL),
	(189, 9, 13, 1, '', '', '', 1, 1, 1, 1, 1, 1, 1, 1, 1, 1, 1, '2015-03-24 21:16:14', '2015-03-24 21:16:14', NULL),
	(190, 9, 14, 1, '', '', '', 1, 1, 1, 1, 1, 1, 1, 1, 1, 1, 1, '2015-03-24 21:16:14', '2015-03-24 21:16:14', NULL),
	(191, 9, 15, 1, '', '', '', 1, 1, 1, 1, 1, 1, 1, 1, 1, 1, 1, '2015-03-24 21:16:14', '2015-03-24 21:16:14', NULL),
	(192, 9, 16, 1, '', '', '', 1, 1, 1, 1, 1, 1, 1, 1, 1, 1, 1, '2015-03-24 21:16:14', '2015-03-24 21:16:14', NULL),
	(193, 9, 17, 1, '', '', '', 1, 1, 1, 1, 1, 1, 1, 1, 1, 1, 1, '2015-03-24 21:16:14', '2015-03-24 21:16:14', NULL),
	(194, 9, 18, 1, '', '', '', 1, 1, 1, 1, 1, 1, 1, 1, 1, 1, 1, '2015-03-24 21:16:14', '2015-03-24 21:16:14', NULL),
	(195, 9, 19, 1, '', '', '', 1, 1, 1, 1, 1, 1, 1, 1, 1, 1, 1, '2015-03-24 21:16:14', '2015-03-24 21:16:14', NULL),
	(196, 9, 20, 1, '', '', '', 1, 1, 1, 1, 1, 1, 1, 1, 1, 1, 1, '2015-03-24 21:16:14', '2015-03-24 21:16:14', NULL),
	(197, 9, 21, 1, '', '', '', 1, 1, 1, 1, 1, 1, 1, 1, 1, 1, 1, '2015-03-24 21:16:14', '2015-03-24 21:16:14', NULL),
	(198, 9, 22, 1, '', '', '', 1, 1, 1, 1, 1, 1, 1, 1, 1, 1, 1, '2015-03-24 21:16:14', '2015-03-24 21:16:14', NULL),
	(199, 10, 1, 1, '', '', '', 1, 1, 1, 1, 1, 1, 1, 1, 1, 1, 1, '2015-03-24 21:16:14', '2015-03-24 21:16:14', NULL),
	(200, 10, 2, 1, '', '', '', 1, 1, 1, 1, 1, 1, 1, 1, 1, 1, 1, '2015-03-24 21:16:15', '2015-03-24 21:16:15', NULL),
	(201, 10, 3, 1, '', '', '', 1, 1, 1, 1, 1, 1, 1, 1, 1, 1, 1, '2015-03-24 21:16:15', '2015-03-24 21:16:15', NULL),
	(202, 10, 4, 1, '', '', '', 1, 1, 1, 1, 1, 1, 1, 1, 1, 1, 1, '2015-03-24 21:16:15', '2015-03-24 21:16:15', NULL),
	(203, 10, 5, 1, '', '', '', 1, 1, 1, 1, 1, 1, 1, 1, 1, 1, 1, '2015-03-24 21:16:15', '2015-03-24 21:16:15', NULL),
	(204, 10, 6, 1, '', '', '', 1, 1, 1, 1, 1, 1, 1, 1, 1, 1, 1, '2015-03-24 21:16:15', '2015-03-24 21:16:15', NULL),
	(205, 10, 7, 1, '', '', '', 1, 1, 1, 1, 1, 1, 1, 1, 1, 1, 1, '2015-03-24 21:16:15', '2015-03-24 21:16:15', NULL),
	(206, 10, 8, 1, '', '', '', 1, 1, 1, 1, 1, 1, 1, 1, 1, 1, 1, '2015-03-24 21:16:15', '2015-03-24 21:16:15', NULL),
	(207, 10, 9, 1, '', '', '', 1, 1, 1, 1, 1, 1, 1, 1, 1, 1, 1, '2015-03-24 21:16:15', '2015-03-24 21:16:15', NULL),
	(208, 10, 10, 1, '', '', '', 1, 1, 1, 1, 1, 1, 1, 1, 1, 1, 1, '2015-03-24 21:16:15', '2015-03-24 21:16:15', NULL),
	(209, 10, 11, 1, '', '', '', 1, 1, 1, 1, 1, 1, 1, 1, 1, 1, 1, '2015-03-24 21:16:15', '2015-03-24 21:16:15', NULL),
	(210, 10, 12, 1, '', '', '', 1, 1, 1, 1, 1, 1, 1, 1, 1, 1, 1, '2015-03-24 21:16:15', '2015-03-24 21:16:15', NULL),
	(211, 10, 13, 1, '', '', '', 1, 1, 1, 1, 1, 1, 1, 1, 1, 1, 1, '2015-03-24 21:16:15', '2015-03-24 21:16:15', NULL),
	(212, 10, 14, 1, '', '', '', 1, 1, 1, 1, 1, 1, 1, 1, 1, 1, 1, '2015-03-24 21:16:15', '2015-03-24 21:16:15', NULL),
	(213, 10, 15, 1, '', '', '', 1, 1, 1, 1, 1, 1, 1, 1, 1, 1, 1, '2015-03-24 21:16:15', '2015-03-24 21:16:15', NULL),
	(214, 10, 16, 1, '', '', '', 1, 1, 1, 1, 1, 1, 1, 1, 1, 1, 1, '2015-03-24 21:16:15', '2015-03-24 21:16:15', NULL),
	(215, 10, 17, 1, '', '', '', 1, 1, 1, 1, 1, 1, 1, 1, 1, 1, 1, '2015-03-24 21:16:15', '2015-03-24 21:16:15', NULL),
	(216, 10, 18, 1, '', '', '', 1, 1, 1, 1, 1, 1, 1, 1, 1, 1, 1, '2015-03-24 21:16:15', '2015-03-24 21:16:15', NULL),
	(217, 10, 19, 1, '', '', '', 1, 1, 1, 1, 1, 1, 1, 1, 1, 1, 1, '2015-03-24 21:16:15', '2015-03-24 21:16:15', NULL),
	(218, 10, 20, 1, '', '', '', 1, 1, 1, 1, 1, 1, 1, 1, 1, 1, 1, '2015-03-24 21:16:15', '2015-03-24 21:16:15', NULL),
	(219, 10, 21, 1, '', '', '', 1, 1, 1, 1, 1, 1, 1, 1, 1, 1, 1, '2015-03-24 21:16:15', '2015-03-24 21:16:15', NULL),
	(220, 10, 22, 1, '', '', '', 1, 1, 1, 1, 1, 1, 1, 1, 1, 1, 1, '2015-03-24 21:16:15', '2015-03-24 21:16:15', NULL),
	(221, 11, 1, 1, '', '', '', 1, 1, 1, 1, 1, 1, 1, 1, 1, 1, 1, '2015-03-24 21:16:15', '2015-03-24 21:16:15', NULL),
	(222, 11, 2, 1, '', '', '', 1, 1, 1, 1, 1, 1, 1, 1, 1, 1, 1, '2015-03-24 21:16:15', '2015-03-24 21:16:15', NULL),
	(223, 11, 3, 1, '', '', '', 1, 1, 1, 1, 1, 1, 1, 1, 1, 1, 1, '2015-03-24 21:16:15', '2015-03-24 21:16:15', NULL),
	(224, 11, 4, 1, '', '', '', 1, 1, 1, 1, 1, 1, 1, 1, 1, 1, 1, '2015-03-24 21:16:15', '2015-03-24 21:16:15', NULL),
	(225, 11, 5, 1, '', '', '', 1, 1, 1, 1, 1, 1, 1, 1, 1, 1, 1, '2015-03-24 21:16:15', '2015-03-24 21:16:15', NULL),
	(226, 11, 6, 1, '', '', '', 1, 1, 1, 1, 1, 1, 1, 1, 1, 1, 1, '2015-03-24 21:16:15', '2015-03-24 21:16:15', NULL),
	(227, 11, 7, 1, '', '', '', 1, 1, 1, 1, 1, 1, 1, 1, 1, 1, 1, '2015-03-24 21:16:15', '2015-03-24 21:16:15', NULL),
	(228, 11, 8, 1, '', '', '', 1, 1, 1, 1, 1, 1, 1, 1, 1, 1, 1, '2015-03-24 21:16:15', '2015-03-24 21:16:15', NULL),
	(229, 11, 9, 1, '', '', '', 1, 1, 1, 1, 1, 1, 1, 1, 1, 1, 1, '2015-03-24 21:16:15', '2015-03-24 21:16:15', NULL),
	(230, 11, 10, 1, '', '', '', 1, 1, 1, 1, 1, 1, 1, 1, 1, 1, 1, '2015-03-24 21:16:15', '2015-03-24 21:16:15', NULL),
	(231, 11, 11, 1, '', '', '', 1, 1, 1, 1, 1, 1, 1, 1, 1, 1, 1, '2015-03-24 21:16:15', '2015-03-24 21:16:15', NULL),
	(232, 11, 12, 1, '', '', '', 1, 1, 1, 1, 1, 1, 1, 1, 1, 1, 1, '2015-03-24 21:16:15', '2015-03-24 21:16:15', NULL),
	(233, 11, 13, 1, '', '', '', 1, 1, 1, 1, 1, 1, 1, 1, 1, 1, 1, '2015-03-24 21:16:15', '2015-03-24 21:16:15', NULL),
	(234, 11, 14, 1, '', '', '', 1, 1, 1, 1, 1, 1, 1, 1, 1, 1, 1, '2015-03-24 21:16:15', '2015-03-24 21:16:15', NULL),
	(235, 11, 15, 1, '', '', '', 1, 1, 1, 1, 1, 1, 1, 1, 1, 1, 1, '2015-03-24 21:16:15', '2015-03-24 21:16:15', NULL),
	(236, 11, 16, 1, '', '', '', 1, 1, 1, 1, 1, 1, 1, 1, 1, 1, 1, '2015-03-24 21:16:15', '2015-03-24 21:16:15', NULL),
	(237, 11, 17, 1, '', '', '', 1, 1, 1, 1, 1, 1, 1, 1, 1, 1, 1, '2015-03-24 21:16:15', '2015-03-24 21:16:15', NULL),
	(238, 11, 18, 1, '', '', '', 1, 1, 1, 1, 1, 1, 1, 1, 1, 1, 1, '2015-03-24 21:16:15', '2015-03-24 21:16:15', NULL),
	(239, 11, 19, 1, '', '', '', 1, 1, 1, 1, 1, 1, 1, 1, 1, 1, 1, '2015-03-24 21:16:15', '2015-03-24 21:16:15', NULL),
	(240, 11, 20, 1, '', '', '', 1, 1, 1, 1, 1, 1, 1, 1, 1, 1, 1, '2015-03-24 21:16:15', '2015-03-24 21:16:15', NULL),
	(241, 11, 21, 1, '', '', '', 1, 1, 1, 1, 1, 1, 1, 1, 1, 1, 1, '2015-03-24 21:16:15', '2015-03-24 21:16:15', NULL),
	(242, 11, 22, 1, '', '', '', 1, 1, 1, 1, 1, 1, 1, 1, 1, 1, 1, '2015-03-24 21:16:15', '2015-03-24 21:16:15', NULL),
	(243, 12, 1, 1, '', '', '', 1, 1, 1, 1, 1, 1, 1, 1, 1, 1, 1, '2015-03-24 21:16:15', '2015-03-24 21:16:15', NULL),
	(244, 12, 2, 1, '', '', '', 1, 1, 1, 1, 1, 1, 1, 1, 1, 1, 1, '2015-03-24 21:16:15', '2015-03-24 21:16:15', NULL),
	(245, 12, 3, 1, '', '', '', 1, 1, 1, 1, 1, 1, 1, 1, 1, 1, 1, '2015-03-24 21:16:15', '2015-03-24 21:16:15', NULL),
	(246, 12, 4, 1, '', '', '', 1, 1, 1, 1, 1, 1, 1, 1, 1, 1, 1, '2015-03-24 21:16:15', '2015-03-24 21:16:15', NULL),
	(247, 12, 5, 1, '', '', '', 1, 1, 1, 1, 1, 1, 1, 1, 1, 1, 1, '2015-03-24 21:16:15', '2015-03-24 21:16:15', NULL),
	(248, 12, 6, 1, '', '', '', 1, 1, 1, 1, 1, 1, 1, 1, 1, 1, 1, '2015-03-24 21:16:15', '2015-03-24 21:16:15', NULL),
	(249, 12, 7, 1, '', '', '', 1, 1, 1, 1, 1, 1, 1, 1, 1, 1, 1, '2015-03-24 21:16:15', '2015-03-24 21:16:15', NULL),
	(250, 12, 8, 1, '', '', '', 1, 1, 1, 1, 1, 1, 1, 1, 1, 1, 1, '2015-03-24 21:16:15', '2015-03-24 21:16:15', NULL),
	(251, 12, 9, 1, '', '', '', 1, 1, 1, 1, 1, 1, 1, 1, 1, 1, 1, '2015-03-24 21:16:15', '2015-03-24 21:16:15', NULL),
	(252, 12, 10, 1, '', '', '', 1, 1, 1, 1, 1, 1, 1, 1, 1, 1, 1, '2015-03-24 21:16:15', '2015-03-24 21:16:15', NULL),
	(253, 12, 11, 1, '', '', '', 1, 1, 1, 1, 1, 1, 1, 1, 1, 1, 1, '2015-03-24 21:16:15', '2015-03-24 21:16:15', NULL),
	(254, 12, 12, 1, '', '', '', 1, 1, 1, 1, 1, 1, 1, 1, 1, 1, 1, '2015-03-24 21:16:15', '2015-03-24 21:16:15', NULL),
	(255, 12, 13, 1, '', '', '', 1, 1, 1, 1, 1, 1, 1, 1, 1, 1, 1, '2015-03-24 21:16:15', '2015-03-24 21:16:15', NULL),
	(256, 12, 14, 1, '', '', '', 1, 1, 1, 1, 1, 1, 1, 1, 1, 1, 1, '2015-03-24 21:16:15', '2015-03-24 21:16:15', NULL),
	(257, 12, 15, 1, '', '', '', 1, 1, 1, 1, 1, 1, 1, 1, 1, 1, 1, '2015-03-24 21:16:15', '2015-03-24 21:16:15', NULL),
	(258, 12, 16, 1, '', '', '', 1, 1, 1, 1, 1, 1, 1, 1, 1, 1, 1, '2015-03-24 21:16:15', '2015-03-24 21:16:15', NULL),
	(259, 12, 17, 1, '', '', '', 1, 1, 1, 1, 1, 1, 1, 1, 1, 1, 1, '2015-03-24 21:16:15', '2015-03-24 21:16:15', NULL),
	(260, 12, 18, 1, '', '', '', 1, 1, 1, 1, 1, 1, 1, 1, 1, 1, 1, '2015-03-24 21:16:15', '2015-03-24 21:16:15', NULL),
	(261, 12, 19, 1, '', '', '', 1, 1, 1, 1, 1, 1, 1, 1, 1, 1, 1, '2015-03-24 21:16:15', '2015-03-24 21:16:15', NULL),
	(262, 12, 20, 1, '', '', '', 1, 1, 1, 1, 1, 1, 1, 1, 1, 1, 1, '2015-03-24 21:16:15', '2015-03-24 21:16:15', NULL),
	(263, 12, 21, 1, '', '', '', 1, 1, 1, 1, 1, 1, 1, 1, 1, 1, 1, '2015-03-24 21:16:15', '2015-03-24 21:16:15', NULL),
	(264, 12, 22, 1, '', '', '', 1, 1, 1, 1, 1, 1, 1, 1, 1, 1, 1, '2015-03-24 21:16:15', '2015-03-24 21:16:15', NULL),
	(265, 13, 1, 1, '', '', '', 1, 1, 1, 1, 1, 1, 1, 1, 1, 1, 1, '2015-03-24 21:16:15', '2015-03-24 21:16:15', NULL),
	(266, 13, 2, 1, '', '', '', 1, 1, 1, 1, 1, 1, 1, 1, 1, 1, 1, '2015-03-24 21:16:15', '2015-03-24 21:16:15', NULL),
	(267, 13, 3, 1, '', '', '', 1, 1, 1, 1, 1, 1, 1, 1, 1, 1, 1, '2015-03-24 21:16:15', '2015-03-24 21:16:15', NULL),
	(268, 13, 4, 1, '', '', '', 1, 1, 1, 1, 1, 1, 1, 1, 1, 1, 1, '2015-03-24 21:16:15', '2015-03-24 21:16:15', NULL),
	(269, 13, 5, 1, '', '', '', 1, 1, 1, 1, 1, 1, 1, 1, 1, 1, 1, '2015-03-24 21:16:15', '2015-03-24 21:16:15', NULL),
	(270, 13, 6, 1, '', '', '', 1, 1, 1, 1, 1, 1, 1, 1, 1, 1, 1, '2015-03-24 21:16:15', '2015-03-24 21:16:15', NULL),
	(271, 13, 7, 1, '', '', '', 1, 1, 1, 1, 1, 1, 1, 1, 1, 1, 1, '2015-03-24 21:16:15', '2015-03-24 21:16:15', NULL),
	(272, 13, 8, 1, '', '', '', 1, 1, 1, 1, 1, 1, 1, 1, 1, 1, 1, '2015-03-24 21:16:15', '2015-03-24 21:16:15', NULL),
	(273, 13, 9, 1, '', '', '', 1, 1, 1, 1, 1, 1, 1, 1, 1, 1, 1, '2015-03-24 21:16:15', '2015-03-24 21:16:15', NULL),
	(274, 13, 10, 1, '', '', '', 1, 1, 1, 1, 1, 1, 1, 1, 1, 1, 1, '2015-03-24 21:16:15', '2015-03-24 21:16:15', NULL),
	(275, 13, 11, 1, '', '', '', 1, 1, 1, 1, 1, 1, 1, 1, 1, 1, 1, '2015-03-24 21:16:15', '2015-03-24 21:16:15', NULL),
	(276, 13, 12, 1, '', '', '', 1, 1, 1, 1, 1, 1, 1, 1, 1, 1, 1, '2015-03-24 21:16:15', '2015-03-24 21:16:15', NULL),
	(277, 13, 13, 1, '', '', '', 1, 1, 1, 1, 1, 1, 1, 1, 1, 1, 1, '2015-03-24 21:16:15', '2015-03-24 21:16:15', NULL),
	(278, 13, 14, 1, '', '', '', 1, 1, 1, 1, 1, 1, 1, 1, 1, 1, 1, '2015-03-24 21:16:15', '2015-03-24 21:16:15', NULL),
	(279, 13, 15, 1, '', '', '', 1, 1, 1, 1, 1, 1, 1, 1, 1, 1, 1, '2015-03-24 21:16:15', '2015-03-24 21:16:15', NULL),
	(280, 13, 16, 1, '', '', '', 1, 1, 1, 1, 1, 1, 1, 1, 1, 1, 1, '2015-03-24 21:16:15', '2015-03-24 21:16:15', NULL),
	(281, 13, 17, 1, '', '', '', 1, 1, 1, 1, 1, 1, 1, 1, 1, 1, 1, '2015-03-24 21:16:15', '2015-03-24 21:16:15', NULL),
	(282, 13, 18, 1, '', '', '', 1, 1, 1, 1, 1, 1, 1, 1, 1, 1, 1, '2015-03-24 21:16:15', '2015-03-24 21:16:15', NULL),
	(283, 13, 19, 1, '', '', '', 1, 1, 1, 1, 1, 1, 1, 1, 1, 1, 1, '2015-03-24 21:16:15', '2015-03-24 21:16:15', NULL),
	(284, 13, 20, 1, '', '', '', 1, 1, 1, 1, 1, 1, 1, 1, 1, 1, 1, '2015-03-24 21:16:15', '2015-03-24 21:16:15', NULL),
	(285, 13, 21, 1, '', '', '', 1, 1, 1, 1, 1, 1, 1, 1, 1, 1, 1, '2015-03-24 21:16:15', '2015-03-24 21:16:15', NULL),
	(286, 13, 22, 1, '', '', '', 1, 1, 1, 1, 1, 1, 1, 1, 1, 1, 1, '2015-03-24 21:16:15', '2015-03-24 21:16:15', NULL),
	(287, 14, 1, 1, '', '', '', 1, 1, 1, 1, 1, 1, 1, 1, 1, 1, 1, '2015-03-24 21:16:15', '2015-03-24 21:16:15', NULL),
	(288, 14, 2, 1, '', '', '', 1, 1, 1, 1, 1, 1, 1, 1, 1, 1, 1, '2015-03-24 21:16:15', '2015-03-24 21:16:15', NULL),
	(289, 14, 3, 1, '', '', '', 1, 1, 1, 1, 1, 1, 1, 1, 1, 1, 1, '2015-03-24 21:16:15', '2015-03-24 21:16:15', NULL),
	(290, 14, 4, 1, '', '', '', 1, 1, 1, 1, 1, 1, 1, 1, 1, 1, 1, '2015-03-24 21:16:15', '2015-03-24 21:16:15', NULL),
	(291, 14, 5, 1, '', '', '', 1, 1, 1, 1, 1, 1, 1, 1, 1, 1, 1, '2015-03-24 21:16:15', '2015-03-24 21:16:15', NULL),
	(292, 14, 6, 1, '', '', '', 1, 1, 1, 1, 1, 1, 1, 1, 1, 1, 1, '2015-03-24 21:16:15', '2015-03-24 21:16:15', NULL),
	(293, 14, 7, 1, '', '', '', 1, 1, 1, 1, 1, 1, 1, 1, 1, 1, 1, '2015-03-24 21:16:15', '2015-03-24 21:16:15', NULL),
	(294, 14, 8, 1, '', '', '', 1, 1, 1, 1, 1, 1, 1, 1, 1, 1, 1, '2015-03-24 21:16:15', '2015-03-24 21:16:15', NULL),
	(295, 14, 9, 1, '', '', '', 1, 1, 1, 1, 1, 1, 1, 1, 1, 1, 1, '2015-03-24 21:16:15', '2015-03-24 21:16:15', NULL),
	(296, 14, 10, 1, '', '', '', 1, 1, 1, 1, 1, 1, 1, 1, 1, 1, 1, '2015-03-24 21:16:15', '2015-03-24 21:16:15', NULL),
	(297, 14, 11, 1, '', '', '', 1, 1, 1, 1, 1, 1, 1, 1, 1, 1, 1, '2015-03-24 21:16:15', '2015-03-24 21:16:15', NULL),
	(298, 14, 12, 1, '', '', '', 1, 1, 1, 1, 1, 1, 1, 1, 1, 1, 1, '2015-03-24 21:16:15', '2015-03-24 21:16:15', NULL),
	(299, 14, 13, 1, '', '', '', 1, 1, 1, 1, 1, 1, 1, 1, 1, 1, 1, '2015-03-24 21:16:15', '2015-03-24 21:16:15', NULL),
	(300, 14, 14, 1, '', '', '', 1, 1, 1, 1, 1, 1, 1, 1, 1, 1, 1, '2015-03-24 21:16:15', '2015-03-24 21:16:15', NULL),
	(301, 14, 15, 1, '', '', '', 1, 1, 1, 1, 1, 1, 1, 1, 1, 1, 1, '2015-03-24 21:16:15', '2015-03-24 21:16:15', NULL),
	(302, 14, 16, 1, '', '', '', 1, 1, 1, 1, 1, 1, 1, 1, 1, 1, 1, '2015-03-24 21:16:15', '2015-03-24 21:16:15', NULL),
	(303, 14, 17, 1, '', '', '', 1, 1, 1, 1, 1, 1, 1, 1, 1, 1, 1, '2015-03-24 21:16:15', '2015-03-24 21:16:15', NULL),
	(304, 14, 18, 1, '', '', '', 1, 1, 1, 1, 1, 1, 1, 1, 1, 1, 1, '2015-03-24 21:16:15', '2015-03-24 21:16:15', NULL),
	(305, 14, 19, 1, '', '', '', 1, 1, 1, 1, 1, 1, 1, 1, 1, 1, 1, '2015-03-24 21:16:15', '2015-03-24 21:16:15', NULL),
	(306, 14, 20, 1, '', '', '', 1, 1, 1, 1, 1, 1, 1, 1, 1, 1, 1, '2015-03-24 21:16:15', '2015-03-24 21:16:15', NULL),
	(307, 14, 21, 1, '', '', '', 1, 1, 1, 1, 1, 1, 1, 1, 1, 1, 1, '2015-03-24 21:16:15', '2015-03-24 21:16:15', NULL),
	(308, 14, 22, 1, '', '', '', 1, 1, 1, 1, 1, 1, 1, 1, 1, 1, 1, '2015-03-24 21:16:15', '2015-03-24 21:16:15', NULL),
	(309, 15, 1, 1, '', '', '', 1, 1, 1, 1, 1, 1, 1, 1, 1, 1, 1, '2015-03-24 21:16:15', '2015-03-24 21:16:15', NULL),
	(310, 15, 2, 1, '', '', '', 1, 1, 1, 1, 1, 1, 1, 1, 1, 1, 1, '2015-03-24 21:16:15', '2015-03-24 21:16:15', NULL),
	(311, 15, 3, 1, '', '', '', 1, 1, 1, 1, 1, 1, 1, 1, 1, 1, 1, '2015-03-24 21:16:15', '2015-03-24 21:16:15', NULL),
	(312, 15, 4, 1, '', '', '', 1, 1, 1, 1, 1, 1, 1, 1, 1, 1, 1, '2015-03-24 21:16:15', '2015-03-24 21:16:15', NULL),
	(313, 15, 5, 1, '', '', '', 1, 1, 1, 1, 1, 1, 1, 1, 1, 1, 1, '2015-03-24 21:16:15', '2015-03-24 21:16:15', NULL),
	(314, 15, 6, 1, '', '', '', 1, 1, 1, 1, 1, 1, 1, 1, 1, 1, 1, '2015-03-24 21:16:15', '2015-03-24 21:16:15', NULL),
	(315, 15, 7, 1, '', '', '', 1, 1, 1, 1, 1, 1, 1, 1, 1, 1, 1, '2015-03-24 21:16:15', '2015-03-24 21:16:15', NULL),
	(316, 15, 8, 1, '', '', '', 1, 1, 1, 1, 1, 1, 1, 1, 1, 1, 1, '2015-03-24 21:16:15', '2015-03-24 21:16:15', NULL),
	(317, 15, 9, 1, '', '', '', 1, 1, 1, 1, 1, 1, 1, 1, 1, 1, 1, '2015-03-24 21:16:15', '2015-03-24 21:16:15', NULL),
	(318, 15, 10, 1, '', '', '', 1, 1, 1, 1, 1, 1, 1, 1, 1, 1, 1, '2015-03-24 21:16:15', '2015-03-24 21:16:15', NULL),
	(319, 15, 11, 1, '', '', '', 1, 1, 1, 1, 1, 1, 1, 1, 1, 1, 1, '2015-03-24 21:16:15', '2015-03-24 21:16:15', NULL),
	(320, 15, 12, 1, '', '', '', 1, 1, 1, 1, 1, 1, 1, 1, 1, 1, 1, '2015-03-24 21:16:15', '2015-03-24 21:16:15', NULL),
	(321, 15, 13, 1, '', '', '', 1, 1, 1, 1, 1, 1, 1, 1, 1, 1, 1, '2015-03-24 21:16:15', '2015-03-24 21:16:15', NULL),
	(322, 15, 14, 1, '', '', '', 1, 1, 1, 1, 1, 1, 1, 1, 1, 1, 1, '2015-03-24 21:16:15', '2015-03-24 21:16:15', NULL),
	(323, 15, 15, 1, '', '', '', 1, 1, 1, 1, 1, 1, 1, 1, 1, 1, 1, '2015-03-24 21:16:15', '2015-03-24 21:16:15', NULL),
	(324, 15, 16, 1, '', '', '', 1, 1, 1, 1, 1, 1, 1, 1, 1, 1, 1, '2015-03-24 21:16:15', '2015-03-24 21:16:15', NULL),
	(325, 15, 17, 1, '', '', '', 1, 1, 1, 1, 1, 1, 1, 1, 1, 1, 1, '2015-03-24 21:16:15', '2015-03-24 21:16:15', NULL),
	(326, 15, 18, 1, '', '', '', 1, 1, 1, 1, 1, 1, 1, 1, 1, 1, 1, '2015-03-24 21:16:15', '2015-03-24 21:16:15', NULL),
	(327, 15, 19, 1, '', '', '', 1, 1, 1, 1, 1, 1, 1, 1, 1, 1, 1, '2015-03-24 21:16:15', '2015-03-24 21:16:15', NULL),
	(328, 15, 20, 1, '', '', '', 1, 1, 1, 1, 1, 1, 1, 1, 1, 1, 1, '2015-03-24 21:16:15', '2015-03-24 21:16:15', NULL),
	(329, 15, 21, 1, '', '', '', 1, 1, 1, 1, 1, 1, 1, 1, 1, 1, 1, '2015-03-24 21:16:15', '2015-03-24 21:16:15', NULL),
	(330, 15, 22, 1, '', '', '', 1, 1, 1, 1, 1, 1, 1, 1, 1, 1, 1, '2015-03-24 21:16:15', '2015-03-24 21:16:15', NULL),
	(331, 16, 1, 1, '', '', '', 1, 1, 1, 1, 1, 1, 1, 1, 1, 1, 1, '2015-03-24 21:16:15', '2015-03-24 21:16:15', NULL),
	(332, 16, 2, 1, '', '', '', 1, 1, 1, 1, 1, 1, 1, 1, 1, 1, 1, '2015-03-24 21:16:15', '2015-03-24 21:16:15', NULL),
	(333, 16, 3, 1, '', '', '', 1, 1, 1, 1, 1, 1, 1, 1, 1, 1, 1, '2015-03-24 21:16:15', '2015-03-24 21:16:15', NULL),
	(334, 16, 4, 1, '', '', '', 1, 1, 1, 1, 1, 1, 1, 1, 1, 1, 1, '2015-03-24 21:16:15', '2015-03-24 21:16:15', NULL),
	(335, 16, 5, 1, '', '', '', 1, 1, 1, 1, 1, 1, 1, 1, 1, 1, 1, '2015-03-24 21:16:15', '2015-03-24 21:16:15', NULL),
	(336, 16, 6, 1, '', '', '', 1, 1, 1, 1, 1, 1, 1, 1, 1, 1, 1, '2015-03-24 21:16:15', '2015-03-24 21:16:15', NULL),
	(337, 16, 7, 1, '', '', '', 1, 1, 1, 1, 1, 1, 1, 1, 1, 1, 1, '2015-03-24 21:16:15', '2015-03-24 21:16:15', NULL),
	(338, 16, 8, 1, '', '', '', 1, 1, 1, 1, 1, 1, 1, 1, 1, 1, 1, '2015-03-24 21:16:15', '2015-03-24 21:16:15', NULL),
	(339, 16, 9, 1, '', '', '', 1, 1, 1, 1, 1, 1, 1, 1, 1, 1, 1, '2015-03-24 21:16:15', '2015-03-24 21:16:15', NULL),
	(340, 16, 10, 1, '', '', '', 1, 1, 1, 1, 1, 1, 1, 1, 1, 1, 1, '2015-03-24 21:16:15', '2015-03-24 21:16:15', NULL),
	(341, 16, 11, 1, '', '', '', 1, 1, 1, 1, 1, 1, 1, 1, 1, 1, 1, '2015-03-24 21:16:15', '2015-03-24 21:16:15', NULL),
	(342, 16, 12, 1, '', '', '', 1, 1, 1, 1, 1, 1, 1, 1, 1, 1, 1, '2015-03-24 21:16:15', '2015-03-24 21:16:15', NULL),
	(343, 16, 13, 1, '', '', '', 1, 1, 1, 1, 1, 1, 1, 1, 1, 1, 1, '2015-03-24 21:16:15', '2015-03-24 21:16:15', NULL),
	(344, 16, 14, 1, '', '', '', 1, 1, 1, 1, 1, 1, 1, 1, 1, 1, 1, '2015-03-24 21:16:15', '2015-03-24 21:16:15', NULL),
	(345, 16, 15, 1, '', '', '', 1, 1, 1, 1, 1, 1, 1, 1, 1, 1, 1, '2015-03-24 21:16:15', '2015-03-24 21:16:15', NULL),
	(346, 16, 16, 1, '', '', '', 1, 1, 1, 1, 1, 1, 1, 1, 1, 1, 1, '2015-03-24 21:16:15', '2015-03-24 21:16:15', NULL),
	(347, 16, 17, 1, '', '', '', 1, 1, 1, 1, 1, 1, 1, 1, 1, 1, 1, '2015-03-24 21:16:15', '2015-03-24 21:16:15', NULL),
	(348, 16, 18, 1, '', '', '', 1, 1, 1, 1, 1, 1, 1, 1, 1, 1, 1, '2015-03-24 21:16:15', '2015-03-24 21:16:15', NULL),
	(349, 16, 19, 1, '', '', '', 1, 1, 1, 1, 1, 1, 1, 1, 1, 1, 1, '2015-03-24 21:16:15', '2015-03-24 21:16:15', NULL),
	(350, 16, 20, 1, '', '', '', 1, 1, 1, 1, 1, 1, 1, 1, 1, 1, 1, '2015-03-24 21:16:15', '2015-03-24 21:16:15', NULL),
	(351, 16, 21, 1, '', '', '', 1, 1, 1, 1, 1, 1, 1, 1, 1, 1, 1, '2015-03-24 21:16:15', '2015-03-24 21:16:15', NULL),
	(352, 16, 22, 1, '', '', '', 1, 1, 1, 1, 1, 1, 1, 1, 1, 1, 1, '2015-03-24 21:16:15', '2015-03-24 21:16:15', NULL),
	(353, 17, 1, 1, '', '', '', 1, 1, 1, 1, 1, 1, 1, 1, 1, 1, 1, '2015-03-24 21:16:15', '2015-03-24 21:16:15', NULL),
	(354, 17, 2, 1, '', '', '', 1, 1, 1, 1, 1, 1, 1, 1, 1, 1, 1, '2015-03-24 21:16:15', '2015-03-24 21:16:15', NULL),
	(355, 17, 3, 1, '', '', '', 1, 1, 1, 1, 1, 1, 1, 1, 1, 1, 1, '2015-03-24 21:16:15', '2015-03-24 21:16:15', NULL),
	(356, 17, 4, 1, '', '', '', 1, 1, 1, 1, 1, 1, 1, 1, 1, 1, 1, '2015-03-24 21:16:15', '2015-03-24 21:16:15', NULL),
	(357, 17, 5, 1, '', '', '', 1, 1, 1, 1, 1, 1, 1, 1, 1, 1, 1, '2015-03-24 21:16:15', '2015-03-24 21:16:15', NULL),
	(358, 17, 6, 1, '', '', '', 1, 1, 1, 1, 1, 1, 1, 1, 1, 1, 1, '2015-03-24 21:16:15', '2015-03-24 21:16:15', NULL),
	(359, 17, 7, 1, '', '', '', 1, 1, 1, 1, 1, 1, 1, 1, 1, 1, 1, '2015-03-24 21:16:15', '2015-03-24 21:16:15', NULL),
	(360, 17, 8, 1, '', '', '', 1, 1, 1, 1, 1, 1, 1, 1, 1, 1, 1, '2015-03-24 21:16:15', '2015-03-24 21:16:15', NULL),
	(361, 17, 9, 1, '', '', '', 1, 1, 1, 1, 1, 1, 1, 1, 1, 1, 1, '2015-03-24 21:16:15', '2015-03-24 21:16:15', NULL),
	(362, 17, 10, 1, '', '', '', 1, 1, 1, 1, 1, 1, 1, 1, 1, 1, 1, '2015-03-24 21:16:15', '2015-03-24 21:16:15', NULL),
	(363, 17, 11, 1, '', '', '', 1, 1, 1, 1, 1, 1, 1, 1, 1, 1, 1, '2015-03-24 21:16:15', '2015-03-24 21:16:15', NULL),
	(364, 17, 12, 1, '', '', '', 1, 1, 1, 1, 1, 1, 1, 1, 1, 1, 1, '2015-03-24 21:16:15', '2015-03-24 21:16:15', NULL),
	(365, 17, 13, 1, '', '', '', 1, 1, 1, 1, 1, 1, 1, 1, 1, 1, 1, '2015-03-24 21:16:15', '2015-03-24 21:16:15', NULL),
	(366, 17, 14, 1, '', '', '', 1, 1, 1, 1, 1, 1, 1, 1, 1, 1, 1, '2015-03-24 21:16:15', '2015-03-24 21:16:15', NULL),
	(367, 17, 15, 1, '', '', '', 1, 1, 1, 1, 1, 1, 1, 1, 1, 1, 1, '2015-03-24 21:16:15', '2015-03-24 21:16:15', NULL),
	(368, 17, 16, 1, '', '', '', 1, 1, 1, 1, 1, 1, 1, 1, 1, 1, 1, '2015-03-24 21:16:15', '2015-03-24 21:16:15', NULL),
	(369, 17, 17, 1, '', '', '', 1, 1, 1, 1, 1, 1, 1, 1, 1, 1, 1, '2015-03-24 21:16:15', '2015-03-24 21:16:15', NULL),
	(370, 17, 18, 1, '', '', '', 1, 1, 1, 1, 1, 1, 1, 1, 1, 1, 1, '2015-03-24 21:16:15', '2015-03-24 21:16:15', NULL),
	(371, 17, 19, 1, '', '', '', 1, 1, 1, 1, 1, 1, 1, 1, 1, 1, 1, '2015-03-24 21:16:15', '2015-03-24 21:16:15', NULL),
	(372, 17, 20, 1, '', '', '', 1, 1, 1, 1, 1, 1, 1, 1, 1, 1, 1, '2015-03-24 21:16:15', '2015-03-24 21:16:15', NULL),
	(373, 17, 21, 1, '', '', '', 1, 1, 1, 1, 1, 1, 1, 1, 1, 1, 1, '2015-03-24 21:16:15', '2015-03-24 21:16:15', NULL),
	(374, 17, 22, 1, '', '', '', 1, 1, 1, 1, 1, 1, 1, 1, 1, 1, 1, '2015-03-24 21:16:15', '2015-03-24 21:16:15', NULL),
	(375, 18, 1, 1, '', '', '', 1, 1, 1, 1, 1, 1, 1, 1, 1, 1, 1, '2015-03-24 21:16:15', '2015-03-24 21:16:15', NULL),
	(376, 18, 2, 1, '', '', '', 1, 1, 1, 1, 1, 1, 1, 1, 1, 1, 1, '2015-03-24 21:16:15', '2015-03-24 21:16:15', NULL),
	(377, 18, 3, 1, '', '', '', 1, 1, 1, 1, 1, 1, 1, 1, 1, 1, 1, '2015-03-24 21:16:15', '2015-03-24 21:16:15', NULL),
	(378, 18, 4, 1, '', '', '', 1, 1, 1, 1, 1, 1, 1, 1, 1, 1, 1, '2015-03-24 21:16:15', '2015-03-24 21:16:15', NULL),
	(379, 18, 5, 1, '', '', '', 1, 1, 1, 1, 1, 1, 1, 1, 1, 1, 1, '2015-03-24 21:16:15', '2015-03-24 21:16:15', NULL),
	(380, 18, 6, 1, '', '', '', 1, 1, 1, 1, 1, 1, 1, 1, 1, 1, 1, '2015-03-24 21:16:15', '2015-03-24 21:16:15', NULL),
	(381, 18, 7, 1, '', '', '', 1, 1, 1, 1, 1, 1, 1, 1, 1, 1, 1, '2015-03-24 21:16:15', '2015-03-24 21:16:15', NULL),
	(382, 18, 8, 1, '', '', '', 1, 1, 1, 1, 1, 1, 1, 1, 1, 1, 1, '2015-03-24 21:16:15', '2015-03-24 21:16:15', NULL),
	(383, 18, 9, 1, '', '', '', 1, 1, 1, 1, 1, 1, 1, 1, 1, 1, 1, '2015-03-24 21:16:15', '2015-03-24 21:16:15', NULL),
	(384, 18, 10, 1, '', '', '', 1, 1, 1, 1, 1, 1, 1, 1, 1, 1, 1, '2015-03-24 21:16:15', '2015-03-24 21:16:15', NULL),
	(385, 18, 11, 1, '', '', '', 1, 1, 1, 1, 1, 1, 1, 1, 1, 1, 1, '2015-03-24 21:16:15', '2015-03-24 21:16:15', NULL),
	(386, 18, 12, 1, '', '', '', 1, 1, 1, 1, 1, 1, 1, 1, 1, 1, 1, '2015-03-24 21:16:15', '2015-03-24 21:16:15', NULL),
	(387, 18, 13, 1, '', '', '', 1, 1, 1, 1, 1, 1, 1, 1, 1, 1, 1, '2015-03-24 21:16:15', '2015-03-24 21:16:15', NULL),
	(388, 18, 14, 1, '', '', '', 1, 1, 1, 1, 1, 1, 1, 1, 1, 1, 1, '2015-03-24 21:16:15', '2015-03-24 21:16:15', NULL),
	(389, 18, 15, 1, '', '', '', 1, 1, 1, 1, 1, 1, 1, 1, 1, 1, 1, '2015-03-24 21:16:15', '2015-03-24 21:16:15', NULL),
	(390, 18, 16, 1, '', '', '', 1, 1, 1, 1, 1, 1, 1, 1, 1, 1, 1, '2015-03-24 21:16:15', '2015-03-24 21:16:15', NULL),
	(391, 18, 17, 1, '', '', '', 1, 1, 1, 1, 1, 1, 1, 1, 1, 1, 1, '2015-03-24 21:16:15', '2015-03-24 21:16:15', NULL),
	(392, 18, 18, 1, '', '', '', 1, 1, 1, 1, 1, 1, 1, 1, 1, 1, 1, '2015-03-24 21:16:15', '2015-03-24 21:16:15', NULL),
	(393, 18, 19, 1, '', '', '', 1, 1, 1, 1, 1, 1, 1, 1, 1, 1, 1, '2015-03-24 21:16:15', '2015-03-24 21:16:15', NULL),
	(394, 18, 20, 1, '', '', '', 1, 1, 1, 1, 1, 1, 1, 1, 1, 1, 1, '2015-03-24 21:16:15', '2015-03-24 21:16:15', NULL),
	(395, 18, 21, 1, '', '', '', 1, 1, 1, 1, 1, 1, 1, 1, 1, 1, 1, '2015-03-24 21:16:15', '2015-03-24 21:16:15', NULL),
	(396, 18, 22, 1, '', '', '', 1, 1, 1, 1, 1, 1, 1, 1, 1, 1, 1, '2015-03-24 21:16:15', '2015-03-24 21:16:15', NULL),
	(397, 19, 1, 1, '', '', '', 1, 1, 1, 1, 1, 1, 1, 1, 1, 1, 1, '2015-04-03 20:34:45', '2015-04-03 20:34:45', NULL),
	(398, 19, 2, 1, '', '', '', 1, 1, 1, 1, 1, 1, 1, 1, 1, 1, 1, '2015-04-03 20:34:45', '2015-04-03 20:34:45', NULL),
	(399, 19, 3, 1, '', '', '', 1, 1, 1, 1, 1, 1, 1, 1, 1, 1, 1, '2015-04-03 20:34:45', '2015-04-03 20:34:45', NULL),
	(400, 19, 4, 1, '', '', '', 1, 1, 1, 1, 1, 1, 1, 1, 1, 1, 1, '2015-04-03 20:34:45', '2015-04-03 20:34:45', NULL),
	(401, 19, 5, 1, '', '', '', 1, 1, 1, 1, 1, 1, 1, 1, 1, 1, 1, '2015-04-03 20:34:45', '2015-04-03 20:34:45', NULL),
	(402, 19, 6, 1, '', '', '', 1, 1, 1, 1, 1, 1, 1, 1, 1, 1, 1, '2015-04-03 20:34:45', '2015-04-03 20:34:45', NULL),
	(403, 19, 7, 1, '', '', '', 1, 1, 1, 1, 1, 1, 1, 1, 1, 1, 1, '2015-04-03 20:34:45', '2015-04-03 20:34:45', NULL),
	(404, 19, 8, 1, '', '', '', 1, 1, 1, 1, 1, 1, 1, 1, 1, 1, 1, '2015-04-03 20:34:45', '2015-04-03 20:34:45', NULL),
	(405, 19, 9, 1, '', '', '', 1, 1, 1, 1, 1, 1, 1, 1, 1, 1, 1, '2015-04-03 20:34:45', '2015-04-03 20:34:45', NULL),
	(406, 19, 10, 1, '', '', '', 1, 1, 1, 1, 1, 1, 1, 1, 1, 1, 1, '2015-04-03 20:34:45', '2015-04-03 20:34:45', NULL),
	(407, 19, 11, 1, '', '', '', 1, 1, 1, 1, 1, 1, 1, 1, 1, 1, 1, '2015-04-03 20:34:45', '2015-04-03 20:34:45', NULL),
	(408, 19, 12, 1, '', '', '', 1, 1, 1, 1, 1, 1, 1, 1, 1, 1, 1, '2015-04-03 20:34:45', '2015-04-03 20:34:45', NULL),
	(409, 19, 13, 1, '', '', '', 1, 1, 1, 1, 1, 1, 1, 1, 1, 1, 1, '2015-04-03 20:34:45', '2015-04-03 20:34:45', NULL),
	(410, 19, 14, 1, '', '', '', 1, 1, 1, 1, 1, 1, 1, 1, 1, 1, 1, '2015-04-03 20:34:45', '2015-04-03 20:34:45', NULL),
	(411, 19, 15, 1, '', '', '', 1, 1, 1, 1, 1, 1, 1, 1, 1, 1, 1, '2015-04-03 20:34:45', '2015-04-03 20:34:45', NULL),
	(412, 19, 16, 1, '', '', '', 1, 1, 1, 1, 1, 1, 1, 1, 1, 1, 1, '2015-04-03 20:34:45', '2015-04-03 20:34:45', NULL),
	(413, 19, 17, 1, '', '', '', 1, 1, 1, 1, 1, 1, 1, 1, 1, 1, 1, '2015-04-03 20:34:45', '2015-04-03 20:34:45', NULL),
	(414, 19, 18, 1, '', '', '', 1, 1, 1, 1, 1, 1, 1, 1, 1, 1, 1, '2015-04-03 20:34:45', '2015-04-03 20:34:45', NULL),
	(415, 19, 19, 1, '', '', '', 1, 1, 1, 1, 1, 1, 1, 1, 1, 1, 1, '2015-04-03 20:34:45', '2015-04-03 20:34:45', NULL),
	(416, 19, 20, 1, '', '', '', 1, 1, 1, 1, 1, 1, 1, 1, 1, 1, 1, '2015-04-03 20:34:45', '2015-04-03 20:34:45', NULL),
	(417, 19, 21, 1, '', '', '', 1, 1, 1, 1, 1, 1, 1, 1, 1, 1, 1, '2015-04-03 20:34:45', '2015-04-03 20:34:45', NULL),
	(418, 19, 22, 1, '', '', '', 1, 1, 1, 1, 1, 1, 1, 1, 1, 1, 1, '2015-04-03 20:34:45', '2015-04-03 20:34:45', NULL),
	(419, 20, 1, 1, '', '', '', 1, 1, 1, 1, 1, 1, 1, 1, 1, 1, 1, '2015-04-03 20:34:45', '2015-04-03 20:34:45', NULL),
	(420, 20, 2, 1, '', '', '', 1, 1, 1, 1, 1, 1, 1, 1, 1, 1, 1, '2015-04-03 20:34:45', '2015-04-03 20:34:45', NULL),
	(421, 20, 3, 1, '', '', '', 1, 1, 1, 1, 1, 1, 1, 1, 1, 1, 1, '2015-04-03 20:34:45', '2015-04-03 20:34:45', NULL),
	(422, 20, 4, 1, '', '', '', 1, 1, 1, 1, 1, 1, 1, 1, 1, 1, 1, '2015-04-03 20:34:45', '2015-04-03 20:34:45', NULL),
	(423, 20, 5, 1, '', '', '', 1, 1, 1, 1, 1, 1, 1, 1, 1, 1, 1, '2015-04-03 20:34:45', '2015-04-03 20:34:45', NULL),
	(424, 20, 6, 1, '', '', '', 1, 1, 1, 1, 1, 1, 1, 1, 1, 1, 1, '2015-04-03 20:34:45', '2015-04-03 20:34:45', NULL),
	(425, 20, 7, 1, '', '', '', 1, 1, 1, 1, 1, 1, 1, 1, 1, 1, 1, '2015-04-03 20:34:45', '2015-04-03 20:34:45', NULL),
	(426, 20, 8, 1, '', '', '', 1, 1, 1, 1, 1, 1, 1, 1, 1, 1, 1, '2015-04-03 20:34:45', '2015-04-03 20:34:45', NULL),
	(427, 20, 9, 1, '', '', '', 1, 1, 1, 1, 1, 1, 1, 1, 1, 1, 1, '2015-04-03 20:34:45', '2015-04-03 20:34:45', NULL),
	(428, 20, 10, 1, '', '', '', 1, 1, 1, 1, 1, 1, 1, 1, 1, 1, 1, '2015-04-03 20:34:45', '2015-04-03 20:34:45', NULL),
	(429, 20, 11, 1, '', '', '', 1, 1, 1, 1, 1, 1, 1, 1, 1, 1, 1, '2015-04-03 20:34:45', '2015-04-03 20:34:45', NULL),
	(430, 20, 12, 1, '', '', '', 1, 1, 1, 1, 1, 1, 1, 1, 1, 1, 1, '2015-04-03 20:34:45', '2015-04-03 20:34:45', NULL),
	(431, 20, 13, 1, '', '', '', 1, 1, 1, 1, 1, 1, 1, 1, 1, 1, 1, '2015-04-03 20:34:45', '2015-04-03 20:34:45', NULL),
	(432, 20, 14, 1, '', '', '', 1, 1, 1, 1, 1, 1, 1, 1, 1, 1, 1, '2015-04-03 20:34:45', '2015-04-03 20:34:45', NULL),
	(433, 20, 15, 1, '', '', '', 1, 1, 1, 1, 1, 1, 1, 1, 1, 1, 1, '2015-04-03 20:34:45', '2015-04-03 20:34:45', NULL),
	(434, 20, 16, 1, '', '', '', 1, 1, 1, 1, 1, 1, 1, 1, 1, 1, 1, '2015-04-03 20:34:45', '2015-04-03 20:34:45', NULL),
	(435, 20, 17, 1, '', '', '', 1, 1, 1, 1, 1, 1, 1, 1, 1, 1, 1, '2015-04-03 20:34:45', '2015-04-03 20:34:45', NULL),
	(436, 20, 18, 1, '', '', '', 1, 1, 1, 1, 1, 1, 1, 1, 1, 1, 1, '2015-04-03 20:34:45', '2015-04-03 20:34:45', NULL),
	(437, 20, 19, 1, '', '', '', 1, 1, 1, 1, 1, 1, 1, 1, 1, 1, 1, '2015-04-03 20:34:45', '2015-04-03 20:34:45', NULL),
	(438, 20, 20, 1, '', '', '', 1, 1, 1, 1, 1, 1, 1, 1, 1, 1, 1, '2015-04-03 20:34:45', '2015-04-03 20:34:45', NULL),
	(439, 20, 21, 1, '', '', '', 1, 1, 1, 1, 1, 1, 1, 1, 1, 1, 1, '2015-04-03 20:34:45', '2015-04-03 20:34:45', NULL),
	(440, 20, 22, 1, '', '', '', 1, 1, 1, 1, 1, 1, 1, 1, 1, 1, 1, '2015-04-03 20:34:45', '2015-04-03 20:34:45', NULL),
	(441, 21, 1, 1, '', '', '', 1, 1, 1, 1, 1, 1, 1, 1, 1, 1, 1, '2015-04-03 20:34:45', '2015-04-03 20:34:45', NULL),
	(442, 21, 2, 1, '', '', '', 1, 1, 1, 1, 1, 1, 1, 1, 1, 1, 1, '2015-04-03 20:34:45', '2015-04-03 20:34:45', NULL),
	(443, 21, 3, 1, '', '', '', 1, 1, 1, 1, 1, 1, 1, 1, 1, 1, 1, '2015-04-03 20:34:45', '2015-04-03 20:34:45', NULL),
	(444, 21, 4, 1, '', '', '', 1, 1, 1, 1, 1, 1, 1, 1, 1, 1, 1, '2015-04-03 20:34:45', '2015-04-03 20:34:45', NULL),
	(445, 21, 5, 1, '', '', '', 1, 1, 1, 1, 1, 1, 1, 1, 1, 1, 1, '2015-04-03 20:34:45', '2015-04-03 20:34:45', NULL),
	(446, 21, 6, 1, '', '', '', 1, 1, 1, 1, 1, 1, 1, 1, 1, 1, 1, '2015-04-03 20:34:45', '2015-04-03 20:34:45', NULL),
	(447, 21, 7, 1, '', '', '', 1, 1, 1, 1, 1, 1, 1, 1, 1, 1, 1, '2015-04-03 20:34:45', '2015-04-03 20:34:45', NULL),
	(448, 21, 8, 1, '', '', '', 1, 1, 1, 1, 1, 1, 1, 1, 1, 1, 1, '2015-04-03 20:34:45', '2015-04-03 20:34:45', NULL),
	(449, 21, 9, 1, '', '', '', 1, 1, 1, 1, 1, 1, 1, 1, 1, 1, 1, '2015-04-03 20:34:45', '2015-04-03 20:34:45', NULL),
	(450, 21, 10, 1, '', '', '', 1, 1, 1, 1, 1, 1, 1, 1, 1, 1, 1, '2015-04-03 20:34:45', '2015-04-03 20:34:45', NULL),
	(451, 21, 11, 1, '', '', '', 1, 1, 1, 1, 1, 1, 1, 1, 1, 1, 1, '2015-04-03 20:34:45', '2015-04-03 20:34:45', NULL),
	(452, 21, 12, 1, '', '', '', 1, 1, 1, 1, 1, 1, 1, 1, 1, 1, 1, '2015-04-03 20:34:45', '2015-04-03 20:34:45', NULL),
	(453, 21, 13, 1, '', '', '', 1, 1, 1, 1, 1, 1, 1, 1, 1, 1, 1, '2015-04-03 20:34:45', '2015-04-03 20:34:45', NULL),
	(454, 21, 14, 1, '', '', '', 1, 1, 1, 1, 1, 1, 1, 1, 1, 1, 1, '2015-04-03 20:34:45', '2015-04-03 20:34:45', NULL),
	(455, 21, 15, 1, '', '', '', 1, 1, 1, 1, 1, 1, 1, 1, 1, 1, 1, '2015-04-03 20:34:45', '2015-04-03 20:34:45', NULL),
	(456, 21, 16, 1, '', '', '', 1, 1, 1, 1, 1, 1, 1, 1, 1, 1, 1, '2015-04-03 20:34:45', '2015-04-03 20:34:45', NULL),
	(457, 21, 17, 1, '', '', '', 1, 1, 1, 1, 1, 1, 1, 1, 1, 1, 1, '2015-04-03 20:34:45', '2015-04-03 20:34:45', NULL),
	(458, 21, 18, 1, '', '', '', 1, 1, 1, 1, 1, 1, 1, 1, 1, 1, 1, '2015-04-03 20:34:45', '2015-04-03 20:34:45', NULL),
	(459, 21, 19, 1, '', '', '', 1, 1, 1, 1, 1, 1, 1, 1, 1, 1, 1, '2015-04-03 20:34:45', '2015-04-03 20:34:45', NULL),
	(460, 21, 20, 1, '', '', '', 1, 1, 1, 1, 1, 1, 1, 1, 1, 1, 1, '2015-04-03 20:34:45', '2015-04-03 20:34:45', NULL),
	(461, 21, 21, 1, '', '', '', 1, 1, 1, 1, 1, 1, 1, 1, 1, 1, 1, '2015-04-03 20:34:45', '2015-04-03 20:34:45', NULL),
	(462, 21, 22, 1, '', '', '', 1, 1, 1, 1, 1, 1, 1, 1, 1, 1, 1, '2015-04-03 20:34:45', '2015-04-03 20:34:45', NULL),
	(463, 22, 1, 1, '', '', '', 1, 1, 1, 1, 1, 1, 1, 1, 1, 1, 1, '2015-04-03 20:34:45', '2015-04-03 20:34:45', NULL),
	(464, 22, 2, 1, '', '', '', 1, 1, 1, 1, 1, 1, 1, 1, 1, 1, 1, '2015-04-03 20:34:45', '2015-04-03 20:34:45', NULL),
	(465, 22, 3, 1, '', '', '', 1, 1, 1, 1, 1, 1, 1, 1, 1, 1, 1, '2015-04-03 20:34:45', '2015-04-03 20:34:45', NULL),
	(466, 22, 4, 1, '', '', '', 1, 1, 1, 1, 1, 1, 1, 1, 1, 1, 1, '2015-04-03 20:34:45', '2015-04-03 20:34:45', NULL),
	(467, 22, 5, 1, '', '', '', 1, 1, 1, 1, 1, 1, 1, 1, 1, 1, 1, '2015-04-03 20:34:45', '2015-04-03 20:34:45', NULL),
	(468, 22, 6, 1, '', '', '', 1, 1, 1, 1, 1, 1, 1, 1, 1, 1, 1, '2015-04-03 20:34:45', '2015-04-03 20:34:45', NULL),
	(469, 22, 7, 1, '', '', '', 1, 1, 1, 1, 1, 1, 1, 1, 1, 1, 1, '2015-04-03 20:34:45', '2015-04-03 20:34:45', NULL),
	(470, 22, 8, 1, '', '', '', 1, 1, 1, 1, 1, 1, 1, 1, 1, 1, 1, '2015-04-03 20:34:45', '2015-04-03 20:34:45', NULL),
	(471, 22, 9, 1, '', '', '', 1, 1, 1, 1, 1, 1, 1, 1, 1, 1, 1, '2015-04-03 20:34:45', '2015-04-03 20:34:45', NULL),
	(472, 22, 10, 1, '', '', '', 1, 1, 1, 1, 1, 1, 1, 1, 1, 1, 1, '2015-04-03 20:34:45', '2015-04-03 20:34:45', NULL),
	(473, 22, 11, 1, '', '', '', 1, 1, 1, 1, 1, 1, 1, 1, 1, 1, 1, '2015-04-03 20:34:45', '2015-04-03 20:34:45', NULL),
	(474, 22, 12, 1, '', '', '', 1, 1, 1, 1, 1, 1, 1, 1, 1, 1, 1, '2015-04-03 20:34:45', '2015-04-03 20:34:45', NULL),
	(475, 22, 13, 1, '', '', '', 1, 1, 1, 1, 1, 1, 1, 1, 1, 1, 1, '2015-04-03 20:34:45', '2015-04-03 20:34:45', NULL),
	(476, 22, 14, 1, '', '', '', 1, 1, 1, 1, 1, 1, 1, 1, 1, 1, 1, '2015-04-03 20:34:45', '2015-04-03 20:34:45', NULL),
	(477, 22, 15, 1, '', '', '', 1, 1, 1, 1, 1, 1, 1, 1, 1, 1, 1, '2015-04-03 20:34:45', '2015-04-03 20:34:45', NULL),
	(478, 22, 16, 1, '', '', '', 1, 1, 1, 1, 1, 1, 1, 1, 1, 1, 1, '2015-04-03 20:34:45', '2015-04-03 20:34:45', NULL),
	(479, 22, 17, 1, '', '', '', 1, 1, 1, 1, 1, 1, 1, 1, 1, 1, 1, '2015-04-03 20:34:45', '2015-04-03 20:34:45', NULL),
	(480, 22, 18, 1, '', '', '', 1, 1, 1, 1, 1, 1, 1, 1, 1, 1, 1, '2015-04-03 20:34:45', '2015-04-03 20:34:45', NULL),
	(481, 22, 19, 1, '', '', '', 1, 1, 1, 1, 1, 1, 1, 1, 1, 1, 1, '2015-04-03 20:34:45', '2015-04-03 20:34:45', NULL),
	(482, 22, 20, 1, '', '', '', 1, 1, 1, 1, 1, 1, 1, 1, 1, 1, 1, '2015-04-03 20:34:45', '2015-04-03 20:34:45', NULL),
	(483, 22, 21, 1, '', '', '', 1, 1, 1, 1, 1, 1, 1, 1, 1, 1, 1, '2015-04-03 20:34:45', '2015-04-03 20:34:45', NULL),
	(484, 22, 22, 1, '', '', '', 1, 1, 1, 1, 1, 1, 1, 1, 1, 1, 1, '2015-04-03 20:34:45', '2015-04-03 20:34:45', NULL),
	(485, 23, 1, 1, '', '', '', 1, 1, 1, 1, 1, 1, 1, 1, 1, 1, 1, '2015-04-03 20:34:45', '2015-04-03 20:34:45', NULL),
	(486, 23, 2, 1, '', '', '', 1, 1, 1, 1, 1, 1, 1, 1, 1, 1, 1, '2015-04-03 20:34:45', '2015-04-03 20:34:45', NULL),
	(487, 23, 3, 1, '', '', '', 1, 1, 1, 1, 1, 1, 1, 1, 1, 1, 1, '2015-04-03 20:34:45', '2015-04-03 20:34:45', NULL),
	(488, 23, 4, 1, '', '', '', 1, 1, 1, 1, 1, 1, 1, 1, 1, 1, 1, '2015-04-03 20:34:45', '2015-04-03 20:34:45', NULL),
	(489, 23, 5, 1, '', '', '', 1, 1, 1, 1, 1, 1, 1, 1, 1, 1, 1, '2015-04-03 20:34:45', '2015-04-03 20:34:45', NULL),
	(490, 23, 6, 1, '', '', '', 1, 1, 1, 1, 1, 1, 1, 1, 1, 1, 1, '2015-04-03 20:34:45', '2015-04-03 20:34:45', NULL),
	(491, 23, 7, 1, '', '', '', 1, 1, 1, 1, 1, 1, 1, 1, 1, 1, 1, '2015-04-03 20:34:45', '2015-04-03 20:34:45', NULL),
	(492, 23, 8, 1, '', '', '', 1, 1, 1, 1, 1, 1, 1, 1, 1, 1, 1, '2015-04-03 20:34:45', '2015-04-03 20:34:45', NULL),
	(493, 23, 9, 1, '', '', '', 1, 1, 1, 1, 1, 1, 1, 1, 1, 1, 1, '2015-04-03 20:34:45', '2015-04-03 20:34:45', NULL),
	(494, 23, 10, 1, '', '', '', 1, 1, 1, 1, 1, 1, 1, 1, 1, 1, 1, '2015-04-03 20:34:45', '2015-04-03 20:34:45', NULL),
	(495, 23, 11, 1, '', '', '', 1, 1, 1, 1, 1, 1, 1, 1, 1, 1, 1, '2015-04-03 20:34:45', '2015-04-03 20:34:45', NULL),
	(496, 23, 12, 1, '', '', '', 1, 1, 1, 1, 1, 1, 1, 1, 1, 1, 1, '2015-04-03 20:34:45', '2015-04-03 20:34:45', NULL),
	(497, 23, 13, 1, '', '', '', 1, 1, 1, 1, 1, 1, 1, 1, 1, 1, 1, '2015-04-03 20:34:45', '2015-04-03 20:34:45', NULL),
	(498, 23, 14, 1, '', '', '', 1, 1, 1, 1, 1, 1, 1, 1, 1, 1, 1, '2015-04-03 20:34:45', '2015-04-03 20:34:45', NULL),
	(499, 23, 15, 1, '', '', '', 1, 1, 1, 1, 1, 1, 1, 1, 1, 1, 1, '2015-04-03 20:34:45', '2015-04-03 20:34:45', NULL),
	(500, 23, 16, 1, '', '', '', 1, 1, 1, 1, 1, 1, 1, 1, 1, 1, 1, '2015-04-03 20:34:45', '2015-04-03 20:34:45', NULL),
	(501, 23, 17, 1, '', '', '', 1, 1, 1, 1, 1, 1, 1, 1, 1, 1, 1, '2015-04-03 20:34:45', '2015-04-03 20:34:45', NULL),
	(502, 23, 18, 1, '', '', '', 1, 1, 1, 1, 1, 1, 1, 1, 1, 1, 1, '2015-04-03 20:34:45', '2015-04-03 20:34:45', NULL),
	(503, 23, 19, 1, '', '', '', 1, 1, 1, 1, 1, 1, 1, 1, 1, 1, 1, '2015-04-03 20:34:45', '2015-04-03 20:34:45', NULL),
	(504, 23, 20, 1, '', '', '', 1, 1, 1, 1, 1, 1, 1, 1, 1, 1, 1, '2015-04-03 20:34:45', '2015-04-03 20:34:45', NULL),
	(505, 23, 21, 1, '', '', '', 1, 1, 1, 1, 1, 1, 1, 1, 1, 1, 1, '2015-04-03 20:34:45', '2015-04-03 20:34:45', NULL),
	(506, 23, 22, 1, '', '', '', 1, 1, 1, 1, 1, 1, 1, 1, 1, 1, 1, '2015-04-03 20:34:45', '2015-04-03 20:34:45', NULL),
	(507, 24, 1, 1, '', '', '', 1, 1, 1, 1, 1, 1, 1, 1, 1, 1, 1, '2015-04-03 20:34:45', '2015-04-03 20:34:45', NULL),
	(508, 24, 2, 1, '', '', '', 1, 1, 1, 1, 1, 1, 1, 1, 1, 1, 1, '2015-04-03 20:34:45', '2015-04-03 20:34:45', NULL),
	(509, 24, 3, 1, '', '', '', 1, 1, 1, 1, 1, 1, 1, 1, 1, 1, 1, '2015-04-03 20:34:45', '2015-04-03 20:34:45', NULL),
	(510, 24, 4, 1, '', '', '', 1, 1, 1, 1, 1, 1, 1, 1, 1, 1, 1, '2015-04-03 20:34:45', '2015-04-03 20:34:45', NULL),
	(511, 24, 5, 1, '', '', '', 1, 1, 1, 1, 1, 1, 1, 1, 1, 1, 1, '2015-04-03 20:34:45', '2015-04-03 20:34:45', NULL),
	(512, 24, 6, 1, '', '', '', 1, 1, 1, 1, 1, 1, 1, 1, 1, 1, 1, '2015-04-03 20:34:45', '2015-04-03 20:34:45', NULL),
	(513, 24, 7, 1, '', '', '', 1, 1, 1, 1, 1, 1, 1, 1, 1, 1, 1, '2015-04-03 20:34:45', '2015-04-03 20:34:45', NULL),
	(514, 24, 8, 1, '', '', '', 1, 1, 1, 1, 1, 1, 1, 1, 1, 1, 1, '2015-04-03 20:34:45', '2015-04-03 20:34:45', NULL),
	(515, 24, 9, 1, '', '', '', 1, 1, 1, 1, 1, 1, 1, 1, 1, 1, 1, '2015-04-03 20:34:45', '2015-04-03 20:34:45', NULL),
	(516, 24, 10, 1, '', '', '', 1, 1, 1, 1, 1, 1, 1, 1, 1, 1, 1, '2015-04-03 20:34:45', '2015-04-03 20:34:45', NULL),
	(517, 24, 11, 1, '', '', '', 1, 1, 1, 1, 1, 1, 1, 1, 1, 1, 1, '2015-04-03 20:34:45', '2015-04-03 20:34:45', NULL),
	(518, 24, 12, 1, '', '', '', 1, 1, 1, 1, 1, 1, 1, 1, 1, 1, 1, '2015-04-03 20:34:45', '2015-04-03 20:34:45', NULL),
	(519, 24, 13, 1, '', '', '', 1, 1, 1, 1, 1, 1, 1, 1, 1, 1, 1, '2015-04-03 20:34:45', '2015-04-03 20:34:45', NULL),
	(520, 24, 14, 1, '', '', '', 1, 1, 1, 1, 1, 1, 1, 1, 1, 1, 1, '2015-04-03 20:34:45', '2015-04-03 20:34:45', NULL),
	(521, 24, 15, 1, '', '', '', 1, 1, 1, 1, 1, 1, 1, 1, 1, 1, 1, '2015-04-03 20:34:45', '2015-04-03 20:34:45', NULL),
	(522, 24, 16, 1, '', '', '', 1, 1, 1, 1, 1, 1, 1, 1, 1, 1, 1, '2015-04-03 20:34:45', '2015-04-03 20:34:45', NULL),
	(523, 24, 17, 1, '', '', '', 1, 1, 1, 1, 1, 1, 1, 1, 1, 1, 1, '2015-04-03 20:34:45', '2015-04-03 20:34:45', NULL),
	(524, 24, 18, 1, '', '', '', 1, 1, 1, 1, 1, 1, 1, 1, 1, 1, 1, '2015-04-03 20:34:45', '2015-04-03 20:34:45', NULL),
	(525, 24, 19, 1, '', '', '', 1, 1, 1, 1, 1, 1, 1, 1, 1, 1, 1, '2015-04-03 20:34:45', '2015-04-03 20:34:45', NULL),
	(526, 24, 20, 1, '', '', '', 1, 1, 1, 1, 1, 1, 1, 1, 1, 1, 1, '2015-04-03 20:34:45', '2015-04-03 20:34:45', NULL),
	(527, 24, 21, 1, '', '', '', 1, 1, 1, 1, 1, 1, 1, 1, 1, 1, 1, '2015-04-03 20:34:45', '2015-04-03 20:34:45', NULL),
	(528, 24, 22, 1, '', '', '', 1, 1, 1, 1, 1, 1, 1, 1, 1, 1, 1, '2015-04-03 20:34:45', '2015-04-03 20:34:45', NULL),
	(529, 25, 1, 1, '', '', '', 1, 1, 1, 1, 1, 1, 1, 1, 1, 1, 1, '2015-04-03 20:34:45', '2015-04-03 20:34:45', NULL),
	(530, 25, 2, 1, '', '', '', 1, 1, 1, 1, 1, 1, 1, 1, 1, 1, 1, '2015-04-03 20:34:45', '2015-04-03 20:34:45', NULL),
	(531, 25, 3, 1, '', '', '', 1, 1, 1, 1, 1, 1, 1, 1, 1, 1, 1, '2015-04-03 20:34:45', '2015-04-03 20:34:45', NULL),
	(532, 25, 4, 1, '', '', '', 1, 1, 1, 1, 1, 1, 1, 1, 1, 1, 1, '2015-04-03 20:34:45', '2015-04-03 20:34:45', NULL),
	(533, 25, 5, 1, '', '', '', 1, 1, 1, 1, 1, 1, 1, 1, 1, 1, 1, '2015-04-03 20:34:45', '2015-04-03 20:34:45', NULL),
	(534, 25, 6, 1, '', '', '', 1, 1, 1, 1, 1, 1, 1, 1, 1, 1, 1, '2015-04-03 20:34:45', '2015-04-03 20:34:45', NULL),
	(535, 25, 7, 1, '', '', '', 1, 1, 1, 1, 1, 1, 1, 1, 1, 1, 1, '2015-04-03 20:34:45', '2015-04-03 20:34:45', NULL),
	(536, 25, 8, 1, '', '', '', 1, 1, 1, 1, 1, 1, 1, 1, 1, 1, 1, '2015-04-03 20:34:45', '2015-04-03 20:34:45', NULL),
	(537, 25, 9, 1, '', '', '', 1, 1, 1, 1, 1, 1, 1, 1, 1, 1, 1, '2015-04-03 20:34:45', '2015-04-03 20:34:45', NULL),
	(538, 25, 10, 1, '', '', '', 1, 1, 1, 1, 1, 1, 1, 1, 1, 1, 1, '2015-04-03 20:34:45', '2015-04-03 20:34:45', NULL),
	(539, 25, 11, 1, '', '', '', 1, 1, 1, 1, 1, 1, 1, 1, 1, 1, 1, '2015-04-03 20:34:45', '2015-04-03 20:34:45', NULL),
	(540, 25, 12, 1, '', '', '', 1, 1, 1, 1, 1, 1, 1, 1, 1, 1, 1, '2015-04-03 20:34:45', '2015-04-03 20:34:45', NULL),
	(541, 25, 13, 1, '', '', '', 1, 1, 1, 1, 1, 1, 1, 1, 1, 1, 1, '2015-04-03 20:34:45', '2015-04-03 20:34:45', NULL),
	(542, 25, 14, 1, '', '', '', 1, 1, 1, 1, 1, 1, 1, 1, 1, 1, 1, '2015-04-03 20:34:45', '2015-04-03 20:34:45', NULL),
	(543, 25, 15, 1, '', '', '', 1, 1, 1, 1, 1, 1, 1, 1, 1, 1, 1, '2015-04-03 20:34:45', '2015-04-03 20:34:45', NULL),
	(544, 25, 16, 1, '', '', '', 1, 1, 1, 1, 1, 1, 1, 1, 1, 1, 1, '2015-04-03 20:34:45', '2015-04-03 20:34:45', NULL),
	(545, 25, 17, 1, '', '', '', 1, 1, 1, 1, 1, 1, 1, 1, 1, 1, 1, '2015-04-03 20:34:45', '2015-04-03 20:34:45', NULL),
	(546, 25, 18, 1, '', '', '', 1, 1, 1, 1, 1, 1, 1, 1, 1, 1, 1, '2015-04-03 20:34:45', '2015-04-03 20:34:45', NULL),
	(547, 25, 19, 1, '', '', '', 1, 1, 1, 1, 1, 1, 1, 1, 1, 1, 1, '2015-04-03 20:34:45', '2015-04-03 20:34:45', NULL),
	(548, 25, 20, 1, '', '', '', 1, 1, 1, 1, 1, 1, 1, 1, 1, 1, 1, '2015-04-03 20:34:45', '2015-04-03 20:34:45', NULL),
	(549, 25, 21, 1, '', '', '', 1, 1, 1, 1, 1, 1, 1, 1, 1, 1, 1, '2015-04-03 20:34:45', '2015-04-03 20:34:45', NULL),
	(550, 25, 22, 1, '', '', '', 1, 1, 1, 1, 1, 1, 1, 1, 1, 1, 1, '2015-04-03 20:34:45', '2015-04-03 20:34:45', NULL),
	(551, 26, 1, 1, '', '', '', 1, 1, 1, 1, 1, 1, 1, 1, 1, 1, 1, '2015-04-03 20:34:45', '2015-04-03 20:34:45', NULL),
	(552, 26, 2, 1, '', '', '', 1, 1, 1, 1, 1, 1, 1, 1, 1, 1, 1, '2015-04-03 20:34:45', '2015-04-03 20:34:45', NULL),
	(553, 26, 3, 1, '', '', '', 1, 1, 1, 1, 1, 1, 1, 1, 1, 1, 1, '2015-04-03 20:34:45', '2015-04-03 20:34:45', NULL),
	(554, 26, 4, 1, '', '', '', 1, 1, 1, 1, 1, 1, 1, 1, 1, 1, 1, '2015-04-03 20:34:45', '2015-04-03 20:34:45', NULL),
	(555, 26, 5, 1, '', '', '', 1, 1, 1, 1, 1, 1, 1, 1, 1, 1, 1, '2015-04-03 20:34:45', '2015-04-03 20:34:45', NULL),
	(556, 26, 6, 1, '', '', '', 1, 1, 1, 1, 1, 1, 1, 1, 1, 1, 1, '2015-04-03 20:34:45', '2015-04-03 20:34:45', NULL),
	(557, 26, 7, 1, '', '', '', 1, 1, 1, 1, 1, 1, 1, 1, 1, 1, 1, '2015-04-03 20:34:45', '2015-04-03 20:34:45', NULL),
	(558, 26, 8, 1, '', '', '', 1, 1, 1, 1, 1, 1, 1, 1, 1, 1, 1, '2015-04-03 20:34:45', '2015-04-03 20:34:45', NULL),
	(559, 26, 9, 1, '', '', '', 1, 1, 1, 1, 1, 1, 1, 1, 1, 1, 1, '2015-04-03 20:34:45', '2015-04-03 20:34:45', NULL),
	(560, 26, 10, 1, '', '', '', 1, 1, 1, 1, 1, 1, 1, 1, 1, 1, 1, '2015-04-03 20:34:45', '2015-04-03 20:34:45', NULL),
	(561, 26, 11, 1, '', '', '', 1, 1, 1, 1, 1, 1, 1, 1, 1, 1, 1, '2015-04-03 20:34:45', '2015-04-03 20:34:45', NULL),
	(562, 26, 12, 1, '', '', '', 1, 1, 1, 1, 1, 1, 1, 1, 1, 1, 1, '2015-04-03 20:34:45', '2015-04-03 20:34:45', NULL),
	(563, 26, 13, 1, '', '', '', 1, 1, 1, 1, 1, 1, 1, 1, 1, 1, 1, '2015-04-03 20:34:45', '2015-04-03 20:34:45', NULL),
	(564, 26, 14, 1, '', '', '', 1, 1, 1, 1, 1, 1, 1, 1, 1, 1, 1, '2015-04-03 20:34:45', '2015-04-03 20:34:45', NULL),
	(565, 26, 15, 1, '', '', '', 1, 1, 1, 1, 1, 1, 1, 1, 1, 1, 1, '2015-04-03 20:34:45', '2015-04-03 20:34:45', NULL),
	(566, 26, 16, 1, '', '', '', 1, 1, 1, 1, 1, 1, 1, 1, 1, 1, 1, '2015-04-03 20:34:45', '2015-04-03 20:34:45', NULL),
	(567, 26, 17, 1, '', '', '', 1, 1, 1, 1, 1, 1, 1, 1, 1, 1, 1, '2015-04-03 20:34:45', '2015-04-03 20:34:45', NULL),
	(568, 26, 18, 1, '', '', '', 1, 1, 1, 1, 1, 1, 1, 1, 1, 1, 1, '2015-04-03 20:34:45', '2015-04-03 20:34:45', NULL),
	(569, 26, 19, 1, '', '', '', 1, 1, 1, 1, 1, 1, 1, 1, 1, 1, 1, '2015-04-03 20:34:45', '2015-04-03 20:34:45', NULL),
	(570, 26, 20, 1, '', '', '', 1, 1, 1, 1, 1, 1, 1, 1, 1, 1, 1, '2015-04-03 20:34:45', '2015-04-03 20:34:45', NULL),
	(571, 26, 21, 1, '', '', '', 1, 1, 1, 1, 1, 1, 1, 1, 1, 1, 1, '2015-04-03 20:34:45', '2015-04-03 20:34:45', NULL),
	(572, 26, 22, 1, '', '', '', 1, 1, 1, 1, 1, 1, 1, 1, 1, 1, 1, '2015-04-03 20:34:45', '2015-04-03 20:34:45', NULL),
	(573, 27, 1, 1, '', '', '', 1, 1, 1, 1, 1, 1, 1, 1, 1, 1, 1, '2015-04-03 20:34:45', '2015-04-03 20:34:45', NULL),
	(574, 27, 2, 1, '', '', '', 1, 1, 1, 1, 1, 1, 1, 1, 1, 1, 1, '2015-04-03 20:34:45', '2015-04-03 20:34:45', NULL),
	(575, 27, 3, 1, '', '', '', 1, 1, 1, 1, 1, 1, 1, 1, 1, 1, 1, '2015-04-03 20:34:45', '2015-04-03 20:34:45', NULL),
	(576, 27, 4, 1, '', '', '', 1, 1, 1, 1, 1, 1, 1, 1, 1, 1, 1, '2015-04-03 20:34:45', '2015-04-03 20:34:45', NULL),
	(577, 27, 5, 1, '', '', '', 1, 1, 1, 1, 1, 1, 1, 1, 1, 1, 1, '2015-04-03 20:34:45', '2015-04-03 20:34:45', NULL),
	(578, 27, 6, 1, '', '', '', 1, 1, 1, 1, 1, 1, 1, 1, 1, 1, 1, '2015-04-03 20:34:45', '2015-04-03 20:34:45', NULL),
	(579, 27, 7, 1, '', '', '', 1, 1, 1, 1, 1, 1, 1, 1, 1, 1, 1, '2015-04-03 20:34:45', '2015-04-03 20:34:45', NULL),
	(580, 27, 8, 1, '', '', '', 1, 1, 1, 1, 1, 1, 1, 1, 1, 1, 1, '2015-04-03 20:34:45', '2015-04-03 20:34:45', NULL),
	(581, 27, 9, 1, '', '', '', 1, 1, 1, 1, 1, 1, 1, 1, 1, 1, 1, '2015-04-03 20:34:45', '2015-04-03 20:34:45', NULL),
	(582, 27, 10, 1, '', '', '', 1, 1, 1, 1, 1, 1, 1, 1, 1, 1, 1, '2015-04-03 20:34:45', '2015-04-03 20:34:45', NULL),
	(583, 27, 11, 1, '', '', '', 1, 1, 1, 1, 1, 1, 1, 1, 1, 1, 1, '2015-04-03 20:34:45', '2015-04-03 20:34:45', NULL),
	(584, 27, 12, 1, '', '', '', 1, 1, 1, 1, 1, 1, 1, 1, 1, 1, 1, '2015-04-03 20:34:45', '2015-04-03 20:34:45', NULL),
	(585, 27, 13, 1, '', '', '', 1, 1, 1, 1, 1, 1, 1, 1, 1, 1, 1, '2015-04-03 20:34:45', '2015-04-03 20:34:45', NULL),
	(586, 27, 14, 1, '', '', '', 1, 1, 1, 1, 1, 1, 1, 1, 1, 1, 1, '2015-04-03 20:34:45', '2015-04-03 20:34:45', NULL),
	(587, 27, 15, 1, '', '', '', 1, 1, 1, 1, 1, 1, 1, 1, 1, 1, 1, '2015-04-03 20:34:45', '2015-04-03 20:34:45', NULL),
	(588, 27, 16, 1, '', '', '', 1, 1, 1, 1, 1, 1, 1, 1, 1, 1, 1, '2015-04-03 20:34:45', '2015-04-03 20:34:45', NULL),
	(589, 27, 17, 1, '', '', '', 1, 1, 1, 1, 1, 1, 1, 1, 1, 1, 1, '2015-04-03 20:34:45', '2015-04-03 20:34:45', NULL),
	(590, 27, 18, 1, '', '', '', 1, 1, 1, 1, 1, 1, 1, 1, 1, 1, 1, '2015-04-03 20:34:45', '2015-04-03 20:34:45', NULL),
	(591, 27, 19, 1, '', '', '', 1, 1, 1, 1, 1, 1, 1, 1, 1, 1, 1, '2015-04-03 20:34:45', '2015-04-03 20:34:45', NULL),
	(592, 27, 20, 1, '', '', '', 1, 1, 1, 1, 1, 1, 1, 1, 1, 1, 1, '2015-04-03 20:34:45', '2015-04-03 20:34:45', NULL),
	(593, 27, 21, 1, '', '', '', 1, 1, 1, 1, 1, 1, 1, 1, 1, 1, 1, '2015-04-03 20:34:45', '2015-04-03 20:34:45', NULL),
	(594, 27, 22, 1, '', '', '', 1, 1, 1, 1, 1, 1, 1, 1, 1, 1, 1, '2015-04-03 20:34:46', '2015-04-03 20:34:46', NULL),
	(595, 28, 1, 1, '', '', '', 1, 1, 1, 1, 1, 1, 1, 1, 1, 1, 1, '2015-04-03 20:34:46', '2015-04-03 20:34:46', NULL),
	(596, 28, 2, 1, '', '', '', 1, 1, 1, 1, 1, 1, 1, 1, 1, 1, 1, '2015-04-03 20:34:46', '2015-04-03 20:34:46', NULL),
	(597, 28, 3, 1, '', '', '', 1, 1, 1, 1, 1, 1, 1, 1, 1, 1, 1, '2015-04-03 20:34:46', '2015-04-03 20:34:46', NULL),
	(598, 28, 4, 1, '', '', '', 1, 1, 1, 1, 1, 1, 1, 1, 1, 1, 1, '2015-04-03 20:34:46', '2015-04-03 20:34:46', NULL),
	(599, 28, 5, 1, '', '', '', 1, 1, 1, 1, 1, 1, 1, 1, 1, 1, 1, '2015-04-03 20:34:46', '2015-04-03 20:34:46', NULL),
	(600, 28, 6, 1, '', '', '', 1, 1, 1, 1, 1, 1, 1, 1, 1, 1, 1, '2015-04-03 20:34:46', '2015-04-03 20:34:46', NULL),
	(601, 28, 7, 1, '', '', '', 1, 1, 1, 1, 1, 1, 1, 1, 1, 1, 1, '2015-04-03 20:34:46', '2015-04-03 20:34:46', NULL),
	(602, 28, 8, 1, '', '', '', 1, 1, 1, 1, 1, 1, 1, 1, 1, 1, 1, '2015-04-03 20:34:46', '2015-04-03 20:34:46', NULL),
	(603, 28, 9, 1, '', '', '', 1, 1, 1, 1, 1, 1, 1, 1, 1, 1, 1, '2015-04-03 20:34:46', '2015-04-03 20:34:46', NULL),
	(604, 28, 10, 1, '', '', '', 1, 1, 1, 1, 1, 1, 1, 1, 1, 1, 1, '2015-04-03 20:34:46', '2015-04-03 20:34:46', NULL),
	(605, 28, 11, 1, '', '', '', 1, 1, 1, 1, 1, 1, 1, 1, 1, 1, 1, '2015-04-03 20:34:46', '2015-04-03 20:34:46', NULL),
	(606, 28, 12, 1, '', '', '', 1, 1, 1, 1, 1, 1, 1, 1, 1, 1, 1, '2015-04-03 20:34:46', '2015-04-03 20:34:46', NULL),
	(607, 28, 13, 1, '', '', '', 1, 1, 1, 1, 1, 1, 1, 1, 1, 1, 1, '2015-04-03 20:34:46', '2015-04-03 20:34:46', NULL),
	(608, 28, 14, 1, '', '', '', 1, 1, 1, 1, 1, 1, 1, 1, 1, 1, 1, '2015-04-03 20:34:46', '2015-04-03 20:34:46', NULL),
	(609, 28, 15, 1, '', '', '', 1, 1, 1, 1, 1, 1, 1, 1, 1, 1, 1, '2015-04-03 20:34:46', '2015-04-03 20:34:46', NULL),
	(610, 28, 16, 1, '', '', '', 1, 1, 1, 1, 1, 1, 1, 1, 1, 1, 1, '2015-04-03 20:34:46', '2015-04-03 20:34:46', NULL),
	(611, 28, 17, 1, '', '', '', 1, 1, 1, 1, 1, 1, 1, 1, 1, 1, 1, '2015-04-03 20:34:46', '2015-04-03 20:34:46', NULL),
	(612, 28, 18, 1, '', '', '', 1, 1, 1, 1, 1, 1, 1, 1, 1, 1, 1, '2015-04-03 20:34:46', '2015-04-03 20:34:46', NULL),
	(613, 28, 19, 1, '', '', '', 1, 1, 1, 1, 1, 1, 1, 1, 1, 1, 1, '2015-04-03 20:34:46', '2015-04-03 20:34:46', NULL),
	(614, 28, 20, 1, '', '', '', 1, 1, 1, 1, 1, 1, 1, 1, 1, 1, 1, '2015-04-03 20:34:46', '2015-04-03 20:34:46', NULL),
	(615, 28, 21, 1, '', '', '', 1, 1, 1, 1, 1, 1, 1, 1, 1, 1, 1, '2015-04-03 20:34:46', '2015-04-03 20:34:46', NULL),
	(616, 28, 22, 1, '', '', '', 1, 1, 1, 1, 1, 1, 1, 1, 1, 1, 1, '2015-04-03 20:34:46', '2015-04-03 20:34:46', NULL),
	(617, 29, 1, 1, '', '', '', 1, 1, 1, 1, 1, 1, 1, 1, 1, 1, 1, '2015-04-03 20:34:46', '2015-04-03 20:34:46', NULL),
	(618, 29, 2, 1, '', '', '', 1, 1, 1, 1, 1, 1, 1, 1, 1, 1, 1, '2015-04-03 20:34:46', '2015-04-03 20:34:46', NULL),
	(619, 29, 3, 1, '', '', '', 1, 1, 1, 1, 1, 1, 1, 1, 1, 1, 1, '2015-04-03 20:34:46', '2015-04-03 20:34:46', NULL),
	(620, 29, 4, 1, '', '', '', 1, 1, 1, 1, 1, 1, 1, 1, 1, 1, 1, '2015-04-03 20:34:46', '2015-04-03 20:34:46', NULL),
	(621, 29, 5, 1, '', '', '', 1, 1, 1, 1, 1, 1, 1, 1, 1, 1, 1, '2015-04-03 20:34:46', '2015-04-03 20:34:46', NULL),
	(622, 29, 6, 1, '', '', '', 1, 1, 1, 1, 1, 1, 1, 1, 1, 1, 1, '2015-04-03 20:34:46', '2015-04-03 20:34:46', NULL),
	(623, 29, 7, 1, '', '', '', 1, 1, 1, 1, 1, 1, 1, 1, 1, 1, 1, '2015-04-03 20:34:46', '2015-04-03 20:34:46', NULL),
	(624, 29, 8, 1, '', '', '', 1, 1, 1, 1, 1, 1, 1, 1, 1, 1, 1, '2015-04-03 20:34:46', '2015-04-03 20:34:46', NULL),
	(625, 29, 9, 1, '', '', '', 1, 1, 1, 1, 1, 1, 1, 1, 1, 1, 1, '2015-04-03 20:34:46', '2015-04-03 20:34:46', NULL),
	(626, 29, 10, 1, '', '', '', 1, 1, 1, 1, 1, 1, 1, 1, 1, 1, 1, '2015-04-03 20:34:46', '2015-04-03 20:34:46', NULL),
	(627, 29, 11, 1, '', '', '', 1, 1, 1, 1, 1, 1, 1, 1, 1, 1, 1, '2015-04-03 20:34:46', '2015-04-03 20:34:46', NULL),
	(628, 29, 12, 1, '', '', '', 1, 1, 1, 1, 1, 1, 1, 1, 1, 1, 1, '2015-04-03 20:34:46', '2015-04-03 20:34:46', NULL),
	(629, 29, 13, 1, '', '', '', 1, 1, 1, 1, 1, 1, 1, 1, 1, 1, 1, '2015-04-03 20:34:46', '2015-04-03 20:34:46', NULL),
	(630, 29, 14, 1, '', '', '', 1, 1, 1, 1, 1, 1, 1, 1, 1, 1, 1, '2015-04-03 20:34:46', '2015-04-03 20:34:46', NULL),
	(631, 29, 15, 1, '', '', '', 1, 1, 1, 1, 1, 1, 1, 1, 1, 1, 1, '2015-04-03 20:34:46', '2015-04-03 20:34:46', NULL),
	(632, 29, 16, 1, '', '', '', 1, 1, 1, 1, 1, 1, 1, 1, 1, 1, 1, '2015-04-03 20:34:46', '2015-04-03 20:34:46', NULL),
	(633, 29, 17, 1, '', '', '', 1, 1, 1, 1, 1, 1, 1, 1, 1, 1, 1, '2015-04-03 20:34:46', '2015-04-03 20:34:46', NULL),
	(634, 29, 18, 1, '', '', '', 1, 1, 1, 1, 1, 1, 1, 1, 1, 1, 1, '2015-04-03 20:34:46', '2015-04-03 20:34:46', NULL),
	(635, 29, 19, 1, '', '', '', 1, 1, 1, 1, 1, 1, 1, 1, 1, 1, 1, '2015-04-03 20:34:46', '2015-04-03 20:34:46', NULL),
	(636, 29, 20, 1, '', '', '', 1, 1, 1, 1, 1, 1, 1, 1, 1, 1, 1, '2015-04-03 20:34:46', '2015-04-03 20:34:46', NULL),
	(637, 29, 21, 1, '', '', '', 1, 1, 1, 1, 1, 1, 1, 1, 1, 1, 1, '2015-04-03 20:34:46', '2015-04-03 20:34:46', NULL),
	(638, 29, 22, 1, '', '', '', 1, 1, 1, 1, 1, 1, 1, 1, 1, 1, 1, '2015-04-03 20:34:46', '2015-04-03 20:34:46', NULL),
	(639, 30, 1, 1, '', '', '', 1, 1, 1, 1, 1, 1, 1, 1, 1, 1, 1, '2015-04-03 20:34:46', '2015-04-03 20:34:46', NULL),
	(640, 30, 2, 1, '', '', '', 1, 1, 1, 1, 1, 1, 1, 1, 1, 1, 1, '2015-04-03 20:34:46', '2015-04-03 20:34:46', NULL),
	(641, 30, 3, 1, '', '', '', 1, 1, 1, 1, 1, 1, 1, 1, 1, 1, 1, '2015-04-03 20:34:46', '2015-04-03 20:34:46', NULL),
	(642, 30, 4, 1, '', '', '', 1, 1, 1, 1, 1, 1, 1, 1, 1, 1, 1, '2015-04-03 20:34:46', '2015-04-03 20:34:46', NULL),
	(643, 30, 5, 1, '', '', '', 1, 1, 1, 1, 1, 1, 1, 1, 1, 1, 1, '2015-04-03 20:34:46', '2015-04-03 20:34:46', NULL),
	(644, 30, 6, 1, '', '', '', 1, 1, 1, 1, 1, 1, 1, 1, 1, 1, 1, '2015-04-03 20:34:46', '2015-04-03 20:34:46', NULL),
	(645, 30, 7, 1, '', '', '', 1, 1, 1, 1, 1, 1, 1, 1, 1, 1, 1, '2015-04-03 20:34:46', '2015-04-03 20:34:46', NULL),
	(646, 30, 8, 1, '', '', '', 1, 1, 1, 1, 1, 1, 1, 1, 1, 1, 1, '2015-04-03 20:34:46', '2015-04-03 20:34:46', NULL),
	(647, 30, 9, 1, '', '', '', 1, 1, 1, 1, 1, 1, 1, 1, 1, 1, 1, '2015-04-03 20:34:46', '2015-04-03 20:34:46', NULL),
	(648, 30, 10, 1, '', '', '', 1, 1, 1, 1, 1, 1, 1, 1, 1, 1, 1, '2015-04-03 20:34:46', '2015-04-03 20:34:46', NULL),
	(649, 30, 11, 1, '', '', '', 1, 1, 1, 1, 1, 1, 1, 1, 1, 1, 1, '2015-04-03 20:34:46', '2015-04-03 20:34:46', NULL),
	(650, 30, 12, 1, '', '', '', 1, 1, 1, 1, 1, 1, 1, 1, 1, 1, 1, '2015-04-03 20:34:46', '2015-04-03 20:34:46', NULL),
	(651, 30, 13, 1, '', '', '', 1, 1, 1, 1, 1, 1, 1, 1, 1, 1, 1, '2015-04-03 20:34:46', '2015-04-03 20:34:46', NULL),
	(652, 30, 14, 1, '', '', '', 1, 1, 1, 1, 1, 1, 1, 1, 1, 1, 1, '2015-04-03 20:34:46', '2015-04-03 20:34:46', NULL),
	(653, 30, 15, 1, '', '', '', 1, 1, 1, 1, 1, 1, 1, 1, 1, 1, 1, '2015-04-03 20:34:46', '2015-04-03 20:34:46', NULL),
	(654, 30, 16, 1, '', '', '', 1, 1, 1, 1, 1, 1, 1, 1, 1, 1, 1, '2015-04-03 20:34:46', '2015-04-03 20:34:46', NULL),
	(655, 30, 17, 1, '', '', '', 1, 1, 1, 1, 1, 1, 1, 1, 1, 1, 1, '2015-04-03 20:34:46', '2015-04-03 20:34:46', NULL),
	(656, 30, 18, 1, '', '', '', 1, 1, 1, 1, 1, 1, 1, 1, 1, 1, 1, '2015-04-03 20:34:46', '2015-04-03 20:34:46', NULL),
	(657, 30, 19, 1, '', '', '', 1, 1, 1, 1, 1, 1, 1, 1, 1, 1, 1, '2015-04-03 20:34:46', '2015-04-03 20:34:46', NULL),
	(658, 30, 20, 1, '', '', '', 1, 1, 1, 1, 1, 1, 1, 1, 1, 1, 1, '2015-04-03 20:34:46', '2015-04-03 20:34:46', NULL),
	(659, 30, 21, 1, '', '', '', 1, 1, 1, 1, 1, 1, 1, 1, 1, 1, 1, '2015-04-03 20:34:46', '2015-04-03 20:34:46', NULL),
	(660, 30, 22, 1, '', '', '', 1, 1, 1, 1, 1, 1, 1, 1, 1, 1, 1, '2015-04-03 20:34:46', '2015-04-03 20:34:46', NULL),
	(661, 31, 1, 1, '', '', '', 1, 1, 1, 1, 1, 1, 1, 1, 1, 1, 1, '2015-04-03 20:34:46', '2015-04-03 20:34:46', NULL),
	(662, 31, 2, 1, '', '', '', 1, 1, 1, 1, 1, 1, 1, 1, 1, 1, 1, '2015-04-03 20:34:46', '2015-04-03 20:34:46', NULL),
	(663, 31, 3, 1, '', '', '', 1, 1, 1, 1, 1, 1, 1, 1, 1, 1, 1, '2015-04-03 20:34:46', '2015-04-03 20:34:46', NULL),
	(664, 31, 4, 1, '', '', '', 1, 1, 1, 1, 1, 1, 1, 1, 1, 1, 1, '2015-04-03 20:34:46', '2015-04-03 20:34:46', NULL),
	(665, 31, 5, 1, '', '', '', 1, 1, 1, 1, 1, 1, 1, 1, 1, 1, 1, '2015-04-03 20:34:46', '2015-04-03 20:34:46', NULL),
	(666, 31, 6, 1, '', '', '', 1, 1, 1, 1, 1, 1, 1, 1, 1, 1, 1, '2015-04-03 20:34:46', '2015-04-03 20:34:46', NULL),
	(667, 31, 7, 1, '', '', '', 1, 1, 1, 1, 1, 1, 1, 1, 1, 1, 1, '2015-04-03 20:34:46', '2015-04-03 20:34:46', NULL),
	(668, 31, 8, 1, '', '', '', 1, 1, 1, 1, 1, 1, 1, 1, 1, 1, 1, '2015-04-03 20:34:46', '2015-04-03 20:34:46', NULL),
	(669, 31, 9, 1, '', '', '', 1, 1, 1, 1, 1, 1, 1, 1, 1, 1, 1, '2015-04-03 20:34:46', '2015-04-03 20:34:46', NULL),
	(670, 31, 10, 1, '', '', '', 1, 1, 1, 1, 1, 1, 1, 1, 1, 1, 1, '2015-04-03 20:34:46', '2015-04-03 20:34:46', NULL),
	(671, 31, 11, 1, '', '', '', 1, 1, 1, 1, 1, 1, 1, 1, 1, 1, 1, '2015-04-03 20:34:46', '2015-04-03 20:34:46', NULL),
	(672, 31, 12, 1, '', '', '', 1, 1, 1, 1, 1, 1, 1, 1, 1, 1, 1, '2015-04-03 20:34:46', '2015-04-03 20:34:46', NULL),
	(673, 31, 13, 1, '', '', '', 1, 1, 1, 1, 1, 1, 1, 1, 1, 1, 1, '2015-04-03 20:34:46', '2015-04-03 20:34:46', NULL),
	(674, 31, 14, 1, '', '', '', 1, 1, 1, 1, 1, 1, 1, 1, 1, 1, 1, '2015-04-03 20:34:46', '2015-04-03 20:34:46', NULL),
	(675, 31, 15, 1, '', '', '', 1, 1, 1, 1, 1, 1, 1, 1, 1, 1, 1, '2015-04-03 20:34:46', '2015-04-03 20:34:46', NULL),
	(676, 31, 16, 1, '', '', '', 1, 1, 1, 1, 1, 1, 1, 1, 1, 1, 1, '2015-04-03 20:34:46', '2015-04-03 20:34:46', NULL),
	(677, 31, 17, 1, '', '', '', 1, 1, 1, 1, 1, 1, 1, 1, 1, 1, 1, '2015-04-03 20:34:46', '2015-04-03 20:34:46', NULL),
	(678, 31, 18, 1, '', '', '', 1, 1, 1, 1, 1, 1, 1, 1, 1, 1, 1, '2015-04-03 20:34:46', '2015-04-03 20:34:46', NULL),
	(679, 31, 19, 1, '', '', '', 1, 1, 1, 1, 1, 1, 1, 1, 1, 1, 1, '2015-04-03 20:34:46', '2015-04-03 20:34:46', NULL),
	(680, 31, 20, 1, '', '', '', 1, 1, 1, 1, 1, 1, 1, 1, 1, 1, 1, '2015-04-03 20:34:46', '2015-04-03 20:34:46', NULL),
	(681, 31, 21, 1, '', '', '', 1, 1, 1, 1, 1, 1, 1, 1, 1, 1, 1, '2015-04-03 20:34:46', '2015-04-03 20:34:46', NULL),
	(682, 31, 22, 1, '', '', '', 1, 1, 1, 1, 1, 1, 1, 1, 1, 1, 1, '2015-04-03 20:34:46', '2015-04-03 20:34:46', NULL),
	(683, 32, 1, 1, '', '', '', 1, 1, 1, 1, 1, 1, 1, 1, 1, 1, 1, '2015-04-03 20:34:46', '2015-04-03 20:34:46', NULL),
	(684, 32, 2, 1, '', '', '', 1, 1, 1, 1, 1, 1, 1, 1, 1, 1, 1, '2015-04-03 20:34:46', '2015-04-03 20:34:46', NULL),
	(685, 32, 3, 1, '', '', '', 1, 1, 1, 1, 1, 1, 1, 1, 1, 1, 1, '2015-04-03 20:34:46', '2015-04-03 20:34:46', NULL),
	(686, 32, 4, 1, '', '', '', 1, 1, 1, 1, 1, 1, 1, 1, 1, 1, 1, '2015-04-03 20:34:46', '2015-04-03 20:34:46', NULL),
	(687, 32, 5, 1, '', '', '', 1, 1, 1, 1, 1, 1, 1, 1, 1, 1, 1, '2015-04-03 20:34:46', '2015-04-03 20:34:46', NULL),
	(688, 32, 6, 1, '', '', '', 1, 1, 1, 1, 1, 1, 1, 1, 1, 1, 1, '2015-04-03 20:34:46', '2015-04-03 20:34:46', NULL),
	(689, 32, 7, 1, '', '', '', 1, 1, 1, 1, 1, 1, 1, 1, 1, 1, 1, '2015-04-03 20:34:46', '2015-04-03 20:34:46', NULL),
	(690, 32, 8, 1, '', '', '', 1, 1, 1, 1, 1, 1, 1, 1, 1, 1, 1, '2015-04-03 20:34:46', '2015-04-03 20:34:46', NULL),
	(691, 32, 9, 1, '', '', '', 1, 1, 1, 1, 1, 1, 1, 1, 1, 1, 1, '2015-04-03 20:34:46', '2015-04-03 20:34:46', NULL),
	(692, 32, 10, 1, '', '', '', 1, 1, 1, 1, 1, 1, 1, 1, 1, 1, 1, '2015-04-03 20:34:46', '2015-04-03 20:34:46', NULL),
	(693, 32, 11, 1, '', '', '', 1, 1, 1, 1, 1, 1, 1, 1, 1, 1, 1, '2015-04-03 20:34:46', '2015-04-03 20:34:46', NULL),
	(694, 32, 12, 1, '', '', '', 1, 1, 1, 1, 1, 1, 1, 1, 1, 1, 1, '2015-04-03 20:34:46', '2015-04-03 20:34:46', NULL),
	(695, 32, 13, 1, '', '', '', 1, 1, 1, 1, 1, 1, 1, 1, 1, 1, 1, '2015-04-03 20:34:46', '2015-04-03 20:34:46', NULL),
	(696, 32, 14, 1, '', '', '', 1, 1, 1, 1, 1, 1, 1, 1, 1, 1, 1, '2015-04-03 20:34:46', '2015-04-03 20:34:46', NULL),
	(697, 32, 15, 1, '', '', '', 1, 1, 1, 1, 1, 1, 1, 1, 1, 1, 1, '2015-04-03 20:34:46', '2015-04-03 20:34:46', NULL),
	(698, 32, 16, 1, '', '', '', 1, 1, 1, 1, 1, 1, 1, 1, 1, 1, 1, '2015-04-03 20:34:46', '2015-04-03 20:34:46', NULL),
	(699, 32, 17, 1, '', '', '', 1, 1, 1, 1, 1, 1, 1, 1, 1, 1, 1, '2015-04-03 20:34:46', '2015-04-03 20:34:46', NULL),
	(700, 32, 18, 1, '', '', '', 1, 1, 1, 1, 1, 1, 1, 1, 1, 1, 1, '2015-04-03 20:34:46', '2015-04-03 20:34:46', NULL),
	(701, 32, 19, 1, '', '', '', 1, 1, 1, 1, 1, 1, 1, 1, 1, 1, 1, '2015-04-03 20:34:46', '2015-04-03 20:34:46', NULL),
	(702, 32, 20, 1, '', '', '', 1, 1, 1, 1, 1, 1, 1, 1, 1, 1, 1, '2015-04-03 20:34:46', '2015-04-03 20:34:46', NULL),
	(703, 32, 21, 1, '', '', '', 1, 1, 1, 1, 1, 1, 1, 1, 1, 1, 1, '2015-04-03 20:34:46', '2015-04-03 20:34:46', NULL),
	(704, 32, 22, 1, '', '', '', 1, 1, 1, 1, 1, 1, 1, 1, 1, 1, 1, '2015-04-03 20:34:46', '2015-04-03 20:34:46', NULL),
	(705, 33, 1, 1, '', '', '', 1, 1, 1, 1, 1, 1, 1, 1, 1, 1, 1, '2015-04-03 20:34:46', '2015-04-03 20:34:46', NULL),
	(706, 33, 2, 1, '', '', '', 1, 1, 1, 1, 1, 1, 1, 1, 1, 1, 1, '2015-04-03 20:34:46', '2015-04-03 20:34:46', NULL),
	(707, 33, 3, 1, '', '', '', 1, 1, 1, 1, 1, 1, 1, 1, 1, 1, 1, '2015-04-03 20:34:46', '2015-04-03 20:34:46', NULL),
	(708, 33, 4, 1, '', '', '', 1, 1, 1, 1, 1, 1, 1, 1, 1, 1, 1, '2015-04-03 20:34:46', '2015-04-03 20:34:46', NULL),
	(709, 33, 5, 1, '', '', '', 1, 1, 1, 1, 1, 1, 1, 1, 1, 1, 1, '2015-04-03 20:34:46', '2015-04-03 20:34:46', NULL),
	(710, 33, 6, 1, '', '', '', 1, 1, 1, 1, 1, 1, 1, 1, 1, 1, 1, '2015-04-03 20:34:46', '2015-04-03 20:34:46', NULL),
	(711, 33, 7, 1, '', '', '', 1, 1, 1, 1, 1, 1, 1, 1, 1, 1, 1, '2015-04-03 20:34:46', '2015-04-03 20:34:46', NULL),
	(712, 33, 8, 1, '', '', '', 1, 1, 1, 1, 1, 1, 1, 1, 1, 1, 1, '2015-04-03 20:34:46', '2015-04-03 20:34:46', NULL),
	(713, 33, 9, 1, '', '', '', 1, 1, 1, 1, 1, 1, 1, 1, 1, 1, 1, '2015-04-03 20:34:46', '2015-04-03 20:34:46', NULL),
	(714, 33, 10, 1, '', '', '', 1, 1, 1, 1, 1, 1, 1, 1, 1, 1, 1, '2015-04-03 20:34:46', '2015-04-03 20:34:46', NULL),
	(715, 33, 11, 1, '', '', '', 1, 1, 1, 1, 1, 1, 1, 1, 1, 1, 1, '2015-04-03 20:34:46', '2015-04-03 20:34:46', NULL),
	(716, 33, 12, 1, '', '', '', 1, 1, 1, 1, 1, 1, 1, 1, 1, 1, 1, '2015-04-03 20:34:46', '2015-04-03 20:34:46', NULL),
	(717, 33, 13, 1, '', '', '', 1, 1, 1, 1, 1, 1, 1, 1, 1, 1, 1, '2015-04-03 20:34:46', '2015-04-03 20:34:46', NULL),
	(718, 33, 14, 1, '', '', '', 1, 1, 1, 1, 1, 1, 1, 1, 1, 1, 1, '2015-04-03 20:34:46', '2015-04-03 20:34:46', NULL),
	(719, 33, 15, 1, '', '', '', 1, 1, 1, 1, 1, 1, 1, 1, 1, 1, 1, '2015-04-03 20:34:46', '2015-04-03 20:34:46', NULL),
	(720, 33, 16, 1, '', '', '', 1, 1, 1, 1, 1, 1, 1, 1, 1, 1, 1, '2015-04-03 20:34:46', '2015-04-03 20:34:46', NULL),
	(721, 33, 17, 1, '', '', '', 1, 1, 1, 1, 1, 1, 1, 1, 1, 1, 1, '2015-04-03 20:34:46', '2015-04-03 20:34:46', NULL),
	(722, 33, 18, 1, '', '', '', 1, 1, 1, 1, 1, 1, 1, 1, 1, 1, 1, '2015-04-03 20:34:46', '2015-04-03 20:34:46', NULL),
	(723, 33, 19, 1, '', '', '', 1, 1, 1, 1, 1, 1, 1, 1, 1, 1, 1, '2015-04-03 20:34:46', '2015-04-03 20:34:46', NULL),
	(724, 33, 20, 1, '', '', '', 1, 1, 1, 1, 1, 1, 1, 1, 1, 1, 1, '2015-04-03 20:34:46', '2015-04-03 20:34:46', NULL),
	(725, 33, 21, 1, '', '', '', 1, 1, 1, 1, 1, 1, 1, 1, 1, 1, 1, '2015-04-03 20:34:46', '2015-04-03 20:34:46', NULL),
	(726, 33, 22, 1, '', '', '', 1, 1, 1, 1, 1, 1, 1, 1, 1, 1, 1, '2015-04-03 20:34:46', '2015-04-03 20:34:46', NULL),
	(727, 34, 1, 1, '', '', '', 1, 1, 1, 1, 1, 1, 1, 1, 1, 1, 1, '2015-04-03 20:34:46', '2015-04-03 20:34:46', NULL),
	(728, 34, 2, 1, '', '', '', 1, 1, 1, 1, 1, 1, 1, 1, 1, 1, 1, '2015-04-03 20:34:46', '2015-04-03 20:34:46', NULL),
	(729, 34, 3, 1, '', '', '', 1, 1, 1, 1, 1, 1, 1, 1, 1, 1, 1, '2015-04-03 20:34:46', '2015-04-03 20:34:46', NULL),
	(730, 34, 4, 1, '', '', '', 1, 1, 1, 1, 1, 1, 1, 1, 1, 1, 1, '2015-04-03 20:34:46', '2015-04-03 20:34:46', NULL),
	(731, 34, 5, 1, '', '', '', 1, 1, 1, 1, 1, 1, 1, 1, 1, 1, 1, '2015-04-03 20:34:46', '2015-04-03 20:34:46', NULL),
	(732, 34, 6, 1, '', '', '', 1, 1, 1, 1, 1, 1, 1, 1, 1, 1, 1, '2015-04-03 20:34:46', '2015-04-03 20:34:46', NULL),
	(733, 34, 7, 1, '', '', '', 1, 1, 1, 1, 1, 1, 1, 1, 1, 1, 1, '2015-04-03 20:34:46', '2015-04-03 20:34:46', NULL),
	(734, 34, 8, 1, '', '', '', 1, 1, 1, 1, 1, 1, 1, 1, 1, 1, 1, '2015-04-03 20:34:46', '2015-04-03 20:34:46', NULL),
	(735, 34, 9, 1, '', '', '', 1, 1, 1, 1, 1, 1, 1, 1, 1, 1, 1, '2015-04-03 20:34:46', '2015-04-03 20:34:46', NULL),
	(736, 34, 10, 1, '', '', '', 1, 1, 1, 1, 1, 1, 1, 1, 1, 1, 1, '2015-04-03 20:34:46', '2015-04-03 20:34:46', NULL),
	(737, 34, 11, 1, '', '', '', 1, 1, 1, 1, 1, 1, 1, 1, 1, 1, 1, '2015-04-03 20:34:46', '2015-04-03 20:34:46', NULL),
	(738, 34, 12, 1, '', '', '', 1, 1, 1, 1, 1, 1, 1, 1, 1, 1, 1, '2015-04-03 20:34:46', '2015-04-03 20:34:46', NULL),
	(739, 34, 13, 1, '', '', '', 1, 1, 1, 1, 1, 1, 1, 1, 1, 1, 1, '2015-04-03 20:34:46', '2015-04-03 20:34:46', NULL),
	(740, 34, 14, 1, '', '', '', 1, 1, 1, 1, 1, 1, 1, 1, 1, 1, 1, '2015-04-03 20:34:46', '2015-04-03 20:34:46', NULL),
	(741, 34, 15, 1, '', '', '', 1, 1, 1, 1, 1, 1, 1, 1, 1, 1, 1, '2015-04-03 20:34:46', '2015-04-03 20:34:46', NULL),
	(742, 34, 16, 1, '', '', '', 1, 1, 1, 1, 1, 1, 1, 1, 1, 1, 1, '2015-04-03 20:34:46', '2015-04-03 20:34:46', NULL),
	(743, 34, 17, 1, '', '', '', 1, 1, 1, 1, 1, 1, 1, 1, 1, 1, 1, '2015-04-03 20:34:46', '2015-04-03 20:34:46', NULL),
	(744, 34, 18, 1, '', '', '', 1, 1, 1, 1, 1, 1, 1, 1, 1, 1, 1, '2015-04-03 20:34:46', '2015-04-03 20:34:46', NULL),
	(745, 34, 19, 1, '', '', '', 1, 1, 1, 1, 1, 1, 1, 1, 1, 1, 1, '2015-04-03 20:34:46', '2015-04-03 20:34:46', NULL),
	(746, 34, 20, 1, '', '', '', 1, 1, 1, 1, 1, 1, 1, 1, 1, 1, 1, '2015-04-03 20:34:46', '2015-04-03 20:34:46', NULL),
	(747, 34, 21, 1, '', '', '', 1, 1, 1, 1, 1, 1, 1, 1, 1, 1, 1, '2015-04-03 20:34:46', '2015-04-03 20:34:46', NULL),
	(748, 34, 22, 1, '', '', '', 1, 1, 1, 1, 1, 1, 1, 1, 1, 1, 1, '2015-04-03 20:34:46', '2015-04-03 20:34:46', NULL),
	(749, 35, 1, 1, '', '', '', 1, 1, 1, 1, 1, 1, 1, 1, 1, 1, 1, '2015-04-03 20:34:46', '2015-04-03 20:34:46', NULL),
	(750, 35, 2, 1, '', '', '', 1, 1, 1, 1, 1, 1, 1, 1, 1, 1, 1, '2015-04-03 20:34:46', '2015-04-03 20:34:46', NULL),
	(751, 35, 3, 1, '', '', '', 1, 1, 1, 1, 1, 1, 1, 1, 1, 1, 1, '2015-04-03 20:34:46', '2015-04-03 20:34:46', NULL),
	(752, 35, 4, 1, '', '', '', 1, 1, 1, 1, 1, 1, 1, 1, 1, 1, 1, '2015-04-03 20:34:46', '2015-04-03 20:34:46', NULL),
	(753, 35, 5, 1, '', '', '', 1, 1, 1, 1, 1, 1, 1, 1, 1, 1, 1, '2015-04-03 20:34:46', '2015-04-03 20:34:46', NULL),
	(754, 35, 6, 1, '', '', '', 1, 1, 1, 1, 1, 1, 1, 1, 1, 1, 1, '2015-04-03 20:34:46', '2015-04-03 20:34:46', NULL),
	(755, 35, 7, 1, '', '', '', 1, 1, 1, 1, 1, 1, 1, 1, 1, 1, 1, '2015-04-03 20:34:46', '2015-04-03 20:34:46', NULL),
	(756, 35, 8, 1, '', '', '', 1, 1, 1, 1, 1, 1, 1, 1, 1, 1, 1, '2015-04-03 20:34:46', '2015-04-03 20:34:46', NULL),
	(757, 35, 9, 1, '', '', '', 1, 1, 1, 1, 1, 1, 1, 1, 1, 1, 1, '2015-04-03 20:34:46', '2015-04-03 20:34:46', NULL),
	(758, 35, 10, 1, '', '', '', 1, 1, 1, 1, 1, 1, 1, 1, 1, 1, 1, '2015-04-03 20:34:46', '2015-04-03 20:34:46', NULL),
	(759, 35, 11, 1, '', '', '', 1, 1, 1, 1, 1, 1, 1, 1, 1, 1, 1, '2015-04-03 20:34:46', '2015-04-03 20:34:46', NULL),
	(760, 35, 12, 1, '', '', '', 1, 1, 1, 1, 1, 1, 1, 1, 1, 1, 1, '2015-04-03 20:34:46', '2015-04-03 20:34:46', NULL),
	(761, 35, 13, 1, '', '', '', 1, 1, 1, 1, 1, 1, 1, 1, 1, 1, 1, '2015-04-03 20:34:46', '2015-04-03 20:34:46', NULL),
	(762, 35, 14, 1, '', '', '', 1, 1, 1, 1, 1, 1, 1, 1, 1, 1, 1, '2015-04-03 20:34:46', '2015-04-03 20:34:46', NULL),
	(763, 35, 15, 1, '', '', '', 1, 1, 1, 1, 1, 1, 1, 1, 1, 1, 1, '2015-04-03 20:34:46', '2015-04-03 20:34:46', NULL),
	(764, 35, 16, 1, '', '', '', 1, 1, 1, 1, 1, 1, 1, 1, 1, 1, 1, '2015-04-03 20:34:46', '2015-04-03 20:34:46', NULL),
	(765, 35, 17, 1, '', '', '', 1, 1, 1, 1, 1, 1, 1, 1, 1, 1, 1, '2015-04-03 20:34:46', '2015-04-03 20:34:46', NULL),
	(766, 35, 18, 1, '', '', '', 1, 1, 1, 1, 1, 1, 1, 1, 1, 1, 1, '2015-04-03 20:34:46', '2015-04-03 20:34:46', NULL),
	(767, 35, 19, 1, '', '', '', 1, 1, 1, 1, 1, 1, 1, 1, 1, 1, 1, '2015-04-03 20:34:46', '2015-04-03 20:34:46', NULL),
	(768, 35, 20, 1, '', '', '', 1, 1, 1, 1, 1, 1, 1, 1, 1, 1, 1, '2015-04-03 20:34:46', '2015-04-03 20:34:46', NULL),
	(769, 35, 21, 1, '', '', '', 1, 1, 1, 1, 1, 1, 1, 1, 1, 1, 1, '2015-04-03 20:34:46', '2015-04-03 20:34:46', NULL),
	(770, 35, 22, 1, '', '', '', 1, 1, 1, 1, 1, 1, 1, 1, 1, 1, 1, '2015-04-03 20:34:46', '2015-04-03 20:34:46', NULL),
	(771, 36, 1, 1, '', '', '', 1, 1, 1, 1, 1, 1, 1, 1, 1, 1, 1, '2015-04-03 20:34:46', '2015-04-03 20:34:46', NULL),
	(772, 36, 2, 1, '', '', '', 1, 1, 1, 1, 1, 1, 1, 1, 1, 1, 1, '2015-04-03 20:34:46', '2015-04-03 20:34:46', NULL),
	(773, 36, 3, 1, '', '', '', 1, 1, 1, 1, 1, 1, 1, 1, 1, 1, 1, '2015-04-03 20:34:46', '2015-04-03 20:34:46', NULL),
	(774, 36, 4, 1, '', '', '', 1, 1, 1, 1, 1, 1, 1, 1, 1, 1, 1, '2015-04-03 20:34:46', '2015-04-03 20:34:46', NULL),
	(775, 36, 5, 1, '', '', '', 1, 1, 1, 1, 1, 1, 1, 1, 1, 1, 1, '2015-04-03 20:34:46', '2015-04-03 20:34:46', NULL),
	(776, 36, 6, 1, '', '', '', 1, 1, 1, 1, 1, 1, 1, 1, 1, 1, 1, '2015-04-03 20:34:46', '2015-04-03 20:34:46', NULL),
	(777, 36, 7, 1, '', '', '', 1, 1, 1, 1, 1, 1, 1, 1, 1, 1, 1, '2015-04-03 20:34:46', '2015-04-03 20:34:46', NULL),
	(778, 36, 8, 1, '', '', '', 1, 1, 1, 1, 1, 1, 1, 1, 1, 1, 1, '2015-04-03 20:34:46', '2015-04-03 20:34:46', NULL),
	(779, 36, 9, 1, '', '', '', 1, 1, 1, 1, 1, 1, 1, 1, 1, 1, 1, '2015-04-03 20:34:46', '2015-04-03 20:34:46', NULL),
	(780, 36, 10, 1, '', '', '', 1, 1, 1, 1, 1, 1, 1, 1, 1, 1, 1, '2015-04-03 20:34:46', '2015-04-03 20:34:46', NULL),
	(781, 36, 11, 1, '', '', '', 1, 1, 1, 1, 1, 1, 1, 1, 1, 1, 1, '2015-04-03 20:34:46', '2015-04-03 20:34:46', NULL),
	(782, 36, 12, 1, '', '', '', 1, 1, 1, 1, 1, 1, 1, 1, 1, 1, 1, '2015-04-03 20:34:46', '2015-04-03 20:34:46', NULL),
	(783, 36, 13, 1, '', '', '', 1, 1, 1, 1, 1, 1, 1, 1, 1, 1, 1, '2015-04-03 20:34:46', '2015-04-03 20:34:46', NULL),
	(784, 36, 14, 1, '', '', '', 1, 1, 1, 1, 1, 1, 1, 1, 1, 1, 1, '2015-04-03 20:34:46', '2015-04-03 20:34:46', NULL),
	(785, 36, 15, 1, '', '', '', 1, 1, 1, 1, 1, 1, 1, 1, 1, 1, 1, '2015-04-03 20:34:46', '2015-04-03 20:34:46', NULL),
	(786, 36, 16, 1, '', '', '', 1, 1, 1, 1, 1, 1, 1, 1, 1, 1, 1, '2015-04-03 20:34:46', '2015-04-03 20:34:46', NULL),
	(787, 36, 17, 1, '', '', '', 1, 1, 1, 1, 1, 1, 1, 1, 1, 1, 1, '2015-04-03 20:34:46', '2015-04-03 20:34:46', NULL),
	(788, 36, 18, 1, '', '', '', 1, 1, 1, 1, 1, 1, 1, 1, 1, 1, 1, '2015-04-03 20:34:46', '2015-04-03 20:34:46', NULL),
	(789, 36, 19, 1, '', '', '', 1, 1, 1, 1, 1, 1, 1, 1, 1, 1, 1, '2015-04-03 20:34:46', '2015-04-03 20:34:46', NULL),
	(790, 36, 20, 1, '', '', '', 1, 1, 1, 1, 1, 1, 1, 1, 1, 1, 1, '2015-04-03 20:34:46', '2015-04-03 20:34:46', NULL),
	(791, 36, 21, 1, '', '', '', 1, 1, 1, 1, 1, 1, 1, 1, 1, 1, 1, '2015-04-03 20:34:46', '2015-04-03 20:34:46', NULL),
	(792, 36, 22, 1, '', '', '', 1, 1, 1, 1, 1, 1, 1, 1, 1, 1, 1, '2015-04-03 20:34:46', '2015-04-03 20:34:46', NULL);
/*!40000 ALTER TABLE `ln_caracteristicas` ENABLE KEYS */;


-- Volcando estructura para tabla siam_scribe.ln_dossiers
CREATE TABLE IF NOT EXISTS `ln_dossiers` (
  `id` int(10) unsigned NOT NULL AUTO_INCREMENT,
  `dossier_id` int(11) NOT NULL,
  `modulo_id` int(11) NOT NULL,
  `doc_dossier_id` int(11) NOT NULL,
  `fec_planeada` date NOT NULL,
  `fec_obs` date NOT NULL,
  `datos_relevantes` varchar(255) COLLATE utf8_unicode_ci NOT NULL,
  `estatus_id` int(11) NOT NULL,
  `usu_alta_id` int(11) NOT NULL,
  `usu_mod_id` int(11) NOT NULL,
  `created_at` timestamp NOT NULL DEFAULT '0000-00-00 00:00:00',
  `updated_at` timestamp NOT NULL DEFAULT '0000-00-00 00:00:00',
  PRIMARY KEY (`id`)
) ENGINE=InnoDB DEFAULT CHARSET=utf8 COLLATE=utf8_unicode_ci;

-- Volcando datos para la tabla siam_scribe.ln_dossiers: ~0 rows (aproximadamente)
/*!40000 ALTER TABLE `ln_dossiers` DISABLE KEYS */;
/*!40000 ALTER TABLE `ln_dossiers` ENABLE KEYS */;


-- Volcando estructura para tabla siam_scribe.manto_docs
CREATE TABLE IF NOT EXISTS `manto_docs` (
  `id` int(10) unsigned NOT NULL AUTO_INCREMENT,
  `mantenimiento_id` int(10) unsigned NOT NULL,
  `documento` varchar(255) COLLATE utf8_unicode_ci NOT NULL,
  `archivo` varchar(255) COLLATE utf8_unicode_ci NOT NULL,
  `usu_alta_id` int(10) unsigned NOT NULL,
  `usu_mod_id` int(10) unsigned NOT NULL,
  `created_at` timestamp NOT NULL DEFAULT '0000-00-00 00:00:00',
  `updated_at` timestamp NOT NULL DEFAULT '0000-00-00 00:00:00',
  `deleted_at` timestamp NULL DEFAULT NULL,
  PRIMARY KEY (`id`),
  KEY `manto_docs_usu_alta_id_foreign` (`usu_alta_id`),
  KEY `manto_docs_usu_mod_id_foreign` (`usu_mod_id`),
  KEY `manto_docs_mantenimiento_id_foreign` (`mantenimiento_id`),
  CONSTRAINT `manto_docs_mantenimiento_id_foreign` FOREIGN KEY (`mantenimiento_id`) REFERENCES `m_mantenimientos` (`id`),
  CONSTRAINT `manto_docs_usu_alta_id_foreign` FOREIGN KEY (`usu_alta_id`) REFERENCES `users` (`id`),
  CONSTRAINT `manto_docs_usu_mod_id_foreign` FOREIGN KEY (`usu_mod_id`) REFERENCES `users` (`id`)
) ENGINE=InnoDB AUTO_INCREMENT=6 DEFAULT CHARSET=utf8 COLLATE=utf8_unicode_ci;

-- Volcando datos para la tabla siam_scribe.manto_docs: ~2 rows (aproximadamente)
/*!40000 ALTER TABLE `manto_docs` DISABLE KEYS */;
INSERT INTO `manto_docs` (`id`, `mantenimiento_id`, `documento`, `archivo`, `usu_alta_id`, `usu_mod_id`, `created_at`, `updated_at`, `deleted_at`) VALUES
	(2, 1, 'doc1', '1720_r.jpg', 1, 1, '2017-02-07 02:59:43', '2017-02-07 02:59:43', NULL),
	(5, 1, 'd2', '10545080_10204419333548907_1265223067_n.jpg', 1, 1, '2017-02-07 03:36:28', '2017-02-07 04:10:41', NULL);
/*!40000 ALTER TABLE `manto_docs` ENABLE KEYS */;


-- Volcando estructura para tabla siam_scribe.matrizs
CREATE TABLE IF NOT EXISTS `matrizs` (
  `id` int(10) unsigned NOT NULL AUTO_INCREMENT,
  `tipo_impacto_id` int(10) unsigned NOT NULL,
  `factor_id` int(10) unsigned NOT NULL,
  `rubro_id` int(10) unsigned NOT NULL,
  `especifico_id` int(10) unsigned NOT NULL,
  `usu_alta_id` int(10) unsigned NOT NULL,
  `usu_mod_id` int(10) unsigned NOT NULL,
  `created_at` timestamp NOT NULL DEFAULT '0000-00-00 00:00:00',
  `updated_at` timestamp NOT NULL DEFAULT '0000-00-00 00:00:00',
  `deleted_at` timestamp NULL DEFAULT NULL,
  PRIMARY KEY (`id`),
  KEY `matrizs_usu_alta_id_foreign` (`usu_alta_id`),
  KEY `matrizs_usu_mod_id_foreign` (`usu_mod_id`),
  KEY `matrizs_especifico_id_foreign` (`especifico_id`),
  KEY `matrizs_rubro_id_foreign` (`rubro_id`),
  KEY `matrizs_factor_id_foreign` (`factor_id`),
  KEY `matrizs_tipo_impacto_id_foreign` (`tipo_impacto_id`),
  CONSTRAINT `matrizs_especifico_id_foreign` FOREIGN KEY (`especifico_id`) REFERENCES `especificos` (`id`),
  CONSTRAINT `matrizs_factor_id_foreign` FOREIGN KEY (`factor_id`) REFERENCES `factors` (`id`),
  CONSTRAINT `matrizs_rubro_id_foreign` FOREIGN KEY (`rubro_id`) REFERENCES `rubros` (`id`),
  CONSTRAINT `matrizs_tipo_impacto_id_foreign` FOREIGN KEY (`tipo_impacto_id`) REFERENCES `tipo_impactos` (`id`),
  CONSTRAINT `matrizs_usu_alta_id_foreign` FOREIGN KEY (`usu_alta_id`) REFERENCES `users` (`id`),
  CONSTRAINT `matrizs_usu_mod_id_foreign` FOREIGN KEY (`usu_mod_id`) REFERENCES `users` (`id`)
) ENGINE=InnoDB AUTO_INCREMENT=20 DEFAULT CHARSET=utf8 COLLATE=utf8_unicode_ci;

-- Volcando datos para la tabla siam_scribe.matrizs: ~19 rows (aproximadamente)
/*!40000 ALTER TABLE `matrizs` DISABLE KEYS */;
INSERT INTO `matrizs` (`id`, `tipo_impacto_id`, `factor_id`, `rubro_id`, `especifico_id`, `usu_alta_id`, `usu_mod_id`, `created_at`, `updated_at`, `deleted_at`) VALUES
	(1, 1, 1, 1, 1, 1, 1, '2014-10-07 16:45:49', '2014-10-07 16:52:31', NULL),
	(2, 1, 1, 2, 2, 1, 1, '0000-00-00 00:00:00', '0000-00-00 00:00:00', NULL),
	(3, 1, 1, 2, 3, 1, 1, '0000-00-00 00:00:00', '0000-00-00 00:00:00', NULL),
	(4, 1, 1, 2, 4, 1, 1, '0000-00-00 00:00:00', '0000-00-00 00:00:00', NULL),
	(5, 1, 1, 3, 5, 1, 1, '0000-00-00 00:00:00', '0000-00-00 00:00:00', NULL),
	(6, 1, 1, 3, 6, 1, 1, '0000-00-00 00:00:00', '0000-00-00 00:00:00', NULL),
	(7, 1, 1, 4, 7, 1, 1, '0000-00-00 00:00:00', '0000-00-00 00:00:00', NULL),
	(8, 1, 1, 4, 8, 1, 1, '0000-00-00 00:00:00', '0000-00-00 00:00:00', NULL),
	(9, 1, 2, 5, 9, 1, 1, '0000-00-00 00:00:00', '0000-00-00 00:00:00', NULL),
	(10, 1, 2, 5, 10, 1, 1, '0000-00-00 00:00:00', '2014-10-14 18:25:25', NULL),
	(11, 1, 2, 5, 11, 1, 1, '0000-00-00 00:00:00', '0000-00-00 00:00:00', NULL),
	(12, 1, 2, 5, 12, 1, 1, '0000-00-00 00:00:00', '0000-00-00 00:00:00', NULL),
	(13, 1, 2, 6, 13, 1, 1, '0000-00-00 00:00:00', '0000-00-00 00:00:00', NULL),
	(14, 1, 2, 6, 14, 1, 1, '0000-00-00 00:00:00', '0000-00-00 00:00:00', NULL),
	(15, 1, 2, 6, 15, 1, 1, '0000-00-00 00:00:00', '0000-00-00 00:00:00', NULL),
	(16, 1, 2, 6, 16, 1, 1, '0000-00-00 00:00:00', '0000-00-00 00:00:00', NULL),
	(17, 1, 2, 7, 17, 1, 1, '0000-00-00 00:00:00', '0000-00-00 00:00:00', NULL),
	(18, 1, 2, 7, 18, 1, 1, '0000-00-00 00:00:00', '0000-00-00 00:00:00', NULL),
	(19, 2, 1, 1, 1, 5, 5, '2014-10-10 19:02:06', '2014-10-10 19:02:06', NULL);
/*!40000 ALTER TABLE `matrizs` ENABLE KEYS */;


-- Volcando estructura para tabla siam_scribe.mchecks
CREATE TABLE IF NOT EXISTS `mchecks` (
  `id` int(10) unsigned NOT NULL AUTO_INCREMENT,
  `a_chequeo` int(10) unsigned NOT NULL,
  `norma_id` int(10) unsigned NOT NULL,
  `no_conformidad` varchar(500) COLLATE utf8_unicode_ci NOT NULL,
  `correccion` varchar(500) COLLATE utf8_unicode_ci NOT NULL,
  `requisito` varchar(500) COLLATE utf8_unicode_ci NOT NULL,
  `rnc` varchar(255) COLLATE utf8_unicode_ci NOT NULL,
  `minimo_vsm` decimal(8,2) NOT NULL,
  `maximo_vsm` decimal(8,2) NOT NULL,
  `orden` int(11) NOT NULL,
  `usu_alta_id` int(10) unsigned NOT NULL,
  `usu_mod_id` int(10) unsigned NOT NULL,
  `created_at` timestamp NOT NULL DEFAULT '0000-00-00 00:00:00',
  `updated_at` timestamp NOT NULL DEFAULT '0000-00-00 00:00:00',
  `deleted_at` timestamp NULL DEFAULT NULL,
  PRIMARY KEY (`id`),
  KEY `mchecks_usu_alta_id_foreign` (`usu_alta_id`),
  KEY `mchecks_usu_mod_id_foreign` (`usu_mod_id`),
  KEY `mchecks_a_chequeo_foreign` (`a_chequeo`),
  KEY `mchecks_norma_id_foreign` (`norma_id`),
  CONSTRAINT `mchecks_a_chequeo_foreign` FOREIGN KEY (`a_chequeo`) REFERENCES `achecks` (`id`),
  CONSTRAINT `mchecks_norma_id_foreign` FOREIGN KEY (`norma_id`) REFERENCES `normas` (`id`),
  CONSTRAINT `mchecks_usu_alta_id_foreign` FOREIGN KEY (`usu_alta_id`) REFERENCES `users` (`id`),
  CONSTRAINT `mchecks_usu_mod_id_foreign` FOREIGN KEY (`usu_mod_id`) REFERENCES `users` (`id`)
) ENGINE=InnoDB AUTO_INCREMENT=858 DEFAULT CHARSET=utf8 COLLATE=utf8_unicode_ci;

-- Volcando datos para la tabla siam_scribe.mchecks: ~857 rows (aproximadamente)
/*!40000 ALTER TABLE `mchecks` DISABLE KEYS */;
INSERT INTO `mchecks` (`id`, `a_chequeo`, `norma_id`, `no_conformidad`, `correccion`, `requisito`, `rnc`, `minimo_vsm`, `maximo_vsm`, `orden`, `usu_alta_id`, `usu_mod_id`, `created_at`, `updated_at`, `deleted_at`) VALUES
	(1, 1, 1, 'Default', 'Default', '5.1 Mostrar a la autoridad del trabajo, cuando asi lo solicite, los documentos que la presente Norma le obligue a elaborar o poseer', 'fracc. 5.1, Inc. . ,  NOM-006-STPS-2000', 200.00, 600.00, 1, 1, 1, '0000-00-00 00:00:00', '0000-00-00 00:00:00', NULL),
	(2, 1, 1, 'Default', 'Default', '5.2 Informar a los trabajadores de los riesgos potenciales a que se enfrentan por el manejo de materiales. Dicha informacion debe contener como elementos los factores y condiciones peligrosas delcentro de trabajo que puedan afectar su salud o integridad fisica, y considerar, en la carga manual de materiales, al menos su peso, forma y dimensiones, y en el manejo con maquinaria, al menos lo siguiente:', 'fracc. 5.2, Inc. . ,  NOM-006-STPS-2000', 200.00, 600.00, 2, 1, 1, '0000-00-00 00:00:00', '0000-00-00 00:00:00', NULL),
	(3, 1, 1, 'Default', 'Default', 'a) el estado de la materia;', 'fracc. 5.2, Inc.a. ,  NOM-006-STPS-2000', 200.00, 600.00, 3, 1, 1, '0000-00-00 00:00:00', '0000-00-00 00:00:00', NULL),
	(4, 1, 1, 'Default', 'Default', 'b) la presentacion de la materia, que puede ser:', 'fracc. 5.2, Inc.b. ,  NOM-006-STPS-2000', 200.00, 600.00, 4, 1, 1, '0000-00-00 00:00:00', '0000-00-00 00:00:00', NULL),
	(5, 1, 1, 'Default', 'Default', '1) a granel;', 'fracc. 5.2, Inc.b.1,  NOM-006-STPS-2000', 200.00, 600.00, 5, 1, 1, '0000-00-00 00:00:00', '0000-00-00 00:00:00', NULL),
	(6, 1, 1, 'Default', 'Default', '2) por pieza suelta;', 'fracc. 5.2, Inc.b.2,  NOM-006-STPS-2000', 200.00, 600.00, 6, 1, 1, '0000-00-00 00:00:00', '0000-00-00 00:00:00', NULL),
	(7, 1, 1, 'Default', 'Default', '3) envasada;', 'fracc. 5.2, Inc.b.3,  NOM-006-STPS-2000', 200.00, 600.00, 7, 1, 1, '0000-00-00 00:00:00', '0000-00-00 00:00:00', NULL),
	(8, 1, 1, 'Default', 'Default', '4) empacada;', 'fracc. 5.2, Inc.b.4,  NOM-006-STPS-2000', 200.00, 600.00, 8, 1, 1, '0000-00-00 00:00:00', '0000-00-00 00:00:00', NULL),
	(9, 1, 1, 'Default', 'Default', '5) en contenedores;', 'fracc. 5.2, Inc.b.5,  NOM-006-STPS-2000', 200.00, 600.00, 9, 1, 1, '0000-00-00 00:00:00', '0000-00-00 00:00:00', NULL),
	(10, 1, 1, 'Default', 'Default', 'c) la maquinaria empleada;', 'fracc. 5.2, Inc.c . ,  NOM-006-STPS-2000', 200.00, 600.00, 10, 1, 1, '0000-00-00 00:00:00', '0000-00-00 00:00:00', NULL),
	(11, 1, 1, 'Default', 'Default', 'd) el procedimiento de carga;', 'fracc. 5.2, Inc.d. ,  NOM-006-STPS-2000', 200.00, 600.00, 11, 1, 1, '0000-00-00 00:00:00', '0000-00-00 00:00:00', NULL),
	(12, 1, 1, 'Default', 'Default', 'e) la estabilidad de los materiales o contenedores;', 'fracc. 5.2, Inc.e. ,  NOM-006-STPS-2000', 200.00, 600.00, 12, 1, 1, '0000-00-00 00:00:00', '0000-00-00 00:00:00', NULL),
	(13, 1, 1, 'Default', 'Default', 'f) la altura de la estiba;', 'fracc. 5.2, Inc.f. ,  NOM-006-STPS-2000', 200.00, 600.00, 13, 1, 1, '0000-00-00 00:00:00', '0000-00-00 00:00:00', NULL),
	(14, 1, 1, 'Default', 'Default', 'g) el peso, forma y dimensiones de los materiales o contenedores;', 'fracc. 5.2, Inc.g. ,  NOM-006-STPS-2000', 200.00, 600.00, 14, 1, 1, '0000-00-00 00:00:00', '0000-00-00 00:00:00', NULL),
	(15, 1, 1, 'Default', 'Default', 'h) los elementos de sujecion de los materiales o contenedores.', 'fracc. 5.2, Inc.h. ,  NOM-006-STPS-2000', 200.00, 600.00, 15, 1, 1, '0000-00-00 00:00:00', '0000-00-00 00:00:00', NULL),
	(16, 1, 1, 'Default', 'Default', '5.3 Contar con un listado actualizado de los trabajadores autorizados y capacitados para la instalacion, operacion y mantenimiento de la maquinaria utilizada para el manejo de materiales, cuando por el riesgo que puedan generar asi se requiera. Lo anterior, de acuerdo a los procedimientos de seguridad e higiene a que se refiere el capitulo 7.', 'fracc. 5.3, Inc. . ,  NOM-006-STPS-2000', 200.00, 600.00, 16, 1, 1, '0000-00-00 00:00:00', '0000-00-00 00:00:00', NULL),
	(17, 1, 1, 'Default', 'Default', '5.4 Contar con los procedimientos de seguridad e higiene, escritos en idioma espa', 'fracc. 5.4, Inc. . ,  NOM-006-STPS-2000', 200.00, 600.00, 17, 1, 1, '0000-00-00 00:00:00', '0000-00-00 00:00:00', NULL),
	(18, 1, 1, 'Default', 'Default', '5.5 Contar con un codigo de se', 'fracc. 5.5, Inc. . ,  NOM-006-STPS-2000', 200.00, 600.00, 18, 1, 1, '0000-00-00 00:00:00', '0000-00-00 00:00:00', NULL),
	(19, 1, 1, 'Default', 'Default', '5.6 Dotar a los trabajadores del equipo de proteccion personal especifico, de acuerdo al riesgo al que se exponen, y capacitarlos en su uso y mantenimiento. Lo anterior, de acuerdo a lo establecido en la NOM-017-STPS-1993.', 'fracc. 5.6, Inc. . ,  NOM-006-STPS-2000', 200.00, 600.00, 19, 1, 1, '0000-00-00 00:00:00', '0000-00-00 00:00:00', NULL),
	(20, 1, 1, 'Default', 'Default', '5.7 Mantener las areas de trabajo libres de obstaculos y los suelos limpios. Las estibas no deben obstaculizar la iluminacion y ventilacion en las zonas en que estas se requieran.', 'fracc. 5.7, Inc. . ,  NOM-006-STPS-2000', 200.00, 600.00, 20, 1, 1, '0000-00-00 00:00:00', '0000-00-00 00:00:00', NULL),
	(21, 1, 1, 'Default', 'Default', '5.8 Contar al menos con botiquin, manual y personal capacitado para prestar los primeros auxilios. Lo anterior, de acuerdo al tipo de riesgos a que se exponen los trabajadores que realizan manejo de materiales.', 'fracc. 5.8, Inc. . ,  NOM-006-STPS-2000', 200.00, 600.00, 21, 1, 1, '0000-00-00 00:00:00', '0000-00-00 00:00:00', NULL),
	(22, 1, 1, 'Default', 'Default', '5.9 Contar con personal equipado y capacitado para realizar actividades de rescate y salvamento de conformidad a lo que establece el capitulo 7, en aquellos lugares donde se realice manejo de materiales con maquinaria y donde exista el riesgo de caida al agua. La cantidad de dicho personal debe determinarse en funcion del numero de trabajadores expuestos al riesgo.', 'fracc. 5.9, Inc. . ,  NOM-006-STPS-2000', 200.00, 600.00, 22, 1, 1, '0000-00-00 00:00:00', '0000-00-00 00:00:00', NULL),
	(23, 1, 1, 'Default', 'Default', '5.10 Someter a mantenimiento preventivo la maquinaria y sus accesorios empleados en el manejo de materiales, y registrarlo en apego a un programa que se establezca en funcion de las recomendaciones del fabricante, de las condiciones de operacion y de los resultados de las revisiones que se le realicen, de acuerdo a los procedimientos de seguridad e higiene a que se refiere el capitulo 7.', 'fracc. 5.10, Inc. . ,  NOM-006-STPS-2000', 200.00, 600.00, 23, 1, 1, '0000-00-00 00:00:00', '0000-00-00 00:00:00', NULL),
	(24, 1, 1, 'Default', 'Default', '5.11 Contar con el registro de la vigilancia a la salud de los trabajadores, que en las actividades de carga manual de materiales esten expuestos a sobreesfuerzo muscular o postural, de conformidad con lo establecido en los procedimientos a que se refieren los apartados 8.2 y 8.3.', 'fracc. 5.11, Inc. . ,  NOM-006-STPS-2000', 200.00, 600.00, 24, 1, 1, '0000-00-00 00:00:00', '0000-00-00 00:00:00', NULL),
	(25, 1, 1, 'Default', 'Default', '6 Obligaciones de los trabajadores', 'fracc. 6.0, Inc. . ,  NOM-006-STPS-2000', 200.00, 600.00, 25, 1, 1, '0000-00-00 00:00:00', '0000-00-00 00:00:00', NULL),
	(26, 1, 1, 'Default', 'Default', '6.1 Participar en la capacitacion que les proporcione el patron.', 'fracc. 6.1, Inc. . ,  NOM-006-STPS-2000', 200.00, 600.00, 26, 1, 1, '0000-00-00 00:00:00', '0000-00-00 00:00:00', NULL),
	(27, 1, 1, 'Default', 'Default', '6.2 lnstalar, operar y dar mantenimiento, unicamente a la maquinaria para la que esten autorizados por el patron y de acuerdo a los procedimientos de seguridad e higiene.', 'fracc. 6.2, Inc. . ,  NOM-006-STPS-2000', 200.00, 600.00, 27, 1, 1, '0000-00-00 00:00:00', '0000-00-00 00:00:00', NULL),
	(28, 1, 1, 'Default', 'Default', '6.3 Reportar al patron y a la comision de seguridad e higiene las situaciones de riesgo que detecten, que no puedan corregir por si mismos y que pongan en peligro su integridad fisica, la de otros trabajadores, o a las instalaciones del centro de trabajo.', 'fracc. 6.3, Inc. . ,  NOM-006-STPS-2000', 200.00, 600.00, 28, 1, 1, '0000-00-00 00:00:00', '0000-00-00 00:00:00', NULL),
	(29, 1, 1, 'Default', 'Default', '6.4 Utilizar el equipo de proteccion personal, de acuerdo a las instrucciones de uso y mantenimiento proporcionadas por el patron.', 'fracc. 6.4, Inc. . ,  NOM-006-STPS-2000', 200.00, 600.00, 29, 1, 1, '0000-00-00 00:00:00', '0000-00-00 00:00:00', NULL),
	(30, 1, 1, 'Default', 'Default', '6.5 No alterar, suprimir u omitir los dispositivos, sistemas o procedimientos de seguridad e higiene establecidos por el patron.', 'fracc. 6.5, Inc. . ,  NOM-006-STPS-2000', 200.00, 600.00, 30, 1, 1, '0000-00-00 00:00:00', '0000-00-00 00:00:00', NULL),
	(31, 1, 1, 'Default', 'Default', '6.6 Someterse, en funcion al riesgo al que estan expuestos, a los examenes medicos que indique el patron.', 'fracc. 6.6, Inc. . ,  NOM-006-STPS-2000', 200.00, 600.00, 31, 1, 1, '0000-00-00 00:00:00', '0000-00-00 00:00:00', NULL),
	(32, 1, 1, 'Default', 'Default', '7 Procedimientos de seguridad e higiene Para instalar, operar o dar mantenimiento a la maquinaria, los procedimientos de seguridad e higiene deben contener, como minimo, lo siguiente:', 'fracc. 7., Inc..,  NOM-006-STPS-2000', 200.00, 600.00, 32, 1, 1, '0000-00-00 00:00:00', '0000-00-00 00:00:00', NULL),
	(33, 1, 1, 'Default', 'Default', '7.1 Para polipastos y malacates, segun aplique, al menos instrucciones para que:', 'fracc. 7.1, Inc..,  NOM-006-STPS-2000', 200.00, 600.00, 33, 1, 1, '0000-00-00 00:00:00', '0000-00-00 00:00:00', NULL),
	(34, 1, 1, 'Default', 'Default', 'a) en la instalacion se tomen en consideracion las recomendaciones del fabricante;', 'fracc. 7.1, Inc.a.,  NOM-006-STPS-2000', 200.00, 600.00, 34, 1, 1, '0000-00-00 00:00:00', '0000-00-00 00:00:00', NULL),
	(35, 1, 1, 'Default', 'Default', 'b) se revise su instalacion y sus partes, a fin de detectar signos de ruptura, fatiga, deformacion u otra condicion que pudiera generar riesgos a los trabajadores o a las instalaciones, de acuerdo con el programa de mantenimiento que para tal efecto se establezca con las recomendaciones del fabricante. Se recomienda ver la Guia de Referencia I, no obligatoria;', 'fracc. 7.1, Inc.b.,  NOM-006-STPS-2000', 200.00, 600.00, 35, 1, 1, '0000-00-00 00:00:00', '0000-00-00 00:00:00', NULL),
	(36, 1, 1, 'Default', 'Default', 'c) se evite que la ubicacion y puntos de anclaje constituyan un factor de riesgo;', 'fracc. 7.1, Inc.c.,  NOM-006-STPS-2000', 200.00, 600.00, 36, 1, 1, '0000-00-00 00:00:00', '0000-00-00 00:00:00', NULL),
	(37, 1, 1, 'Default', 'Default', 'd) cuando el cable este sujeto a tension, no roce contra superficies que lo puedan cortar o da', 'fracc. 7.1, Incd..,  NOM-006-STPS-2000', 200.00, 600.00, 37, 1, 1, '0000-00-00 00:00:00', '0000-00-00 00:00:00', NULL),
	(38, 1, 1, 'Default', 'Default', 'e) se provea el libre acceso y el espacio necesario para su operacion;', 'fracc. 7.1, Inc.e.,  NOM-006-STPS-2000', 200.00, 600.00, 38, 1, 1, '0000-00-00 00:00:00', '0000-00-00 00:00:00', NULL),
	(39, 1, 1, 'Default', 'Default', 'f) al montar un polipasto sobre un carro monorriel, se verifique que esten instalados los topes en los limites del area de operacion;', 'fracc. 7.1, Inc.f.,  NOM-006-STPS-2000', 200.00, 600.00, 39, 1, 1, '0000-00-00 00:00:00', '0000-00-00 00:00:00', NULL),
	(40, 1, 1, 'Default', 'Default', 'g) se verifique que todos los tornillos y tuercas esten correctamente apretados; 50 DIARIO OFICIAL viernes 09 de marzo de 2001', 'fracc. 7.1, Inc.g.,  NOM-006-STPS-2000', 200.00, 600.00, 40, 1, 1, '0000-00-00 00:00:00', '0000-00-00 00:00:00', NULL),
	(41, 1, 1, 'Default', 'Default', 'h) se verifique que todo polipasto electrico este conectado a tierra, de acuerdo a lo establecido en el capitulo 610. G de la NOM-001-SEDE-1999;', 'fracc. 7.1, Inc.h.,  NOM-006-STPS-2000', 200.00, 600.00, 41, 1, 1, '0000-00-00 00:00:00', '0000-00-00 00:00:00', NULL),
	(42, 1, 1, 'Default', 'Default', 'i) en la instalacion, se consideren al menos y, segun sea el caso, los puntos siguientes:', 'fracc. 7.1, Inc.i.,  NOM-006-STPS-2000', 200.00, 600.00, 42, 1, 1, '0000-00-00 00:00:00', '0000-00-00 00:00:00', NULL),
	(43, 1, 1, 'Default', 'Default', '1) fijacion en el carro;', 'fracc. 7.1, Inc.i.1,  NOM-006-STPS-2000', 200.00, 600.00, 43, 1, 1, '0000-00-00 00:00:00', '0000-00-00 00:00:00', NULL),
	(44, 1, 1, 'Default', 'Default', '2) ensamble y desensamble;', 'fracc. 7.1, Inc.i.2,  NOM-006-STPS-2000', 200.00, 600.00, 44, 1, 1, '0000-00-00 00:00:00', '0000-00-00 00:00:00', NULL),
	(45, 1, 1, 'Default', 'Default', '3) montaje y suspension del cable o cadena;', 'fracc. 7.1, Inc.i.3,  NOM-006-STPS-2000', 200.00, 600.00, 45, 1, 1, '0000-00-00 00:00:00', '0000-00-00 00:00:00', NULL),
	(46, 1, 1, 'Default', 'Default', '4) fijacion de la caja receptora;', 'fracc. 7.1, Inc.i.4,  NOM-006-STPS-2000', 200.00, 600.00, 46, 1, 1, '0000-00-00 00:00:00', '0000-00-00 00:00:00', NULL),
	(47, 1, 1, 'Default', 'Default', '5) alimentacion de energia, incluyendo los diagramas electricos;', 'fracc. 7.1, Inc.i.5,  NOM-006-STPS-2000', 200.00, 600.00, 47, 1, 1, '0000-00-00 00:00:00', '0000-00-00 00:00:00', NULL),
	(48, 1, 1, 'Default', 'Default', 'j) la CMU no sea excedida, este marcada en el polipasto y sea legible;', 'fracc. 7.1, Inc.j.,  NOM-006-STPS-2000', 200.00, 600.00, 48, 1, 1, '0000-00-00 00:00:00', '0000-00-00 00:00:00', NULL),
	(49, 1, 1, 'Default', 'Default', 'k) en los polipastos electricos, la tension electrica este indicada en la placa de datos;', 'fracc. 7.1, Inc.k.,  NOM-006-STPS-2000', 200.00, 600.00, 49, 1, 1, '0000-00-00 00:00:00', '0000-00-00 00:00:00', NULL),
	(50, 1, 1, 'Default', 'Default', 'l) en los polipastos neumaticos se use la presion de aire indicada en la placa de datos;', 'fracc. 7.1, Inc.l.,  NOM-006-STPS-2000', 200.00, 600.00, 50, 1, 1, '0000-00-00 00:00:00', '0000-00-00 00:00:00', NULL),
	(51, 1, 1, 'Default', 'Default', 'm) en los malacates de tambor se cumpla ademas con lo siguiente: el numero de vueltas del cable alrededor del tambor, sea al menos de dos al estar totalmente maniobra;desenrollado; la diferencia del diametro exterior del lateral al diametro maximo de enrollamiento del cable, sea cuando menos cuatro veces; la bajada de la carga sea asegurada accionando el freno, previniendo toda falsa maniobra;', 'fracc. 7.1, Inc.m.,  NOM-006-STPS-2000', 200.00, 600.00, 51, 1, 1, '0000-00-00 00:00:00', '0000-00-00 00:00:00', NULL),
	(52, 1, 1, 'Default', 'Default', 'n) se opere solo cuando haya sido revisado antes de iniciar la jornada;', 'fracc. 7.1, Inc.n.,  NOM-006-STPS-2000', 200.00, 600.00, 52, 1, 1, '0000-00-00 00:00:00', '0000-00-00 00:00:00', NULL),
	(53, 1, 1, 'Default', 'Default', 'o) no se ejerza una traccion oblicua mayor a 4', 'fracc. 7.1, Inc.o.,  NOM-006-STPS-2000', 200.00, 600.00, 53, 1, 1, '0000-00-00 00:00:00', '0000-00-00 00:00:00', NULL),
	(54, 1, 1, 'Default', 'Default', 'p) sea realizada de manera coordinada la utilizacion simultanea de dos o mas polipastos manuales para levantar una misma carga;', 'fracc. 7.1, Inc.p.,  NOM-006-STPS-2000', 200.00, 600.00, 54, 1, 1, '0000-00-00 00:00:00', '0000-00-00 00:00:00', NULL),
	(55, 1, 1, 'Default', 'Default', 'q) cuando se pongan en marcha, la carga no oscile durante su movimiento y sea mantenida a la menor altura posible;', 'fracc. 7.1, Inc.q.,  NOM-006-STPS-2000', 200.00, 600.00, 55, 1, 1, '0000-00-00 00:00:00', '0000-00-00 00:00:00', NULL),
	(56, 1, 1, 'Default', 'Default', 'r) cuando la temperatura del medio ambiente sea inferior a -15', 'fracc. 7.1, Inc.r.,  NOM-006-STPS-2000', 200.00, 600.00, 56, 1, 1, '0000-00-00 00:00:00', '0000-00-00 00:00:00', NULL),
	(57, 1, 1, 'Default', 'Default', 's) cuando el polipasto de accionamiento manual sea puesto en reposo, este quede suspendido y la cadena de mando sea enrollada a la cadena de carga para evitar accionamientos involuntarios;', 'fracc. 7.1, Inc.s.,  NOM-006-STPS-2000', 200.00, 600.00, 57, 1, 1, '0000-00-00 00:00:00', '0000-00-00 00:00:00', NULL),
	(58, 1, 1, 'Default', 'Default', 't) no se rebase el maximo de arranques por hora ni el tiempo maximo de operacion especificados por el fabricante;', 'fracc. 7.1, Inc.t.,  NOM-006-STPS-2000', 200.00, 600.00, 58, 1, 1, '0000-00-00 00:00:00', '0000-00-00 00:00:00', NULL),
	(59, 1, 1, 'Default', 'Default', 'u) en los malacates de tambor de accionamiento manual, se cuente con un responsable a cargo de accionar el trinquete de retencion;', 'fracc. 7.1, Inc.u.,  NOM-006-STPS-2000', 200.00, 600.00, 59, 1, 1, '0000-00-00 00:00:00', '0000-00-00 00:00:00', NULL),
	(60, 1, 1, 'Default', 'Default', 'v) se evite que la eslinga se instale en la nariz o punta de los ganchos de anclaje y carga;', 'fracc. 7.1, Inc.v.,  NOM-006-STPS-2000', 200.00, 600.00, 60, 1, 1, '0000-00-00 00:00:00', '0000-00-00 00:00:00', NULL),
	(61, 1, 1, 'Default', 'Default', 'w) el amarre sea de tal forma que la carga quede equilibrada;', 'fracc. 7.1, Inc.w.,  NOM-006-STPS-2000', 200.00, 600.00, 61, 1, 1, '0000-00-00 00:00:00', '0000-00-00 00:00:00', NULL),
	(62, 1, 1, 'Default', 'Default', 'x) cuando el esfuerzo manual sea excesivo para operar la cadena de maniobra, manivelas o palancas de traccion, se suspenda el levantamiento de inmediato y se revise el equipo, y que la carga no rebase la CMU;', 'fracc. 7.1, Inc.x.,  NOM-006-STPS-2000', 200.00, 600.00, 62, 1, 1, '0000-00-00 00:00:00', '0000-00-00 00:00:00', NULL),
	(63, 1, 1, 'Default', 'Default', 'y) se determine la periodicidad de las inspecciones para: cadena de carga y de mando o palanca, sistema electrico, terminales, interruptor limite, caja receptora, nueces, frenos, ganchos, engranajes, motor y carcaza;', 'fracc. 7.1, Inc.y.,  NOM-006-STPS-2000', 200.00, 600.00, 63, 1, 1, '0000-00-00 00:00:00', '0000-00-00 00:00:00', NULL),
	(64, 1, 1, 'Default', 'Default', 'z) se realicen las inspecciones a cables, bielas, bloques de las mordazas y ganchos de apoyo de los malacates de accionamiento manual y motorizado;', 'fracc. 7.1, Inc.z.,  NOM-006-STPS-2000', 200.00, 600.00, 64, 1, 1, '0000-00-00 00:00:00', '0000-00-00 00:00:00', NULL),
	(65, 1, 1, 'Default', 'Default', 'aa) cuando un polipasto o malacate sea modificado, se proporcione a los trabajadores la informacion necesaria para preservar las condiciones de seguridad;', 'fracc. 7.1, Inc.aa.,  NOM-006-STPS-2000', 200.00, 600.00, 65, 1, 1, '0000-00-00 00:00:00', '0000-00-00 00:00:00', NULL),
	(66, 1, 1, 'Default', 'Default', 'bb) cuando se sustituya el cable, se haga con otro del tipo y caracteristicas originales;', 'fracc. 7.1, Inc.bb.,  NOM-006-STPS-2000', 200.00, 600.00, 66, 1, 1, '0000-00-00 00:00:00', '0000-00-00 00:00:00', NULL),
	(67, 1, 1, 'Default', 'Default', 'cc) los cables se guarden bajo techo y se evite el contacto de estos con humedad, gases y sustancias que puedan corroerlos; 50 DIARIO OFICIAL viernes 09 de marzo de 2001', 'fracc. 7.1, Inc.cc.,  NOM-006-STPS-2000', 200.00, 600.00, 67, 1, 1, '0000-00-00 00:00:00', '0000-00-00 00:00:00', NULL),
	(68, 1, 1, 'Default', 'Default', 'dd) se inspeccione y lubrique periodicamente el cable, conforme a las recomendaciones del fabricante;', 'fracc. 7.1, Inc.dd.,  NOM-006-STPS-2000', 200.00, 600.00, 68, 1, 1, '0000-00-00 00:00:00', '0000-00-00 00:00:00', NULL),
	(69, 1, 1, 'Default', 'Default', 'ee) se incluya una tabla para la reparacion de fallas, su posible causa y la solucion recomendada;', 'fracc. 7.1, Inc.ee.,  NOM-006-STPS-2000', 200.00, 600.00, 69, 1, 1, '0000-00-00 00:00:00', '0000-00-00 00:00:00', NULL),
	(70, 1, 1, 'Default', 'Default', 'ff) el cable sea reemplazado cuando se presente cualquiera de las siguientes condiciones: doce alambres rotos de manera aleatoria en un mismo toron por cada caida del cable; desgaste de mas de un tercio del diametro original de los alambres individuales exteriores en cualquier seccion del cable; cuando se presente: retorcimiento, cocas, bucles, aplastamiento, evidencia de da', 'fracc. 7.1, Inc.ff.,  NOM-006-STPS-2000', 200.00, 600.00, 70, 1, 1, '0000-00-00 00:00:00', '0000-00-00 00:00:00', NULL),
	(71, 1, 1, 'Default', 'Default', 'gg) el mantenimiento de la cadena de carga, comprenda al menos que: cuando asi se requiera, sea sustituida por una cadena que cumpla con las especificaciones originales del fabricante; sea retirada inmediatamente del servicio si existen uno o mas eslabones aplastados, torcidos, alargados, rotos, desgastados o fisurados; asiente correctamente en las nueces; sea medida en secciones de no mas de 11 eslabones y, cuando se detecte que ha sufrido un alargamiento superior al 5% en cualquier seccion, o ', 'fracc. 7.1, Inc.gg.,  NOM-006-STPS-2000', 200.00, 600.00, 71, 1, 1, '0000-00-00 00:00:00', '0000-00-00 00:00:00', NULL),
	(72, 1, 1, 'Default', 'Default', 'hh) el mantenimiento electrico de polipastos y malacates comprenda al menos que: antes de realizar cualquier actividad, se haga el bloqueo de energia segun lo establecido en la NOM-004-STPS- 1999; las conexiones de los cables y terminales cumplan con las especificaciones del fabricante; se verifique que el funcionamiento de cada interruptor se encuentre en relacion a la CMU, y cuando sea necesario se efectue su calibracion; se compruebe el libre funcionamiento de las teclas de la botonera, verif', 'fracc. 7.1, Inc.hh.,  NOM-006-STPS-2000', 200.00, 600.00, 72, 1, 1, '0000-00-00 00:00:00', '0000-00-00 00:00:00', NULL),
	(73, 1, 1, 'Default', 'Default', 'ii) la lubricacion de polipastos de accionamiento motorizado, comprenda al menos que se verifique que los niveles de aceite se encuentren conforme a las especificaciones del fabricante;', 'fracc. 7.1, Inc.ii.,  NOM-006-STPS-2000', 200.00, 600.00, 73, 1, 1, '0000-00-00 00:00:00', '0000-00-00 00:00:00', NULL),
	(74, 1, 1, 'Default', 'Default', 'jj) se cambie el aceite de la caja de engranajes de acuerdo a las especificaciones del fabricante;', 'fracc. 7.1, Inc.jj.,  NOM-006-STPS-2000', 200.00, 600.00, 74, 1, 1, '0000-00-00 00:00:00', '0000-00-00 00:00:00', NULL),
	(75, 1, 1, 'Default', 'Default', 'kk) se mantenga limpio el sistema de frenado y de embrague;', 'fracc. 7.1, Inc.kk.,  NOM-006-STPS-2000', 200.00, 600.00, 75, 1, 1, '0000-00-00 00:00:00', '0000-00-00 00:00:00', NULL),
	(76, 1, 1, 'Default', 'Default', 'll) en los malacates de tambor, tanto los engranes como el sistema de frenado y el trinquete se mantengan engrasados, de acuerdo a las especificaciones del fabricante;', 'fracc. 7.1, Inc.ll.,  NOM-006-STPS-2000', 200.00, 600.00, 76, 1, 1, '0000-00-00 00:00:00', '0000-00-00 00:00:00', NULL),
	(77, 1, 1, 'Default', 'Default', 'mm) cuando el cigu?e.al este acoplado directamente a la palanca de traccion, se tenga un ajuste deslizante entre ambos, de manera que al aplicar al malacate una sobrecarga de 50%, los pernos de seguridad se cizallen. No se debe sustituir el material original de dichos pernos;', 'fracc. 7.1, Inc.mm.,  NOM-006-STPS-2000', 200.00, 600.00, 77, 1, 1, '0000-00-00 00:00:00', '0000-00-00 00:00:00', NULL),
	(78, 1, 1, 'Default', 'Default', 'nn) se revise el estado de las mangueras y las conexiones;', 'fracc. 7.1, Inc.nn.,  NOM-006-STPS-2000', 200.00, 600.00, 78, 1, 1, '0000-00-00 00:00:00', '0000-00-00 00:00:00', NULL),
	(79, 1, 1, 'Default', 'Default', 'oo) se revise el bloque de conexiones hidraulicas;', 'fracc. 7.1, Inc.oo.,  NOM-006-STPS-2000', 200.00, 600.00, 79, 1, 1, '0000-00-00 00:00:00', '0000-00-00 00:00:00', NULL),
	(80, 1, 1, 'Default', 'Default', 'pp) se verifiquen las conexiones electricas y que el motor gire en el sentido de las manecillas del reloj;', 'fracc. 7.1, Inc.pp.,  NOM-006-STPS-2000', 200.00, 600.00, 80, 1, 1, '0000-00-00 00:00:00', '0000-00-00 00:00:00', NULL),
	(81, 1, 1, 'Default', 'Default', 'qq) en los polipastos motorizados se determine la periodicidad de los ajustes del freno y del embrague o de los interruptores limite;', 'fracc. 7.1, Inc.qq.,  NOM-006-STPS-2000', 200.00, 600.00, 81, 1, 1, '0000-00-00 00:00:00', '0000-00-00 00:00:00', NULL),
	(82, 1, 1, 'Default', 'Default', 'rr) se prueben las medidas originales de las mordazas con un eje calibrado de un diametro mayor al diametro utilizado para el control de su desgaste. Las medidas de los diametros y las tolerancias deben ser las proporcionadas por el fabricante;', 'fracc. 7.1, Inc.rr.,  NOM-006-STPS-2000', 200.00, 600.00, 82, 1, 1, '0000-00-00 00:00:00', '0000-00-00 00:00:00', NULL),
	(83, 1, 1, 'Default', 'Default', 'ss) despues de cualquier reparacion, todo polipasto o malacate sea sometido a una prueba de funcionamiento y se registren los resultados obtenidos, haciendo una breve descripcion del procedimiento seguido.', 'fracc. 7.1, Inc.ss.,  NOM-006-STPS-2000', 200.00, 600.00, 83, 1, 1, '0000-00-00 00:00:00', '0000-00-00 00:00:00', NULL),
	(84, 1, 1, 'Default', 'Default', '7.2 Para eslingas, instrucciones para que:', 'fracc. 7.2, Inc..,  NOM-006-STPS-2000', 200.00, 600.00, 84, 1, 1, '0000-00-00 00:00:00', '0000-00-00 00:00:00', NULL),
	(85, 1, 1, 'Default', 'Default', 'a) su capacidad de carga sea superior al peso de la carga por levantar;', 'fracc. 7.2, Inc.a.,  NOM-006-STPS-2000', 200.00, 600.00, 85, 1, 1, '0000-00-00 00:00:00', '0000-00-00 00:00:00', NULL),
	(86, 1, 1, 'Default', 'Default', 'b) se utilicen solo eslingas identificadas; 50 DIARIO OFICIAL viernes 09 de marzo de 2001', 'fracc. 7.2, Inc.b.,  NOM-006-STPS-2000', 200.00, 600.00, 86, 1, 1, '0000-00-00 00:00:00', '0000-00-00 00:00:00', NULL),
	(87, 1, 1, 'Default', 'Default', 'c) si se produce la rotacion de una de las extremidades de la eslinga, con cable de acero, se suspenda la operacion de carga;', 'fracc. 7.2, Inc.c.,  NOM-006-STPS-2000', 200.00, 600.00, 87, 1, 1, '0000-00-00 00:00:00', '0000-00-00 00:00:00', NULL),
	(88, 1, 1, 'Default', 'Default', 'd) si se presenta destorcimiento en las eslingas con cable de acero, se suspenda la operacion para evitar la rotacion de la carga;', 'fracc. 7.2, Inc.d.,  NOM-006-STPS-2000', 200.00, 600.00, 88, 1, 1, '0000-00-00 00:00:00', '0000-00-00 00:00:00', NULL),
	(89, 1, 1, 'Default', 'Default', 'e) nunca se utilicen eslingas da', 'fracc. 7.2, Inc.e.,  NOM-006-STPS-2000', 200.00, 600.00, 89, 1, 1, '0000-00-00 00:00:00', '0000-00-00 00:00:00', NULL),
	(90, 1, 1, 'Default', 'Default', 'f) nunca se realicen nudos en las eslingas textiles;', 'fracc. 7.2, Inc.f.,  NOM-006-STPS-2000', 200.00, 600.00, 90, 1, 1, '0000-00-00 00:00:00', '0000-00-00 00:00:00', NULL),
	(91, 1, 1, 'Default', 'Default', 'g) no se arrastre la carga a izar sobre las eslingas;', 'fracc. 7.2, Inc.g.,  NOM-006-STPS-2000', 200.00, 600.00, 91, 1, 1, '0000-00-00 00:00:00', '0000-00-00 00:00:00', NULL),
	(92, 1, 1, 'Default', 'Default', 'h) no se utilicen eslingas textiles por encima de 100', 'fracc. 7.2, Inc.h.,  NOM-006-STPS-2000', 200.00, 600.00, 92, 1, 1, '0000-00-00 00:00:00', '0000-00-00 00:00:00', NULL),
	(93, 1, 1, 'Default', 'Default', 'i) la zona de cosido de la eslinga de cinta nunca entre en contacto con la carga;', 'fracc. 7.2, Inc.i.,  NOM-006-STPS-2000', 200.00, 600.00, 93, 1, 1, '0000-00-00 00:00:00', '0000-00-00 00:00:00', NULL),
	(94, 1, 1, 'Default', 'Default', 'j) las eslingas textiles se almacenen en lugares limpios y secos, lejos de fuentes de calor directo, rayos ultravioleta o luz solar directa;', 'fracc. 7.2, Inc.j.,  NOM-006-STPS-2000', 200.00, 600.00, 94, 1, 1, '0000-00-00 00:00:00', '0000-00-00 00:00:00', NULL),
	(95, 1, 1, 'Default', 'Default', 'k) se utilicen eslingas con guardacabos o arcos de proteccion en cargas que tengan aristas vivas;', 'fracc. 7.2, Inc.k.,  NOM-006-STPS-2000', 200.00, 600.00, 95, 1, 1, '0000-00-00 00:00:00', '0000-00-00 00:00:00', NULL),
	(96, 1, 1, 'Default', 'Default', 'l) se revisen en los tiempos establecidos por el patron, basandose en las recomendaciones del fabricante, a fin de detectar signos de ruptura, fatiga, deformacion u otra condicion que pudiera generar da', 'fracc. 7.2, Inc.l.,  NOM-006-STPS-2000', 200.00, 600.00, 96, 1, 1, '0000-00-00 00:00:00', '0000-00-00 00:00:00', NULL),
	(97, 1, 1, 'Default', 'Default', 'm) en caso de exposicion de eslingas textiles a agentes quimicos, se consulte al fabricante.', 'fracc. 7.2, Inc.m.,  NOM-006-STPS-2000', 200.00, 600.00, 97, 1, 1, '0000-00-00 00:00:00', '0000-00-00 00:00:00', NULL),
	(98, 1, 1, 'Default', 'Default', '7.3 Para gruas, segun apliquen, instrucciones para que:', 'fracc. 7.3, Inc..,  NOM-006-STPS-2000', 200.00, 600.00, 98, 1, 1, '0000-00-00 00:00:00', '0000-00-00 00:00:00', NULL),
	(99, 1, 1, 'Default', 'Default', 'a) la cabina garantice una buena visibilidad en la zona de trabajo; este ventilada; cuente con limpiaparabrisas electrico o neumatico, en caso de que opere a la intemperie, con vidrios inastillables, con escalas de mano u otro medio de acceso seguro a la cabina de mando, con un asiento comodo y concebido en funcion de su uso, con extintores del tipo y capacidad especificos al modelo de la grua y al material que maneje, con mandos colocados de forma que el operario disponga de espacio suficiente ', 'fracc. 7.3, Inc.a.,  NOM-006-STPS-2000', 200.00, 600.00, 99, 1, 1, '0000-00-00 00:00:00', '0000-00-00 00:00:00', NULL),
	(100, 1, 1, 'Default', 'Default', 'b) se cuente con un letrero visible, tanto para el trabajador que opere la maquinaria, como desde el suelo, donde se indique la CMU, en kg si es de 1000 kg o menos, y en toneladas si es mayor a 1000 kg;', 'fracc. 7.3, Inc.b.,  NOM-006-STPS-2000', 200.00, 600.00, 100, 1, 1, '0000-00-00 00:00:00', '0000-00-00 00:00:00', NULL),
	(101, 1, 1, 'Default', 'Default', 'c) cuando una grua movil este equipada con gatos estabilizadores, estos deban estar suficientemente extendidos, para descargar completamente a las ruedas y descansar sobre calzas, a menos que se encuentren sobre un piso firme;', 'fracc. 7.3, Inc.c.,  NOM-006-STPS-2000', 200.00, 600.00, 101, 1, 1, '0000-00-00 00:00:00', '0000-00-00 00:00:00', NULL),
	(102, 1, 1, 'Default', 'Default', 'd) cuando una grua se desplace sobre ruedas provistas de neumaticos, estos se revisen al inicio de cada jornada para verificar que esten exentos de cualquier defecto, y que se encuentren a la presion correcta, conforme a las indicaciones del fabricante;', 'fracc. 7.3, Inc.d.,  NOM-006-STPS-2000', 200.00, 600.00, 102, 1, 1, '0000-00-00 00:00:00', '0000-00-00 00:00:00', NULL),
	(103, 1, 1, 'Default', 'Default', 'e) cuando una grua movil se desplace llevando la carga suspendida, deba cumplir con lo siguiente: que el brazo se oriente en la direccion del eje longitudinal de la grua, que no se incline hasta el punto en que la carga suspendida sea igual o superior a la carga maxima de seguridad correspondiente a la inclinacion del brazo; que se mantenga a la altura minima necesaria para que la carga no choque con el piso por efecto del balanceo del brazo y si la carga es de dificil manejo a causa de su tama', 'fracc. 7.3, Inc.e.,  NOM-006-STPS-2000', 200.00, 600.00, 103, 1, 1, '0000-00-00 00:00:00', '0000-00-00 00:00:00', NULL),
	(104, 1, 1, 'Default', 'Default', 'f) se cuente con dispositivos de frenado automatico cuando el peso maximo sea superado;', 'fracc. 7.3, Inc.f.,  NOM-006-STPS-2000', 200.00, 600.00, 104, 1, 1, '0000-00-00 00:00:00', '0000-00-00 00:00:00', NULL),
	(105, 1, 1, 'Default', 'Default', 'g) sean operadas unicamente por personal autorizado por el patron;', 'fracc. 7.3, Inc.g.,  NOM-006-STPS-2000', 200.00, 600.00, 105, 1, 1, '0000-00-00 00:00:00', '0000-00-00 00:00:00', NULL),
	(106, 1, 1, 'Default', 'Default', 'h) se consideren para su operacion los analisis de momentos que se puedan presentar o las sobrecargas por lluvia o viento que pudieran estar presentes en el manejo de materiales;', 'fracc. 7.3, Inc.h.,  NOM-006-STPS-2000', 200.00, 600.00, 106, 1, 1, '0000-00-00 00:00:00', '0000-00-00 00:00:00', NULL),
	(107, 1, 1, 'Default', 'Default', 'i) se desplacen las cargas a una altura superior a la que se encuentren o circulen los trabajadores;', 'fracc. 7.3, Inc.i.,  NOM-006-STPS-2000', 200.00, 600.00, 107, 1, 1, '0000-00-00 00:00:00', '0000-00-00 00:00:00', NULL),
	(108, 1, 1, 'Default', 'Default', 'j) el ayudante se situe en un lugar que permita la maxima visibilidad de todas las trayectorias de operacion de la grua, y se realicen las operaciones de conformidad con el codigo de se', 'fracc. 7.3, Inc.j.,  NOM-006-STPS-2000', 200.00, 600.00, 108, 1, 1, '0000-00-00 00:00:00', '0000-00-00 00:00:00', NULL),
	(109, 1, 1, 'Default', 'Default', 'k) el operador no mueva la grua hasta que haya entendido la se', 'fracc. 7.3, Inc.k.,  NOM-006-STPS-2000', 200.00, 600.00, 109, 1, 1, '0000-00-00 00:00:00', '0000-00-00 00:00:00', NULL),
	(110, 1, 1, 'Default', 'Default', 'l) antes de izar la carga, se realice una verificacion para asegurar que la misma se encuentre convenientemente asegurada;', 'fracc. 7.3, Inc.l.,  NOM-006-STPS-2000', 200.00, 600.00, 110, 1, 1, '0000-00-00 00:00:00', '0000-00-00 00:00:00', NULL),
	(111, 1, 1, 'Default', 'Default', 'm) al finalizar la operacion, se desconecte el interruptor principal y se deje bloqueada con un candado o tarjeta de seguridad;', 'fracc. 7.3, Inc.m.,  NOM-006-STPS-2000', 200.00, 600.00, 111, 1, 1, '0000-00-00 00:00:00', '0000-00-00 00:00:00', NULL),
	(112, 1, 1, 'Default', 'Default', 'n) cuando por la misma via circulen varias gruas, o por el mismo puente mas de un carro de grua, esten dotadas de amortiguadores que entren en contacto en caso de choque;', 'fracc. 7.3, Inc.n.,  NOM-006-STPS-2000', 200.00, 600.00, 112, 1, 1, '0000-00-00 00:00:00', '0000-00-00 00:00:00', NULL),
	(113, 1, 1, 'Default', 'Default', 'o) cuando aplique, se cuente con un interruptor de proteccion general a nivel de piso que desconecte la corriente electrica de la grua al realizar operaciones de mantenimiento, debiendo cumplir con el procedimiento de bloqueo de energia establecido en la NOM-004-STPS-1999;', 'fracc. 7.3, Inc.o.,  NOM-006-STPS-2000', 200.00, 600.00, 113, 1, 1, '0000-00-00 00:00:00', '0000-00-00 00:00:00', NULL),
	(114, 1, 1, 'Default', 'Default', 'p) toda grua sea revisada por personal autorizado por el patron, en los casos siguientes: antes de cada jornada; antes de ser puesta en servicio por primera vez; despues de la sustitucion o reparacion de alguna pieza sometida a esfuerzos; de acuerdo a los intervalos maximos indicados por el fabricante y al menos una vez cada tres a', 'fracc. 7.3, Inc.p.,  NOM-006-STPS-2000', 200.00, 600.00, 114, 1, 1, '0000-00-00 00:00:00', '0000-00-00 00:00:00', NULL),
	(115, 1, 1, 'Default', 'Default', 'q) cuando una grua sea modificada en su estructura, accesorios, mecanismos, contrapesos, elementos de estabilizacion o cualquiera otra parte que altere las condiciones de funcionamiento, sea sometida a las pruebas correspondientes, antes de volver a operarla.', 'fracc. 7.3, Inc.q.,  NOM-006-STPS-2000', 200.00, 600.00, 115, 1, 1, '0000-00-00 00:00:00', '0000-00-00 00:00:00', NULL),
	(116, 1, 1, 'Default', 'Default', '7.4 Para montacargas, segun aplique, al menos instrucciones para que:', 'fracc. 7.4, Inc..,  NOM-006-STPS-2000', 200.00, 600.00, 116, 1, 1, '0000-00-00 00:00:00', '0000-00-00 00:00:00', NULL),
	(117, 1, 1, 'Default', 'Default', 'a) las cabinas cumplan con lo siguiente: proporcionen al operador proteccion contra la intemperie; garanticen una buena vision en la zona de trabajo; permitan un facil acceso al puesto de trabajo; cuenten con piso anti derrapante; esten ventiladas; esten provistas de un asiento comodo y concebido en funcion de su uso; sean resistentes al fuego en sus materiales de construccion; cuenten con extintor del tipo y capacidad especifico a la clase de montacargas y al material que transporte, y cuenten ', 'fracc. 7.4, Inc.a.,  NOM-006-STPS-2000', 200.00, 600.00, 117, 1, 1, '0000-00-00 00:00:00', '0000-00-00 00:00:00', NULL),
	(118, 1, 1, 'Default', 'Default', 'b) se cuente con un dispositivo sonoro que sea activado automaticamente durante su operacion en reversa;', 'fracc. 7.4, Inc.b.,  NOM-006-STPS-2000', 200.00, 600.00, 118, 1, 1, '0000-00-00 00:00:00', '0000-00-00 00:00:00', NULL),
	(119, 1, 1, 'Default', 'Default', 'c) las luces delanteras y traseras, o la torreta, esten encendidas durante su operacion;', 'fracc. 7.4, Inc.c.,  NOM-006-STPS-2000', 200.00, 600.00, 119, 1, 1, '0000-00-00 00:00:00', '0000-00-00 00:00:00', NULL),
	(120, 1, 1, 'Default', 'Default', 'd) en la operacion se respeten los limites de velocidad de la zona que transita; se cerciore que la carga no sobrepase la CMU indicada en la placa; se opere el equipo bajo un procedimiento seguro cuando no lleve carga; circule con los brazos de la horquilla a una altura maxima de 0.15 metros por encima del suelo; se estacione con los brazos de la horquilla colocados a una altura maxima de 0.15 metros sobre el suelo; en su caso, retire la llave del contacto al abandonar el montacargas; efectue el', 'fracc. 7.4, Inc.d.,  NOM-006-STPS-2000', 200.00, 600.00, 120, 1, 1, '0000-00-00 00:00:00', '0000-00-00 00:00:00', NULL),
	(121, 1, 1, 'Default', 'Default', 'e) las revisiones sean realizadas por personal autorizado por el patron, antes de cada jornada, antes de ser puesta en servicio por primera vez, y despues de la sustitucion o reparacion de alguna pieza sometida a esfuerzos;', 'fracc. 7.4, Inc.e.,  NOM-006-STPS-2000', 200.00, 600.00, 121, 1, 1, '0000-00-00 00:00:00', '0000-00-00 00:00:00', NULL),
	(122, 1, 1, 'Default', 'Default', 'f) el mantenimiento sea realizado en la forma y periodicidad recomendadas por el fabricante.', 'fracc. 7.4, Inc.f.,  NOM-006-STPS-2000', 200.00, 600.00, 122, 1, 1, '0000-00-00 00:00:00', '0000-00-00 00:00:00', NULL),
	(123, 1, 1, 'Default', 'Default', '7.5 Para electroimanes, instrucciones para que:', 'fracc. 7.5, Inc..,  NOM-006-STPS-2000', 200.00, 600.00, 123, 1, 1, '0000-00-00 00:00:00', '0000-00-00 00:00:00', NULL),
	(124, 1, 1, 'Default', 'Default', 'a) se revise la fuente de energia auxiliar, que entre en servicio de inmediato en caso de falla de la red principal de alimentacion, de modo que la carga pueda mantenerse suspendida por el tiempo que sea necesario hasta descenderla en forma segura;', 'fracc. 7.5, Inc.a.,  NOM-006-STPS-2000', 200.00, 600.00, 124, 1, 1, '0000-00-00 00:00:00', '0000-00-00 00:00:00', NULL),
	(125, 1, 1, 'Default', 'Default', 'b) no se usen cerca de maquinas, de elementos de acero, ni de materiales ferrosos;', 'fracc. 7.5, Inc.b.,  NOM-006-STPS-2000', 200.00, 600.00, 125, 1, 1, '0000-00-00 00:00:00', '0000-00-00 00:00:00', NULL),
	(126, 1, 1, 'Default', 'Default', 'c) se coloquen y quiten los candados o tarjetas de seguridad que adviertan que es peligroso desconectar, o en su caso, conectar el interruptor de alimentacion del electroiman durante la operacion o mantenimiento, segun corresponda;', 'fracc. 7.5, Inc.c.,  NOM-006-STPS-2000', 200.00, 600.00, 126, 1, 1, '0000-00-00 00:00:00', '0000-00-00 00:00:00', NULL),
	(127, 1, 1, 'Default', 'Default', 'd) se revise la conexion a tierra del electroiman, de conformidad con lo que establece la NOM-001-SEDE-1999, en su apartado 600;', 'fracc. 7.5, Inc.d.,  NOM-006-STPS-2000', 200.00, 600.00, 127, 1, 1, '0000-00-00 00:00:00', '0000-00-00 00:00:00', NULL),
	(128, 1, 1, 'Default', 'Default', 'e) la alimentacion se corte cuando no se utilice;', 'fracc. 7.5, Inc.e.,  NOM-006-STPS-2000', 200.00, 600.00, 128, 1, 1, '0000-00-00 00:00:00', '0000-00-00 00:00:00', NULL),
	(129, 1, 1, 'Default', 'Default', 'f) solo se le aplique la tension electrica hasta que este en contacto con la carga a levantar.', 'fracc. 7.5, Inc.f.,  NOM-006-STPS-2000', 200.00, 600.00, 129, 1, 1, '0000-00-00 00:00:00', '0000-00-00 00:00:00', NULL),
	(130, 1, 1, 'Default', 'Default', '7.6 Para cargadores frontales, instrucciones para que: 50 DIARIO OFICIAL viernes 09 de marzo de 2001', 'fracc. 7.6, Inc..,  NOM-006-STPS-2000', 200.00, 600.00, 130, 1, 1, '0000-00-00 00:00:00', '0000-00-00 00:00:00', NULL),
	(131, 1, 1, 'Default', 'Default', 'a) se cuente con una cabina que cumpla al menos con lo siguiente: en su caso, proporcionar al operador proteccion contra la intemperie; tener escalas de mano u otro medio de acceso seguro, y que en caso de emergencia permita un rapido desalojo; garantizar una buena visibilidad del area de trabajo; tener extintor del tipo y capacidad especifico al tipo de cargador frontal y al material que transporta; que los mandos esten colocados de forma tal, que el operador disponga de espacio suficiente para', 'fracc. 7.6, Inc.a.,  NOM-006-STPS-2000', 200.00, 600.00, 131, 1, 1, '0000-00-00 00:00:00', '0000-00-00 00:00:00', NULL),
	(132, 1, 1, 'Default', 'Default', 'b) en la operacion se respeten los limites de velocidad de la zona que se transita; se cerciore que la carga no sobrepase la CMU indicada en las placas de capacidad de carga; se evite que la carga no sea de mayor dimension que el bote; se accione el claxon en cruceros peligrosos; se eviten los movimientos bruscos o rapidos; se efectue la carga de combustible en una zona ventilada; al terminar el turno de trabajo se estacione el cargador frontal con el bote o pala apoyado sobre el suelo; se apagu', 'fracc. 7.6, Inc.b.,  NOM-006-STPS-2000', 200.00, 600.00, 132, 1, 1, '0000-00-00 00:00:00', '0000-00-00 00:00:00', NULL),
	(133, 1, 1, 'Default', 'Default', 'c) se cuente con una se', 'fracc. 7.6, Inc.c.,  NOM-006-STPS-2000', 200.00, 600.00, 133, 1, 1, '0000-00-00 00:00:00', '0000-00-00 00:00:00', NULL),
	(134, 1, 1, 'Default', 'Default', 'd) se verifique el buen estado de los dispositivos y accesorios para su operacion, tales como: espejo retrovisor, extintor y cinturon de seguridad, entre otros;', 'fracc. 7.6, Inc.d.,  NOM-006-STPS-2000', 200.00, 600.00, 134, 1, 1, '0000-00-00 00:00:00', '0000-00-00 00:00:00', NULL),
	(135, 1, 1, 'Default', 'Default', 'e) cuando sea necesario levantar la maquina para darle mantenimiento, se utilicen gatos apoyados sobre bloques, que garanticen la seguridad de los trabajadores involucrados en estas maniobras;', 'fracc. 7.6, Inc.e.,  NOM-006-STPS-2000', 200.00, 600.00, 135, 1, 1, '0000-00-00 00:00:00', '0000-00-00 00:00:00', NULL),
	(136, 1, 1, 'Default', 'Default', 'f) el mantenimiento sea realizado en la forma y periodicidad recomendadas por el fabricante.', 'fracc. 7.6, Inc.f.,  NOM-006-STPS-2000', 200.00, 600.00, 136, 1, 1, '0000-00-00 00:00:00', '0000-00-00 00:00:00', NULL),
	(137, 1, 1, 'Default', 'Default', '7.7 Para transportadores, segun aplique, instrucciones para que:', 'fracc. 7.7, Inc..,  NOM-007-STPS-2000', 200.00, 600.00, 137, 1, 1, '0000-00-00 00:00:00', '0000-00-00 00:00:00', NULL),
	(138, 1, 1, 'Default', 'Default', 'a) cuando los transportadores pasen por diferentes niveles del edificio, las aberturas esten protegidas;', 'fracc. 7.7, Inc.a.,  NOM-007-STPS-2000', 200.00, 600.00, 138, 1, 1, '0000-00-00 00:00:00', '0000-00-00 00:00:00', NULL),
	(139, 1, 1, 'Default', 'Default', 'b) se utilicen faldones en los chutes y curvas del transportador, a fin de evitar la caida de materiales por los lados;', 'fracc. 7.7, Inc.b.,  NOM-007-STPS-2000', 200.00, 600.00, 139, 1, 1, '0000-00-00 00:00:00', '0000-00-00 00:00:00', NULL),
	(140, 1, 1, 'Default', 'Default', 'c) se verifique que se cuente con pasarelas para cruzar por encima o por debajo de los transportadores, y se prohiba a los trabajadores cruzar a traves de ellos;', 'fracc. 7.7, Inc.c.,  NOM-007-STPS-2000', 200.00, 600.00, 140, 1, 1, '0000-00-00 00:00:00', '0000-00-00 00:00:00', NULL),
	(141, 1, 1, 'Default', 'Default', 'd) se verifique que los dispositivos de arranque y paro sean visibles, de facil acceso y libres de obstaculos para ser alcanzados por el operador;', 'fracc. 7.7, Inc.d.,  NOM-007-STPS-2000', 200.00, 600.00, 141, 1, 1, '0000-00-00 00:00:00', '0000-00-00 00:00:00', NULL),
	(142, 1, 1, 'Default', 'Default', 'e) si uno o mas transportadores operan en serie, estos esten provistos de dispositivos electricos o mecanicos de tal forma que si uno de los transportadores se detiene, todos los otros tambien se detengan;', 'fracc. 7.7, Inc.e.,  NOM-007-STPS-2000', 200.00, 600.00, 142, 1, 1, '0000-00-00 00:00:00', '0000-00-00 00:00:00', NULL),
	(143, 1, 1, 'Default', 'Default', 'f) en caso de que un transportador se detenga por estar sobrecargado, se quite toda la carga, se desactiven los dispositivos de bloqueo del arranque y se verifique la seguridad de la actividad antes de ponerlo nuevamente en marcha;', 'fracc. 7.7, Inc.f.,  NOM-007-STPS-2000', 200.00, 600.00, 143, 1, 1, '0000-00-00 00:00:00', '0000-00-00 00:00:00', NULL),
	(144, 1, 1, 'Default', 'Default', 'g) los trabajadores que desarrollen sus actividades en la cercania de los transportadores, usen el cabello corto o recogido y no porten cadenas, anillos, pulseras, ropa suelta u otros objetos que pudieran ser factor de riesgo durante la operacion;', 'fracc. 7.7, Inc.g.,  NOM-006-STPS-2000', 200.00, 600.00, 144, 1, 1, '0000-00-00 00:00:00', '0000-00-00 00:00:00', NULL),
	(145, 1, 1, 'Default', 'Default', 'h) no se exceda la CMU ni la velocidad maxima de la banda, establecidas por el fabricante;', 'fracc. 7.7, Inc.h.,  NOM-006-STPS-2000', 200.00, 600.00, 145, 1, 1, '0000-00-00 00:00:00', '0000-00-00 00:00:00', NULL),
	(146, 1, 1, 'Default', 'Default', 'i) solo operen esta maquinaria los trabajadores autorizados por el patron que tengan un conocimiento pleno de su operacion, sus controles electricos, dispositivos de seguridad y advertencias de la capacidad y de las limitaciones en el desempe', 'fracc. 7.7, Inc.i.,  NOM-006-STPS-2000', 200.00, 600.00, 146, 1, 1, '0000-00-00 00:00:00', '0000-00-00 00:00:00', NULL),
	(147, 1, 1, 'Default', 'Default', 'j) se tengan limpias y libres de obstaculos todas las areas alrededor del transportador y en particular los pasillos, asi como aquellas que se encuentren alrededor de la transmision, los dispositivos de seguridad y las estaciones de control;', 'fracc. 7.7, Inc.j.,  NOM-006-STPS-2000', 200.00, 600.00, 147, 1, 1, '0000-00-00 00:00:00', '0000-00-00 00:00:00', NULL),
	(148, 1, 1, 'Default', 'Default', 'k) se impida el paso de trabajadores a las areas donde el material caiga y represente un peligro, mediante barandas y se', 'fracc. 7.7, Inc.k.,  NOM-006-STPS-2000', 200.00, 600.00, 148, 1, 1, '0000-00-00 00:00:00', '0000-00-00 00:00:00', NULL),
	(149, 1, 1, 'Default', 'Default', 'l) durante la operacion de los transportadores de gusanos se aseguren las cubiertas, rejas y guardas antes de operar el transportador; se verifique que los tornillos y tuercas esten correctamente apretados; cuando se requiera que la alimentacion al transportador sea abierta, esta se cubra con una reja y no se pise o camine sobre las cubiertas, rejas o guardas; se 50 DIARIO OFICIAL viernes 09 de marzo de 2001 desconecte y ponga el interruptor principal en la posicion de apagado antes de quitar la', 'fracc. 7.7, Inc.l.,  NOM-006-STPS-2000', 200.00, 600.00, 149, 1, 1, '0000-00-00 00:00:00', '0000-00-00 00:00:00', NULL),
	(150, 1, 1, 'Default', 'Default', 'm) las revisiones sean realizadas por personal autorizado por el patron, antes de cada jornada, antes de ser puesta en servicio por primera vez y despues de la sustitucion o reparacion de alguna pieza sometida a esfuerzos;', 'fracc. 7.7, Inc.m.,  NOM-006-STPS-2000', 200.00, 600.00, 150, 1, 1, '0000-00-00 00:00:00', '0000-00-00 00:00:00', NULL),
	(151, 1, 1, 'Default', 'Default', 'n) se verifique, en su caso, la valvula de alivio y se mantengan bloqueadas las compuertas, de manera tal que no se puedan abrir si existe una presion interna positiva; se instalen protecciones cuando las lineas de succion sean suficientemente grandes para jalar a un trabajador y se protejan para que el aire que se inyecta a la tuberia no sea transportado a otras areas; se cuente con un dispositivo de bloqueo, para mantenerlo estable en varios niveles;', 'fracc. 7.7, Inc.n.,  NOM-006-STPS-2000', 200.00, 600.00, 151, 1, 1, '0000-00-00 00:00:00', '0000-00-00 00:00:00', NULL),
	(152, 1, 1, 'Default', 'Default', 'o) se verifiquen las rampas cerradas y se coloquen letreros de advertencia en el extremo de salida del transportador, de acuerdo a lo que establece la NOM-026-STPS-1998;', 'fracc. 7.7, Inc.o.,  NOM-006-STPS-2000', 200.00, 600.00, 152, 1, 1, '0000-00-00 00:00:00', '0000-00-00 00:00:00', NULL),
	(153, 1, 1, 'Default', 'Default', 'p) se verifique el funcionamiento de los dispositivos mecanicos o electricos, que emitan una se', 'fracc. 7.7, Inc.p.,  NOM-006-STPS-2000', 200.00, 600.00, 153, 1, 1, '0000-00-00 00:00:00', '0000-00-00 00:00:00', NULL),
	(154, 1, 1, 'Default', 'Default', 'q) las puertas en cada estacion se mantengan cerradas, excepto en el momento de cargar;', 'fracc. 7.7, Inc.q.,  NOM-006-STPS-2000', 200.00, 600.00, 154, 1, 1, '0000-00-00 00:00:00', '0000-00-00 00:00:00', NULL),
	(155, 1, 1, 'Default', 'Default', 'r) se verifique que en las estaciones de carga, se encuentren en buen estado las protecciones de barandales, puertas giratorias o rejas;', 'fracc. 7.7, Inc.r.,  NOM-006-STPS-2000', 200.00, 600.00, 155, 1, 1, '0000-00-00 00:00:00', '0000-00-00 00:00:00', NULL),
	(156, 1, 1, 'Default', 'Default', 's) se bloquee, en su caso, el control central electrico en la posicion de paro, antes de empezar a dar mantenimiento al transportador, conforme lo establecido en la NOM-004-STPS-1999, y se coloquen candados o tarjetas de seguridad para evitar su accionamiento;', 'fracc. 7.7, Inc.s.,  NOM-006-STPS-2000', 200.00, 600.00, 156, 1, 1, '0000-00-00 00:00:00', '0000-00-00 00:00:00', NULL),
	(157, 1, 1, 'Default', 'Default', 't) el mecanismo del transportador se mantenga permanentemente limpio;', 'fracc. 7.7, Inc.t.,  NOM-006-STPS-2000', 200.00, 600.00, 157, 1, 1, '0000-00-00 00:00:00', '0000-00-00 00:00:00', NULL),
	(158, 1, 1, 'Default', 'Default', 'u) se lubriquen todas las partes del transportador y se le proporcione el mantenimiento en la forma y periodicidad recomendada por el fabricante.', 'fracc. 7.7, Inc.u.,  NOM-006-STPS-2000', 200.00, 600.00, 158, 1, 1, '0000-00-00 00:00:00', '0000-00-00 00:00:00', NULL),
	(159, 1, 1, 'Default', 'Default', '7.8 Para maquinaria similar o que sea combinacion de las enunciadas en los apartados del 7.1 al 7.7, instrucciones equivalentes a las descritas en dichos apartados, segun aplique.', 'fracc. 7.8, Inc..,  NOM-006-STPS-2000', 200.00, 600.00, 159, 1, 1, '0000-00-00 00:00:00', '0000-00-00 00:00:00', NULL),
	(160, 1, 1, 'Default', 'Default', '8 Carga manual de materiales', 'fracc. 8., Inc..,  NOM-006-STPS-2000', 200.00, 600.00, 160, 1, 1, '0000-00-00 00:00:00', '0000-00-00 00:00:00', NULL),
	(161, 1, 1, 'Default', 'Default', '8.1 El patron debe proporcionar a los trabajadores el equipo de proteccion personal necesario para realizar actividades de levantamiento y transporte de carga, con el fin de evitar lesiones por sobreesfuerzo muscular o postural.', 'fracc. 8.1, Inc..,  NOM-006-STPS-2000', 200.00, 600.00, 161, 1, 1, '0000-00-00 00:00:00', '0000-00-00 00:00:00', NULL),
	(162, 1, 1, 'Default', 'Default', '8.2 Realizar y registrar la vigilancia a la salud de los trabajadores que realicen esta actividad y al menos cada a', 'fracc. 8.2, Inc..,  NOM-006-STPS-2000', 200.00, 600.00, 162, 1, 1, '0000-00-00 00:00:00', '0000-00-00 00:00:00', NULL),
	(163, 1, 1, 'Default', 'Default', '8.3 Ante la presencia de sintomas de lesion o enfermedad en el trabajador expuesto, se deben realizar los examenes medicos especiales que establezcan las normas oficiales mexicanas emitidas por la Secretaria de Salud. De no existir estas, los examenes medicos especiales seran los que determine el medico de la empresa.', 'fracc. 8.3, Inc..,  NOM-006-STPS-2000', 200.00, 600.00, 163, 1, 1, '0000-00-00 00:00:00', '0000-00-00 00:00:00', NULL),
	(164, 1, 1, 'Default', 'Default', '8.4 No deben desempe', 'fracc. 8.4, Inc..,  NOM-006-STPS-2000', 200.00, 600.00, 164, 1, 1, '0000-00-00 00:00:00', '0000-00-00 00:00:00', NULL),
	(165, 1, 1, 'Default', 'Default', '8.5 Los procedimientos de seguridad e higiene deben contener, cuando menos, instrucciones para que:', 'fracc. 8.5, Inc..,  NOM-006-STPS-2000', 200.00, 600.00, 165, 1, 1, '0000-00-00 00:00:00', '0000-00-00 00:00:00', NULL),
	(166, 1, 1, 'Default', 'Default', 'a) cuando se desplacen objetos pesados mediante rodillos, deban utilizarse barras u otros medios, para que el trabajador no entre en contacto con la carga en movimiento;', 'fracc. 8.5, Inc.a.,  NOM-007-STPS-2000', 200.00, 600.00, 166, 1, 1, '0000-00-00 00:00:00', '0000-00-00 00:00:00', NULL),
	(167, 1, 1, 'Default', 'Default', 'b) la carga manual maxima que levanten los trabajadores sea de 50 kg; para los menores sea de 35 kg, y para las mujeres sea de 20 kg. Esta actividad no la deben realizar las mujeres en estado de gestacion, y durante las primeras 10 semanas posteriores al parto; 50 DIARIO OFICIAL viernes 09 de marzo de 2001', 'fracc. 8.5, Inc.b.,  NOM-007-STPS-2000', 200.00, 600.00, 167, 1, 1, '0000-00-00 00:00:00', '0000-00-00 00:00:00', NULL),
	(168, 1, 1, 'Default', 'Default', 'c) a los trabajadores que realicen actividades de carga de materiales con objetos que tengan aristas cortantes, rebabas, astillas, puntas agudas, clavos u otros salientes peligrosos, asi como aquellos que posean temperaturas extremas, o sustancias irritantes, corrosivas o toxicas, se les proporcione la ropa y el equipo de proteccion personal, de conformidad con lo establecido en la NOM-017-STPS-1993;', 'fracc. 8.5, Inc.c.,  NOM-007-STPS-2000', 200.00, 600.00, 168, 1, 1, '0000-00-00 00:00:00', '0000-00-00 00:00:00', NULL),
	(169, 1, 1, 'Default', 'Default', 'd) cuando se carguen objetos de longitud mayor a 4 metros, se emplee al menos un trabajador por cada 4 metros o fraccion del largo del objeto;', 'fracc. 8.5, Inc.d.,  NOM-007-STPS-2000', 200.00, 600.00, 169, 1, 1, '0000-00-00 00:00:00', '0000-00-00 00:00:00', NULL),
	(170, 1, 1, 'Default', 'Default', 'e) los barriles o tambos de hasta 200 litros, solo puedan ser trasladados manualmente inclinandolos y rotandolos por la orilla de su base. Los que tengan mayor capacidad, solo podran ser trasladados con el uso de maquinaria, diablos, patines o carretillas, adoptando las correspondientes medidas de seguridad;', 'fracc. 8.5, Inc.e.,  NOM-007-STPS-2000', 200.00, 600.00, 170, 1, 1, '0000-00-00 00:00:00', '0000-00-00 00:00:00', NULL),
	(171, 1, 1, 'Default', 'Default', 'f) la carga manual de materiales cuyo peso o longitud sea superior a lo establecido en la presente Norma, se realice integrando grupos de carga manual, de tal manera que haya coordinacion entre los miembros del grupo;', 'fracc. 8.5, Inc.f.,  NOM-007-STPS-2000', 200.00, 600.00, 171, 1, 1, '0000-00-00 00:00:00', '0000-00-00 00:00:00', NULL),
	(172, 1, 1, 'Default', 'Default', 'g) la carga que sea mayor de 200 kg, con el empleo de diablos o patines, se realice al menos con dos trabajadores;', 'fracc. 8.5, Inc.g.,  NOM-006-STPS-2000', 200.00, 600.00, 172, 1, 1, '0000-00-00 00:00:00', '0000-00-00 00:00:00', NULL),
	(173, 1, 1, 'Default', 'Default', 'h) en piso plano, para impulsar diablos, patines y carretillas, se empuje de frente al camino y no se tire o jale dandole la espalda al mismo;', 'fracc. 8.5, Inc.h.,  NOM-006-STPS-2000', 200.00, 600.00, 173, 1, 1, '0000-00-00 00:00:00', '0000-00-00 00:00:00', NULL),
	(174, 1, 1, 'Default', 'Default', 'i) en pendientes, para impulsar diablos, patines y carretillas, se cuide la estabilidad de la carga y se adopten las medidas de seguridad necesarias para evitar que esta represente un riesgo para el trabajador o trabajadores;', 'fracc. 8.5, Inc.i.,  NOM-006-STPS-2000', 200.00, 600.00, 174, 1, 1, '0000-00-00 00:00:00', '0000-00-00 00:00:00', NULL),
	(175, 1, 1, 'Default', 'Default', 'j) cuando se bascule una carretilla para descargarla al borde de una zanja, se coloque un tope en la zona de descarga.', 'fracc. 8.5, Inc.j.,  NOM-006-STPS-2000', 200.00, 600.00, 175, 1, 1, '0000-00-00 00:00:00', '0000-00-00 00:00:00', NULL),
	(176, 1, 2, 'Default', 'Default', '5. Obligaciones del patron', '', 200.00, 1500.00, 1, 1, 1, '0000-00-00 00:00:00', '0000-00-00 00:00:00', NULL),
	(177, 1, 2, 'Default', 'Default', '5.1 Mostrar a la autoridad del trabajo, cuando esta asi lo solicite, los documentos que la presente Norma le obligue a elaborar o poseer. 50 DIARIO OFICIAL viernes 09 de marzo de 2001', 'fracc. 5.1, Inc. . ,  NOM-007-STPS-2000', 200.00, 1500.00, 2, 1, 1, '0000-00-00 00:00:00', '0000-00-00 00:00:00', NULL),
	(178, 1, 2, 'Default', 'Default', '5.2 Informar a todos los trabajadores sobre los riesgos a que estan expuestos en las actividades agricolas que desarrollen.', 'fracc. 5.2, Inc. . ,  NOM-007-STPS-2000', 200.00, 1500.00, 3, 1, 1, '0000-00-00 00:00:00', '0000-00-00 00:00:00', NULL),
	(179, 1, 2, 'Default', 'Default', '5.3 Adoptar de acuerdo a la naturaleza de sus actividades agricolas, las condiciones de seguridad en las instalaciones del centro de trabajo, de conformidad con lo establecido en el capitulo 7.', 'fracc. 5.3, Inc. . ,  NOM-007-STPS-2000', 200.00, 1500.00, 4, 1, 1, '0000-00-00 00:00:00', '0000-00-00 00:00:00', NULL),
	(180, 1, 2, 'Default', 'Default', '5.4 Contar, por escrito, con los procedimientos de seguridad para el uso y mantenimiento de la herramienta, equipo y maquinaria, de acuerdo a lo establecido en el capitulo 8 y, en su caso, con los procedimientos de seguridad para realizar trabajos de trasvase manual y mantenimiento en silos de almacenamiento, de ingreso a espacios confinados, de estiba y desestiba de productos flejados y empaquetados, entre otros.', 'fracc. 5.4, Inc. . ,  NOM-007-STPS-2000', 200.00, 1500.00, 5, 1, 1, '0000-00-00 00:00:00', '0000-00-00 00:00:00', NULL),
	(181, 1, 2, 'Default', 'Default', '5.5 Impartir a todos los trabajadores por lo menos durante cinco minutos, antes de iniciar cada jornada, platicas con indicaciones para:', 'fracc. 5.5, Inc. . ,  NOM-007-STPS-2000', 200.00, 1500.00, 6, 1, 1, '0000-00-00 00:00:00', '0000-00-00 00:00:00', NULL),
	(182, 1, 2, 'Default', 'Default', 'a) realizar las operaciones seguras;', 'fracc. 5.5, Inc.a. ,  NOM-007-STPS-2000', 200.00, 1500.00, 7, 1, 1, '0000-00-00 00:00:00', '0000-00-00 00:00:00', NULL),
	(183, 1, 2, 'Default', 'Default', 'b) prevenir riesgos de trabajo en el uso y mantenimiento de maquinaria, equipo y herramientas;', 'fracc. 5.5, Inc.b. ,  NOM-007-STPS-2000', 200.00, 1500.00, 8, 1, 1, '0000-00-00 00:00:00', '0000-00-00 00:00:00', NULL),
	(184, 1, 2, 'Default', 'Default', 'c) el correcto uso y mantenimiento del equipo de proteccion personal, o', 'fracc. 5.5, Inc.c . ,  NOM-007-STPS-2000', 200.00, 1500.00, 9, 1, 1, '0000-00-00 00:00:00', '0000-00-00 00:00:00', NULL),
	(185, 1, 2, 'Default', 'Default', 'd) la atencion de emergencias (primeros auxilios y combate de incendios).', 'fracc. 5.5, Inc.d. ,  NOM-007-STPS-2000', 200.00, 1500.00, 10, 1, 1, '0000-00-00 00:00:00', '0000-00-00 00:00:00', NULL),
	(186, 1, 2, 'Default', 'Default', '5.6 Contar con un registro de los temas de las platicas impartidas y de los trabajadores participantes.', 'fracc. 5.6, Inc.. ,  NOM-007-STPS-2000', 200.00, 1500.00, 11, 1, 1, '0000-00-00 00:00:00', '0000-00-00 00:00:00', NULL),
	(187, 1, 2, 'Default', 'Default', '5.7 Proporcionar capacitacion y adiestramiento a los trabajadores que manejen maquinaria o equipo agricola, conforme a lo establecido en los apartados 5.3 y 5.4, y extender por escrito, la autorizacion a los trabajadores capacitados y aptos para la operacion de maquinaria y equipo.', 'fracc. 5.7, Inc.. ,  NOM-007-STPS-2000', 200.00, 1500.00, 12, 1, 1, '0000-00-00 00:00:00', '0000-00-00 00:00:00', NULL),
	(188, 1, 2, 'Default', 'Default', '5.8 Proporcionar, de acuerdo a los riesgos de la actividad, el equipo de proteccion personal a los trabajadores expuestos, cumpliendo con lo establecido en la NOM-017-STPS-1993, y capacitarlos sobre las condiciones de uso, mantenimiento y reemplazo. A todos los trabajadores expuestos al sol, se les debe proporcionar, por lo menos, sombrero, gorra o casco.', 'fracc. 5.8, Inc.. ,  NOM-007-STPS-2000', 200.00, 1500.00, 13, 1, 1, '0000-00-00 00:00:00', '0000-00-00 00:00:00', NULL),
	(189, 1, 2, 'Default', 'Default', '5.9 Contar en las instalaciones con se', 'fracc. 5.9, Inc.. ,  NOM-007-STPS-2000', 200.00, 1500.00, 14, 1, 1, '0000-00-00 00:00:00', '0000-00-00 00:00:00', NULL),
	(190, 1, 2, 'Default', 'Default', '5.10 Contar con lugares ventilados para el suministro de combustible a la maquinaria y equipo.', 'fracc. 5.10, Inc.. ,  NOM-007-STPS-2000', 200.00, 1500.00, 15, 1, 1, '0000-00-00 00:00:00', '0000-00-00 00:00:00', NULL),
	(191, 1, 2, 'Default', 'Default', '5.11 En caso de contar con recipientes sujetos a presion o generadores de vapor instalados, debe cumplir con lo establecido en la NOM-122-STPS-1996.', 'fracc. 5.11, Inc.. ,  NOM-007-STPS-2000', 200.00, 1500.00, 16, 1, 1, '0000-00-00 00:00:00', '0000-00-00 00:00:00', NULL),
	(192, 1, 2, 'Default', 'Default', '5.12 Contar con las comisiones de seguridad e higiene, de conformidad con lo establecido en la NOM-019-STPS-1993.', 'fracc. 5.12, Inc.. ,  NOM-007-STPS-2000', 200.00, 1500.00, 17, 1, 1, '0000-00-00 00:00:00', '0000-00-00 00:00:00', NULL),
	(193, 1, 2, 'Default', 'Default', '5.13 Informar a la Secretaria del Trabajo y Prevision Social sobre los riesgos de trabajo que ocurran en su centro de trabajo, de conformidad con lo establecido en la NOM-021-STPS-1993.', 'fracc. 5.13, Inc.. ,  NOM-007-STPS-2000', 200.00, 1500.00, 18, 1, 1, '0000-00-00 00:00:00', '0000-00-00 00:00:00', NULL),
	(194, 1, 2, 'Default', 'Default', '5.14 Prohibir a los trabajadores que realicen actividades al aire libre, cuando se presenten tormentas electricas.', 'fracc. 5.14, Inc.. ,  NOM-007-STPS-2000', 200.00, 1500.00, 19, 1, 1, '0000-00-00 00:00:00', '0000-00-00 00:00:00', NULL),
	(195, 1, 2, 'Default', 'Default', '5.15 Prohibir que se realice carga manual de materiales:', 'fracc. 5.15, Inc.. ,  NOM-007-STPS-2000', 200.00, 1500.00, 20, 1, 1, '0000-00-00 00:00:00', '0000-00-00 00:00:00', NULL),
	(196, 1, 2, 'Default', 'Default', 'a) con pesos de mas de 50 kg a trabajadores varones mayores de 18 a', 'fracc. 5.15, Inc.a. ,  NOM-007-STPS-2000', 200.00, 1500.00, 21, 1, 1, '0000-00-00 00:00:00', '0000-00-00 00:00:00', NULL),
	(197, 1, 2, 'Default', 'Default', 'b) con pesos de mas de 35 kg a trabajadores varones menores de 18 a', 'fracc. 5.15, Inc.b. ,  NOM-007-STPS-2000', 200.00, 1500.00, 22, 1, 1, '0000-00-00 00:00:00', '0000-00-00 00:00:00', NULL),
	(198, 1, 2, 'Default', 'Default', 'c) con pesos de mas de 20 kg a mujeres;', 'fracc. 5.15, Inc.c. ,  NOM-007-STPS-2000', 200.00, 1500.00, 23, 1, 1, '0000-00-00 00:00:00', '0000-00-00 00:00:00', NULL),
	(199, 1, 2, 'Default', 'Default', 'd) a mujeres en estado de gestacion y durante las 10 semanas posteriores al parto.', 'fracc. 5.15, Inc.d. ,  NOM-007-STPS-2000', 200.00, 1500.00, 24, 1, 1, '0000-00-00 00:00:00', '0000-00-00 00:00:00', NULL),
	(200, 1, 2, 'Default', 'Default', '5.16 Contar con personal capacitado para brindar los primeros auxilios y con botiquin de primeros auxilios, conforme a lo establecido en el capitulo 9.', 'fracc. 5.16, Inc.. ,  NOM-007-STPS-2000', 200.00, 1500.00, 25, 1, 1, '0000-00-00 00:00:00', '0000-00-00 00:00:00', NULL),
	(201, 1, 2, 'Default', 'Default', '5.17 Proporcionar a los trabajadores la maquinaria, equipo y herramientas necesarias con las caracteristicas tecnicas para el desempe', 'fracc. 5.17, Inc.. ,  NOM-007-STPS-2000', 200.00, 1500.00, 26, 1, 1, '0000-00-00 00:00:00', '0000-00-00 00:00:00', NULL),
	(202, 1, 2, 'Default', 'Default', '5.18 Si se realizan actividades de soldadura y corte, se debe cumplir con lo que establezca la Norma Oficial Mexicana correspondiente.', 'fracc. 5.18, Inc.. ,  NOM-007-STPS-2000', 200.00, 1500.00, 27, 1, 1, '0000-00-00 00:00:00', '0000-00-00 00:00:00', NULL),
	(203, 1, 2, 'Default', 'Default', '6. Obligaciones de los trabajadores', '', 200.00, 1500.00, 28, 1, 1, '0000-00-00 00:00:00', '0000-00-00 00:00:00', NULL),
	(204, 1, 2, 'Default', 'Default', '6.1 Cumplir con las instrucciones de uso, mantenimiento y reemplazo del equipo de proteccion personal proporcionado por el patron. 50 DIARIO OFICIAL viernes 09 de marzo de 2001', 'fracc. 6.1, Inc. . ,  NOM-007-STPS-2000', 200.00, 1500.00, 29, 1, 1, '0000-00-00 00:00:00', '0000-00-00 00:00:00', NULL),
	(205, 1, 2, 'Default', 'Default', '6.2 Participar en la capacitacion, adiestramiento y platicas de seguridad proporcionadas por el patron.', 'fracc. 6.2, Inc. . ,  NOM-007-STPS-2000', 200.00, 1500.00, 30, 1, 1, '0000-00-00 00:00:00', '0000-00-00 00:00:00', NULL),
	(206, 1, 2, 'Default', 'Default', '6.3 Informar al patron de toda condicion peligrosa que detecten en sus areas de trabajo y que no puedan subsanar por si mismos.', 'fracc. 6.3, Inc. . ,  NOM-007-STPS-2000', 200.00, 1500.00, 31, 1, 1, '0000-00-00 00:00:00', '0000-00-00 00:00:00', NULL),
	(207, 1, 2, 'Default', 'Default', '6.4 Verificar que sus herramientas, equipo y maquinaria se encuentren en condiciones seguras de operacion, antes de realizar cualquier actividad.', 'fracc. 6.4, Inc. . ,  NOM-007-STPS-2000', 200.00, 1500.00, 32, 1, 1, '0000-00-00 00:00:00', '0000-00-00 00:00:00', NULL),
	(208, 1, 2, 'Default', 'Default', '6.5 Someterse a los examenes medicos que el patron les indique.', 'fracc. 6.5, Inc. . ,  NOM-007-STPS-2000', 200.00, 1500.00, 33, 1, 1, '0000-00-00 00:00:00', '0000-00-00 00:00:00', NULL),
	(209, 1, 2, 'Default', 'Default', '6.6 No resguardarse bajo los arboles cuando se presenten tormentas electricas.', 'fracc. 6.6, Inc.. ,  NOM-007-STPS-2000', 200.00, 1500.00, 34, 1, 1, '0000-00-00 00:00:00', '0000-00-00 00:00:00', NULL),
	(210, 1, 2, 'Default', 'Default', '6.7 Las mujeres deben notificar al patron cuando se encuentren en estado de gestacion.', 'fracc. 6.7, Inc.. ,  NOM-007-STPS-2000', 200.00, 1500.00, 35, 1, 1, '0000-00-00 00:00:00', '0000-00-00 00:00:00', NULL),
	(211, 1, 2, 'Default', 'Default', '7. Condiciones de seguridad', '', 200.00, 1500.00, 36, 1, 1, '0000-00-00 00:00:00', '0000-00-00 00:00:00', NULL),
	(212, 1, 2, 'Default', 'Default', '7.1 Para equipo y maquinaria:', 'fracc. 7.1, Inc.. ,  NOM-007-STPS-2000', 200.00, 1500.00, 37, 1, 1, '0000-00-00 00:00:00', '0000-00-00 00:00:00', NULL),
	(213, 1, 2, 'Default', 'Default', 'a) aquella que opere en lugar fijo debe estar protegida con dispositivos y protecciones de seguridad, de conformidad con lo que establece la NOM-004-STPS-1999;', 'fracc. 7.1, Inc.a. ,  NOM-007-STPS-2000', 200.00, 1500.00, 38, 1, 1, '0000-00-00 00:00:00', '0000-00-00 00:00:00', NULL),
	(214, 1, 2, 'Default', 'Default', 'b) cuando por la actividad del trabajador, exista riesgo de entrar en contacto con los elementos o partes moviles de maquinaria o equipo que no opere en lugar fijo, se debe proteger o cubrir la zona de recorrido de los contrapesos y mecanismos oscilantes o rotatorios;', 'fracc. 7.1, Inc.b. ,  NOM-007-STPS-2000', 200.00, 1500.00, 39, 1, 1, '0000-00-00 00:00:00', '0000-00-00 00:00:00', NULL),
	(215, 1, 2, 'Default', 'Default', 'c) estar provistos de dispositivos de bloqueo para evitar su accionamiento accidental o involuntario;', 'fracc. 7.1, Inc.c. ,  NOM-007-STPS-2000', 200.00, 1500.00, 40, 1, 1, '0000-00-00 00:00:00', '0000-00-00 00:00:00', NULL),
	(216, 1, 2, 'Default', 'Default', 'd) contar con sistemas de paro de emergencia;', 'fracc. 7.1, Inc.d. ,  NOM-007-STPS-2000', 200.00, 1500.00, 41, 1, 1, '0000-00-00 00:00:00', '0000-00-00 00:00:00', NULL),
	(217, 1, 2, 'Default', 'Default', 'e) los mecanismos de acoplamiento de los implementos y remolques, tales como pasadores, seguros o chavetas, deben impedir el desenganche accidental;', 'fracc. 7.1, Inc.e. ,  NOM-007-STPS-2000', 200.00, 1500.00, 42, 1, 1, '0000-00-00 00:00:00', '0000-00-00 00:00:00', NULL),
	(218, 1, 2, 'Default', 'Default', 'f) contar con un sistema de bloqueo de energia para efectuar trabajos de mantenimiento, en aquellos equipos o maquinarias que operen en lugar fijo;', 'fracc. 7.1, Inc.f. ,  NOM-007-STPS-2000', 200.00, 1500.00, 43, 1, 1, '0000-00-00 00:00:00', '0000-00-00 00:00:00', NULL),
	(219, 1, 2, 'Default', 'Default', 'g) los tractores, cosechadoras, trascavos, motoconformadoras, vehiculos y maquinaria con propulsion propia, deben cumplir con lo siguiente:', 'fracc. 7.1, Inc.g. ,  NOM-007-STPS-2000', 200.00, 1500.00, 44, 1, 1, '0000-00-00 00:00:00', '0000-00-00 00:00:00', NULL),
	(220, 1, 2, 'Default', 'Default', '1) que el sistema de frenado tenga la capacidad suficiente para detener su desplazamiento con la carga maxima;', 'fracc. 7.1, Inc.g.1 ,  NOM-007-STPS-2000', 200.00, 1500.00, 45, 1, 1, '0000-00-00 00:00:00', '0000-00-00 00:00:00', NULL),
	(221, 1, 2, 'Default', 'Default', '2) asientos que permitan ajustarse a las dimensiones del operador, firmemente asegurados a la estructura, y colocados de manera que permitan la visibilidad de la zona de trabajo;', 'fracc. 7.1, Inc.g.2,  NOM-007-STPS-2000', 200.00, 1500.00, 46, 1, 1, '0000-00-00 00:00:00', '0000-00-00 00:00:00', NULL),
	(222, 1, 2, 'Default', 'Default', '3) contar con un espejo retrovisor;', 'fracc. 7.1, Inc.g.3,  NOM-007-STPS-2000', 200.00, 1500.00, 47, 1, 1, '0000-00-00 00:00:00', '0000-00-00 00:00:00', NULL),
	(223, 1, 2, 'Default', 'Default', '4) en caso de trabajo nocturno, contar con luces para su circulacion;', 'fracc. 7.1, Inc.g.4,  NOM-007-STPS-2000', 200.00, 1500.00, 48, 1, 1, '0000-00-00 00:00:00', '0000-00-00 00:00:00', NULL),
	(224, 1, 2, 'Default', 'Default', '5) contar con estructura circundante al operador que lo proteja contra el sol y volcaduras;', 'fracc. 7.1, Inc.g.5,  NOM-007-STPS-2000', 200.00, 1500.00, 49, 1, 1, '0000-00-00 00:00:00', '0000-00-00 00:00:00', NULL),
	(225, 1, 2, 'Default', 'Default', '6) contar con un extintor de acuerdo al tipo de fuego que se pueda presentar;', 'fracc. 7.1, Inc.g.6,  NOM-007-STPS-2000', 200.00, 1500.00, 50, 1, 1, '0000-00-00 00:00:00', '0000-00-00 00:00:00', NULL),
	(226, 1, 2, 'Default', 'Default', '7) los pedales y mandos deben estar limpios y accesibles al trabajador, para su accionamiento seguro;', 'fracc. 7.1, Inc.g.7,  NOM-007-STPS-2000', 200.00, 1500.00, 51, 1, 1, '0000-00-00 00:00:00', '0000-00-00 00:00:00', NULL),
	(227, 1, 2, 'Default', 'Default', '8) contar con silenciador para evitar ruidos excesivos provocados por el funcionamiento de los motores, proporcionar el equipo de proteccion auditiva, como tapones, conchas u orejeras que atenuen frecuencias graves, y practicar los examenes medicos audiometricos a los trabajadores expuestos a ruido.', 'fracc. 7.1, Inc.g.8,  NOM-007-STPS-2000', 200.00, 1500.00, 52, 1, 1, '0000-00-00 00:00:00', '0000-00-00 00:00:00', NULL),
	(228, 1, 2, 'Default', 'Default', '7.2 Para herramientas.', '', 200.00, 1500.00, 53, 1, 1, '0000-00-00 00:00:00', '0000-00-00 00:00:00', NULL),
	(229, 1, 2, 'Default', 'Default', '7.2.1 Todas las herramientas deben cumplir con las siguientes condiciones de seguridad:', 'fracc. 7.2.1, Inc.. ,  NOM-007-STPS-2000', 200.00, 1500.00, 54, 1, 1, '0000-00-00 00:00:00', '0000-00-00 00:00:00', NULL),
	(230, 1, 2, 'Default', 'Default', 'a) ser de uso exclusivo para las funciones para las que fueron dise', 'fracc. 7.2.1, Inc.a. ,  NOM-007-STPS-2000', 200.00, 1500.00, 55, 1, 1, '0000-00-00 00:00:00', '0000-00-00 00:00:00', NULL),
	(231, 1, 2, 'Default', 'Default', 'b) que sus mangos permitan que el trabajador las sujete firmemente con seguridad;', 'fracc. 7.2.1, Inc.b. ,  NOM-007-STPS-2000', 200.00, 1500.00, 56, 1, 1, '0000-00-00 00:00:00', '0000-00-00 00:00:00', NULL),
	(232, 1, 2, 'Default', 'Default', 'c) ser almacenadas en un lugar destinado para tal fin;', 'fracc. 7.2.1, Inc.c. ,  NOM-007-STPS-2000', 200.00, 1500.00, 57, 1, 1, '0000-00-00 00:00:00', '0000-00-00 00:00:00', NULL),
	(233, 1, 2, 'Default', 'Default', 'd) ser transportadas en forma segura, de tal manera que se eviten lesiones a los trabajadores;', 'fracc. 7.2.1, Inc.d. ,  NOM-007-STPS-2000', 200.00, 1500.00, 58, 1, 1, '0000-00-00 00:00:00', '0000-00-00 00:00:00', NULL),
	(234, 1, 2, 'Default', 'Default', 'e) en su almacenamiento y transportacion, deberan estar protegidas en sus partes punzocortantes.', 'fracc. 7.2.1, Inc.e. ,  NOM-007-STPS-2000', 200.00, 1500.00, 59, 1, 1, '0000-00-00 00:00:00', '0000-00-00 00:00:00', NULL),
	(235, 1, 2, 'Default', 'Default', '7.2.2 Las herramientas con fuente de energia, ademas de lo establecido en el apartado 7.2.1, deben cumplir con las siguientes condiciones de seguridad:', 'fracc. 7.2.2, Inc.. ,  NOM-007-STPS-2000', 200.00, 1500.00, 60, 1, 1, '0000-00-00 00:00:00', '0000-00-00 00:00:00', NULL),
	(236, 1, 2, 'Default', 'Default', 'a) contar con protectores para evitar la proyeccion de particulas hacia los trabajadores;', 'fracc. 7.2.2, Inc.a. ,  NOM-007-STPS-2000', 200.00, 1500.00, 61, 1, 1, '0000-00-00 00:00:00', '0000-00-00 00:00:00', NULL),
	(237, 1, 2, 'Default', 'Default', 'b) los mangos, en su caso, deben ser de material absorbente para disminuir los efectos de la vibracion; 50 DIARIO OFICIAL viernes 09 de marzo de 2001', 'fracc. 7.2.2, Inc.b. ,  NOM-007-STPS-2000', 200.00, 1500.00, 62, 1, 1, '0000-00-00 00:00:00', '0000-00-00 00:00:00', NULL),
	(238, 1, 2, 'Default', 'Default', 'c) contar con dispositivos o interruptores para evitar el accionamiento accidental;', 'fracc. 7.2.2, Inc.c. ,  NOM-007-STPS-2000', 200.00, 1500.00, 63, 1, 1, '0000-00-00 00:00:00', '0000-00-00 00:00:00', NULL),
	(239, 1, 2, 'Default', 'Default', 'd) los elementos de suministro de energia como los cables, clavijas y contactos, deben estar en condiciones seguras.', 'fracc. 7.2.2, Inc.d. ,  NOM-007-STPS-2000', 200.00, 1500.00, 64, 1, 1, '0000-00-00 00:00:00', '0000-00-00 00:00:00', NULL),
	(240, 1, 2, 'Default', 'Default', '7.3 En instalaciones.', '', 200.00, 1500.00, 65, 1, 1, '0000-00-00 00:00:00', '0000-00-00 00:00:00', NULL),
	(241, 1, 2, 'Default', 'Default', '7.3.1 Las puertas deben abrir en el sentido de flujo de los trabajadores, para llegar rapido a un lugar seguro en caso de emergencia.', 'fracc. 7.3.1, Inc.. ,  NOM-007-STPS-2000', 200.00, 1500.00, 66, 1, 1, '0000-00-00 00:00:00', '0000-00-00 00:00:00', NULL),
	(242, 1, 2, 'Default', 'Default', '7.3.2 Las puertas que cierren verticalmente, deben contar con contrapesos u otros dispositivos que eviten su caida o cierre accidental.', 'fracc. 7.3.2, Inc.. ,  NOM-007-STPS-2000', 200.00, 1500.00, 67, 1, 1, '0000-00-00 00:00:00', '0000-00-00 00:00:00', NULL),
	(243, 1, 2, 'Default', 'Default', '7.3.3 Las paredes de los locales destinados al almacenamiento de forrajes y productos cosechados o deshidratados, contiguas a otras instalaciones, deben ser de materiales resistentes al fuego para evitar su propagacion.', 'fracc. 7.3.3, Inc.. ,  NOM-007-STPS-2000', 200.00, 1500.00, 68, 1, 1, '0000-00-00 00:00:00', '0000-00-00 00:00:00', NULL),
	(244, 1, 2, 'Default', 'Default', '7.3.4 Las tapas de los registros de drenaje deben ser resistentes al paso de personas, animales o vehiculos, y estar aseguradas para evitar su desplazamiento accidental.', 'fracc. 7.3.4, Inc.. ,  NOM-007-STPS-2000', 200.00, 1500.00, 69, 1, 1, '0000-00-00 00:00:00', '0000-00-00 00:00:00', NULL),
	(245, 1, 2, 'Default', 'Default', '7.3.5 Los pisos de los pasillos de transito de trabajadores y vehiculos, no deben estar obstruidos o ser resbaladizos, ni tener salientes.', 'fracc. 7.3.5, Inc.. ,  NOM-007-STPS-2000', 200.00, 1500.00, 70, 1, 1, '0000-00-00 00:00:00', '0000-00-00 00:00:00', NULL),
	(246, 1, 2, 'Default', 'Default', '7.3.6 Los edificios, escaleras y escalas fijas, deben cumplir con lo establecido en la NOM-001-STPS-1999.', 'fracc. 7.3.6, Inc.. ,  NOM-007-STPS-2000', 200.00, 1500.00, 71, 1, 1, '0000-00-00 00:00:00', '0000-00-00 00:00:00', NULL),
	(247, 1, 2, 'Default', 'Default', '7.3.7 En las partes altas de los silos y edificaciones, se deben instalar pararrayos conectados a tierra fisica independiente, segun lo establecido en la NOM-022-STPS-1999.', 'fracc. 7.3.7, Inc.. ,  NOM-007-STPS-2000', 200.00, 1500.00, 72, 1, 1, '0000-00-00 00:00:00', '0000-00-00 00:00:00', NULL),
	(248, 1, 2, 'Default', 'Default', '7.4 Para la proteccion y combate de incendios en instalaciones.', '', 200.00, 1500.00, 73, 1, 1, '0000-00-00 00:00:00', '0000-00-00 00:00:00', NULL),
	(249, 1, 2, 'Default', 'Default', '7.4.1 En toda instalacion, por cada 300m2, se debe contar al menos con alguno de los siguientes medios de extincion de fuegos:', 'fracc. 7.4.1, Inc.. ,  NOM-007-STPS-2000', 200.00, 1500.00, 74, 1, 1, '0000-00-00 00:00:00', '0000-00-00 00:00:00', NULL),
	(250, 1, 2, 'Default', 'Default', 'a) extintor de acuerdo al tipo de fuego que se pueda presentar y ubicado a una altura del piso no menor de 10 cm, medidos del suelo a la parte mas baja del mismo y a una altura maxima de 1.50 m, medidos del piso a la parte mas alta del extintor. Los extintores deben cumplir con lo establecido en la NOM-002-STPS-2000;', 'fracc. 7.4.1, Inc.a. ,  NOM-007-STPS-2000', 200.00, 1500.00, 75, 1, 1, '0000-00-00 00:00:00', '0000-00-00 00:00:00', NULL),
	(251, 1, 2, 'Default', 'Default', 'b) deposito de al menos 1m3 con arena, tierra o agua y un medio para aplicarlo.', 'fracc. 7.4.1, Inc.b. ,  NOM-007-STPS-2000', 200.00, 1500.00, 76, 1, 1, '0000-00-00 00:00:00', '0000-00-00 00:00:00', NULL),
	(252, 1, 2, 'Default', 'Default', '7.4.2 Todo medio de extincion de fuegos debe cumplir con:', 'fracc. 7.4.2, Inc.. ,  NOM-007-STPS-2000', 200.00, 1500.00, 77, 1, 1, '0000-00-00 00:00:00', '0000-00-00 00:00:00', NULL),
	(253, 1, 2, 'Default', 'Default', 'a) estar ubicado en un lugar de facil acceso y libre de obstaculos;', 'fracc. 7.4.2, Inc.a. ,  NOM-007-STPS-2000', 200.00, 1500.00, 78, 1, 1, '0000-00-00 00:00:00', '0000-00-00 00:00:00', NULL),
	(254, 1, 2, 'Default', 'Default', 'b) estar se', 'fracc. 7.4.2, Inc.b. ,  NOM-007-STPS-2000', 200.00, 1500.00, 79, 1, 1, '0000-00-00 00:00:00', '0000-00-00 00:00:00', NULL),
	(255, 1, 2, 'Default', 'Default', '7.5 En instalaciones electricas.', '', 200.00, 1500.00, 80, 1, 1, '0000-00-00 00:00:00', '0000-00-00 00:00:00', NULL),
	(256, 1, 2, 'Default', 'Default', '7.5.1 La maquinaria que opere en un lugar fijo y que sea alimentada por energia electrica, debe estar conectada a tierra de acuerdo a las recomendaciones del fabricante.', 'fracc. 7.5.1, Inc.. ,  NOM-007-STPS-2000', 200.00, 1500.00, 81, 1, 1, '0000-00-00 00:00:00', '0000-00-00 00:00:00', NULL),
	(257, 1, 2, 'Default', 'Default', '7.5.2 No deben existir instalaciones electricas provisionales.', 'fracc. 7.5.2, Inc.. ,  NOM-007-STPS-2000', 200.00, 1500.00, 82, 1, 1, '0000-00-00 00:00:00', '0000-00-00 00:00:00', NULL),
	(258, 1, 2, 'Default', 'Default', '7.5.3 Los motores, disyuntores, conductores electricos, tableros y cualquier otro elemento electrico, deben cumplir con lo siguiente:', 'fracc. 7.5.3, Inc.. ,  NOM-007-STPS-2000', 200.00, 1500.00, 83, 1, 1, '0000-00-00 00:00:00', '0000-00-00 00:00:00', NULL),
	(259, 1, 2, 'Default', 'Default', 'a) estar aislados electricamente;', 'fracc. 7.5.3, Inc.a. ,  NOM-007-STPS-2000', 200.00, 1500.00, 84, 1, 1, '0000-00-00 00:00:00', '0000-00-00 00:00:00', NULL),
	(260, 1, 2, 'Default', 'Default', 'b) estar protegidos contra la lluvia;', 'fracc. 7.5.3, Inc.b. ,  NOM-007-STPS-2000', 200.00, 1500.00, 85, 1, 1, '0000-00-00 00:00:00', '0000-00-00 00:00:00', NULL),
	(261, 1, 2, 'Default', 'Default', 'c) ser a prueba de explosion, en caso de que operen en atmosferas inflamables o explosivas.', 'fracc. 7.5.3, Inc.c. ,  NOM-007-STPS-2000', 200.00, 1500.00, 86, 1, 1, '0000-00-00 00:00:00', '0000-00-00 00:00:00', NULL),
	(262, 1, 2, 'Default', 'Default', '7.5.4 Los tableros de control deben contar con fusibles, protectores de circuito o cualquier otro dispositivo de seguridad para la toma de corriente, y estar protegidos para evitar contactos accidentales.', 'fracc. 7.5.4, Inc.. ,  NOM-007-STPS-2000', 200.00, 1500.00, 87, 1, 1, '0000-00-00 00:00:00', '0000-00-00 00:00:00', NULL),
	(263, 1, 2, 'Default', 'Default', '8. Contenido de los procedimientos de seguridad', '', 200.00, 1500.00, 88, 1, 1, '0000-00-00 00:00:00', '0000-00-00 00:00:00', NULL),
	(264, 1, 2, 'Default', 'Default', '8.1 Los procedimientos de seguridad de la maquinaria o equipo deben contener al menos:', 'fracc. 8.1,, Inc.. ,  NOM-007-STPS-2000', 200.00, 1500.00, 89, 1, 1, '0000-00-00 00:00:00', '0000-00-00 00:00:00', NULL),
	(265, 1, 2, 'Default', 'Default', 'a) tipo de equipo y maquinaria;', 'fracc. 8.1,, Inc.a. ,  NOM-007-STPS-2000', 200.00, 1500.00, 90, 1, 1, '0000-00-00 00:00:00', '0000-00-00 00:00:00', NULL),
	(266, 1, 2, 'Default', 'Default', 'b) periodicidad de mantenimiento;', 'fracc. 8.1,, Inc.b. ,  NOM-007-STPS-2000', 200.00, 1500.00, 91, 1, 1, '0000-00-00 00:00:00', '0000-00-00 00:00:00', NULL),
	(267, 1, 2, 'Default', 'Default', 'c) instrucciones al operador para que frene, apague y, en su caso, retire las llaves de encendido cuando abandone la maquinaria o el equipo; 50 DIARIO OFICIAL viernes 09 de marzo de 2001', 'fracc. 8.1,, Inc.c. ,  NOM-007-STPS-2000', 200.00, 1500.00, 92, 1, 1, '0000-00-00 00:00:00', '0000-00-00 00:00:00', NULL),
	(268, 1, 2, 'Default', 'Default', 'd) instrucciones para que el operador realice la inspeccion, engrase, regulacion, limpieza o reparacion de la maquinaria, equipo, motores o mecanismos de transmision, cuando no se encuentren partes en movimiento;', 'fracc. 8.1,, Inc.d. ,  NOM-007-STPS-2000', 200.00, 1500.00, 93, 1, 1, '0000-00-00 00:00:00', '0000-00-00 00:00:00', NULL),
	(269, 1, 2, 'Default', 'Default', 'e) instrucciones para que los implementos acoplados a la maquinaria deban estar apoyados en el piso, cuando no este en uso;', 'fracc. 8.1,, Inc.e. ,  NOM-007-STPS-2000', 200.00, 1500.00, 94, 1, 1, '0000-00-00 00:00:00', '0000-00-00 00:00:00', NULL),
	(270, 1, 2, 'Default', 'Default', 'f) determinacion de si alguna de sus partes o recipientes se considera como espacio confinado.', 'fracc. 8.1,, Inc.f. ,  NOM-007-STPS-2000', 200.00, 1500.00, 95, 1, 1, '0000-00-00 00:00:00', '0000-00-00 00:00:00', NULL),
	(271, 1, 2, 'Default', 'Default', '8.2 Los procedimientos de seguridad de las herramientas deben contener al menos:', 'fracc. 8.2,, Inc.. ,  NOM-007-STPS-2000', 200.00, 1500.00, 96, 1, 1, '0000-00-00 00:00:00', '0000-00-00 00:00:00', NULL),
	(272, 1, 2, 'Default', 'Default', 'a) tipo de herramienta;', 'fracc. 8.2,, Inc.a. ,  NOM-007-STPS-2000', 200.00, 1500.00, 97, 1, 1, '0000-00-00 00:00:00', '0000-00-00 00:00:00', NULL),
	(273, 1, 2, 'Default', 'Default', 'b) instrucciones para que cuando se pruebe el filo de las herramientas, se haga con madera, ramas u otros materiales y no con los dedos, manos u otra parte del cuerpo;', 'fracc. 8.2,, Inc.b. ,  NOM-007-STPS-2000', 200.00, 1500.00, 98, 1, 1, '0000-00-00 00:00:00', '0000-00-00 00:00:00', NULL),
	(274, 1, 2, 'Default', 'Default', 'c) instrucciones para inspeccionarse antes de iniciar las actividades.', 'fracc. 8.2,, Inc.c. ,  NOM-007-STPS-2000', 200.00, 1500.00, 99, 1, 1, '0000-00-00 00:00:00', '0000-00-00 00:00:00', NULL),
	(275, 1, 2, 'Default', 'Default', '9. Primeros auxilios', '', 200.00, 1500.00, 100, 1, 1, '0000-00-00 00:00:00', '0000-00-00 00:00:00', NULL),
	(276, 1, 2, 'Default', 'Default', '9.1 En los centros de trabajo se debe contar con botiquin de primeros auxilios, con instructivo para su uso y con materiales para atender:', 'fracc. 9.1, Inc.. ,  NOM-007-STPS-2000', 200.00, 1500.00, 101, 1, 1, '0000-00-00 00:00:00', '0000-00-00 00:00:00', NULL),
	(277, 1, 2, 'Default', 'Default', 'a) quemaduras;', 'fracc. 9.1, Inc.a. ,  NOM-007-STPS-2000', 200.00, 1500.00, 102, 1, 1, '0000-00-00 00:00:00', '0000-00-00 00:00:00', NULL),
	(278, 1, 2, 'Default', 'Default', 'b) cortaduras;', 'fracc. 9.1, Inc.b. ,  NOM-007-STPS-2000', 200.00, 1500.00, 103, 1, 1, '0000-00-00 00:00:00', '0000-00-00 00:00:00', NULL),
	(279, 1, 2, 'Default', 'Default', 'c) fracturas;', 'fracc. 9.1, Inc.c. ,  NOM-007-STPS-2000', 200.00, 1500.00, 104, 1, 1, '0000-00-00 00:00:00', '0000-00-00 00:00:00', NULL),
	(280, 1, 2, 'Default', 'Default', 'd) insolacion;', 'fracc. 9.1, Inc.d. ,  NOM-007-STPS-2000', 200.00, 1500.00, 105, 1, 1, '0000-00-00 00:00:00', '0000-00-00 00:00:00', NULL),
	(281, 1, 2, 'Default', 'Default', 'e) picaduras o mordeduras de animales.', 'fracc. 9.1, Inc.e. ,  NOM-007-STPS-2000', 200.00, 1500.00, 106, 1, 1, '0000-00-00 00:00:00', '0000-00-00 00:00:00', NULL),
	(282, 1, 2, 'Default', 'Default', '9.2 La aplicacion de medicamentos debe ser realizada por personal especificamente capacitado en la materia.', 'fracc. 9.2, Inc.e. ,  NOM-007-STPS-2000', 200.00, 1500.00, 107, 1, 1, '0000-00-00 00:00:00', '0000-00-00 00:00:00', NULL),
	(283, 1, 3, 'Default', 'Default', '5. Obligaciones del patron', '', 100.00, 15000.00, 1, 1, 1, '0000-00-00 00:00:00', '0000-00-00 00:00:00', NULL),
	(284, 1, 3, 'Default', 'Default', '5.1 Mostrar a la autoridad del trabajo, cuando esta asi lo solicite, los documentos que la presente Norma le obligue a elaborar o poseer.', 'fracc.5.1,Inc.,NOM-008-STPS-2001', 100.00, 15000.00, 2, 1, 1, '0000-00-00 00:00:00', '0000-00-00 00:00:00', NULL),
	(285, 1, 3, 'Default', 'Default', '5.2 Elaborar el analisis de riesgos potenciales en las areas de aprovechamiento forestal maderable y en los aserraderos, de acuerdo con lo establecido en el capitulo 7.', 'fracc.5.2,Inc.,NOM-008-STPS-2001', 100.00, 15000.00, 3, 1, 1, '0000-00-00 00:00:00', '0000-00-00 00:00:00', NULL),
	(286, 1, 3, 'Default', 'Default', '5.3 Informar a todos los trabajadores sobre los riesgos que se puedan presentar en relacion con la flora, fauna y caracteristicas del lugar donde desarrollen actividades de aprovechamiento forestal maderable, y de los riesgos que resultan de usar la maquinaria y equipo.', 'fracc.5.3,Inc.,NOM-008-STPS-2001', 100.00, 15000.00, 4, 1, 1, '0000-00-00 00:00:00', '0000-00-00 00:00:00', NULL),
	(287, 1, 3, 'Default', 'Default', '5.4 Contar, de acuerdo a la naturaleza de sus actividades, con las condiciones y procedimientos de seguridad e higiene que se requieran derivados del analisis de riesgos potenciales a que se refiere el Capitulo 7, y segun lo establecido en los capitulos 8 y 9.', 'fracc.5.4,Inc.,NOM-008-STPS-2001', 100.00, 15000.00, 5, 1, 1, '0000-00-00 00:00:00', '0000-00-00 00:00:00', NULL),
	(288, 1, 3, 'Default', 'Default', '5.5 Impartir a los trabajadores dedicados al aprovechamiento forestal maderable, durante al menos 5 minutos antes de iniciar cada jornada de trabajo, platicas relacionadas con el cumplimiento de los procedimientos y condiciones de seguridad que se deben seguir para realizar el trabajo, enfatizando sobre la ubicacion de su area de aprovechamiento, recorrido, ubicacion del punto de reunion en caso de una emergencia y la importancia del uso del equipo de proteccion personal, entre otros, ademas de ', 'fracc.5.5,Inc.,NOM-008-STPS-2001', 100.00, 15000.00, 6, 1, 1, '0000-00-00 00:00:00', '0000-00-00 00:00:00', NULL),
	(289, 1, 3, 'Default', 'Default', '5.6 Impartir a los trabajadores de los aserraderos durante al menos 5 minutos antes de iniciar cada jornada de trabajo, platicas relacionadas con el cumplimiento de los procedimientos y condiciones de seguridad e higiene establecidos en el centro de trabajo, entre las que se deben destacar: el uso del equipo de proteccion personal; el significado de las se', 'fracc.5.6,Inc.,NOM-008-STPS-2001', 100.00, 15000.00, 7, 1, 1, '0000-00-00 00:00:00', '0000-00-00 00:00:00', NULL),
	(290, 1, 3, 'Default', 'Default', '5.7 Capacitar a los trabajadores, segun corresponda, en las condiciones y procedimientos de seguridad e higiene enunciados en el apartado 5.4.', 'fracc.5.7,Inc.,NOM-008-STPS-2001', 100.00, 15000.00, 8, 1, 1, '0000-00-00 00:00:00', '0000-00-00 00:00:00', NULL),
	(291, 1, 3, 'Default', 'Default', '5.8 Autorizar por escrito a los trabajadores capacitados para: derribar arboles, conducir los tractores, realizar actividades de soldadura y corte, y para el manejo de maquinaria para izar y de aserrado.', 'fracc.5.8,Inc.,NOM-008-STPS-2001', 100.00, 15000.00, 9, 1, 1, '0000-00-00 00:00:00', '0000-00-00 00:00:00', NULL),
	(292, 1, 3, 'Default', 'Default', '5.9 Contar con recursos materiales para combate de incendios y primeros auxilios, segun se establece en los apartados 8.2.1, incisos c) y d), 9.6 y 9.9. Los extintores y equipo fijo contra incendios deben cumplir con lo establecido en los apartados 5.5 y 5.6 de la NOM-002-STPS-2000.', 'fracc.5.9,Inc.,NOM-008-STPS-2001', 100.00, 15000.00, 10, 1, 1, '0000-00-00 00:00:00', '0000-00-00 00:00:00', NULL),
	(293, 1, 3, 'Default', 'Default', '5.10 Capacitar a los trabajadores en la prevencion de riesgos de incendio, manejo de extintores y para realizar las actividades de rescate y salvamento.', 'fracc.5.10,Inc.,NOM-008-STPS-2001', 100.00, 15000.00, 11, 1, 1, '0000-00-00 00:00:00', '0000-00-00 00:00:00', NULL),
	(294, 1, 3, 'Default', 'Default', '5.11 Efectuar simulacros de incendio, de evacuacion y de rescate y salvamento, por lo menos una vez cada 6 meses.', 'fracc.5.11,Inc.,NOM-008-STPS-2001', 100.00, 15000.00, 12, 1, 1, '0000-00-00 00:00:00', '0000-00-00 00:00:00', NULL),
	(295, 1, 3, 'Default', 'Default', '5.12 Contar con procedimientos de orden para el almacenamiento de materia prima, producto terminado y subproductos.', 'fracc.5.12,Inc.,NOM-008-STPS-2001', 100.00, 15000.00, 13, 1, 1, '0000-00-00 00:00:00', '0000-00-00 00:00:00', NULL),
	(296, 1, 3, 'Default', 'Default', '5.13 Contar con se', 'fracc.5.13,Inc.,NOM-008-STPS-2001', 100.00, 15000.00, 14, 1, 1, '0000-00-00 00:00:00', '0000-00-00 00:00:00', NULL),
	(297, 1, 3, 'Default', 'Default', '5.14 En caso de contar con recipientes sujetos a presion o generadores de vapor, se debe cumplir con lo establecido en la NOM-122-STPS-1996.', 'fracc.5.14,Inc.,NOM-008-STPS-2001', 100.00, 15000.00, 15, 1, 1, '0000-00-00 00:00:00', '0000-00-00 00:00:00', NULL),
	(298, 1, 3, 'Default', 'Default', '5.15 Contar con comisiones de seguridad e higiene, segun lo establecido en la NOM-019-STPS-1993.', 'fracc.5.15,Inc.,NOM-008-STPS-2001', 100.00, 15000.00, 16, 1, 1, '0000-00-00 00:00:00', '0000-00-00 00:00:00', NULL),
	(299, 1, 3, 'Default', 'Default', '5.16 Asignar, capacitar y adiestrar a trabajadores para prestar los primeros auxilios y contar con manual y botiquin de primeros auxilios, de acuerdo al analisis de riesgos potenciales.', 'fracc.5.16,Inc.,NOM-008-STPS-2001', 100.00, 15000.00, 17, 1, 1, '0000-00-00 00:00:00', '0000-00-00 00:00:00', NULL),
	(300, 1, 3, 'Default', 'Default', '5.17 Informar sobre los riesgos de trabajo ocurridos, conforme a lo establecido en la NOM-021-STPS-1993.', 'fracc.5.17,Inc.,NOM-008-STPS-2001', 100.00, 15000.00, 18, 1, 1, '0000-00-00 00:00:00', '0000-00-00 00:00:00', NULL),
	(301, 1, 3, 'Default', 'Default', '5.18 Proporcionar a los trabajadores el equipo de proteccion personal, segun lo establecido en la NOM-017-STPS-1993 y en los apartados 8.1 incisos d) y e); 8.2.1 inciso b); 8.2.2 inciso h); 8.3.1 y 9.7 de la presente Norma.', 'fracc.5.18,Inc.,NOM-008-STPS-2001', 100.00, 15000.00, 19, 1, 1, '0000-00-00 00:00:00', '0000-00-00 00:00:00', NULL),
	(302, 1, 3, 'Default', 'Default', '5.19 Disponer en los aserraderos de instalaciones, equipo o materiales para que en caso de fugas o derrames de sustancias quimicas peligrosas, se impida su escurrimiento o dispersion.', 'fracc.5.19,Inc.,NOM-008-STPS-2001', 100.00, 15000.00, 20, 1, 1, '0000-00-00 00:00:00', '0000-00-00 00:00:00', NULL),
	(303, 1, 3, 'Default', 'Default', '5.20 Documentar la vigilancia a la salud de los trabajadores a traves de examenes medicos iniciales, periodicos y especificos, de conformidad con lo establecido en las normas oficiales mexicanas que al respecto emita la Secretaria de Salud, asi como seguir las recomendaciones medicas que en esas 72 DIARIO OFICIAL Martes 10 de julio de 2001 normas se establezcan. En caso de no existir normatividad de la Secretaria de Salud, el medico de la empresa debe determinar la periodicidad y el contenido de', 'fracc.5.20,Inc.,NOM-008-STPS-2001', 100.00, 15000.00, 21, 1, 1, '0000-00-00 00:00:00', '0000-00-00 00:00:00', NULL),
	(304, 1, 3, 'Default', 'Default', '6. Obligaciones de los trabajadores', '', 100.00, 15000.00, 22, 1, 1, '0000-00-00 00:00:00', '0000-00-00 00:00:00', NULL),
	(305, 1, 3, 'Default', 'Default', '6.1 Asistir a las platicas de seguridad y a la capacitacion que les proporcione el patron.', 'frac.6.1,Inc.,NOM-008-STPS-2001', 100.00, 15000.00, 23, 1, 1, '0000-00-00 00:00:00', '0000-00-00 00:00:00', NULL),
	(306, 1, 3, 'Default', 'Default', '6.2 Aplicar las medidas de seguridad e higiene para realizar sus actividades, de conformidad con las platicas y recomendaciones establecidas en la capacitacion recibida.', 'frac.6.2,Inc.,NOM-008-STPS-2001', 100.00, 15000.00, 24, 1, 1, '0000-00-00 00:00:00', '0000-00-00 00:00:00', NULL),
	(307, 1, 3, 'Default', 'Default', '6.3 Informar al patron de toda condicion insegura que detecten en el centro de trabajo y que no pueda ser corregida por ellos mismos.', 'frac.6.3,Inc.,NOM-008-STPS-2001', 100.00, 15000.00, 25, 1, 1, '0000-00-00 00:00:00', '0000-00-00 00:00:00', NULL),
	(308, 1, 3, 'Default', 'Default', '6.4 Cumplir con las instrucciones proporcionadas por el patron para el uso del equipo de proteccion personal.', 'frac.6.4,Inc.,NOM-008-STPS-2001', 100.00, 15000.00, 26, 1, 1, '0000-00-00 00:00:00', '0000-00-00 00:00:00', NULL),
	(309, 1, 3, 'Default', 'Default', '6.5 Antes de iniciar cualquier actividad, revisar que las herramientas, equipo y maquinaria se encuentren en condiciones seguras de uso.', 'frac.6.5,Inc.,NOM-008-STPS-2001', 100.00, 15000.00, 27, 1, 1, '0000-00-00 00:00:00', '0000-00-00 00:00:00', NULL),
	(310, 1, 3, 'Default', 'Default', '6.6 Cumplir con las medidas de seguridad e higiene establecidas por el patron.', 'frac.6.6,Inc.,NOM-008-STPS-2001', 100.00, 15000.00, 28, 1, 1, '0000-00-00 00:00:00', '0000-00-00 00:00:00', NULL),
	(311, 1, 3, 'Default', 'Default', '6.7 Someterse a los examenes medicos que correspondan, segun la actividad que desempe', 'frac.6.7,Inc.,NOM-008-STPS-2001', 100.00, 15000.00, 29, 1, 1, '0000-00-00 00:00:00', '0000-00-00 00:00:00', NULL),
	(312, 1, 3, 'Default', 'Default', '7. Analisis de riesgos potenciales', '', 100.00, 15000.00, 30, 1, 1, '0000-00-00 00:00:00', '0000-00-00 00:00:00', NULL),
	(313, 1, 3, 'Default', 'Default', '7.1 El analisis de riesgos potenciales a que se refiere el Apartado 5.2, se debe actualizar cuando se modifiquen los procedimientos o procesos y debe contener como minimo, lo siguiente:', 'frac.7.1,Inc..,NOM-008-STPS-2001', 100.00, 15000.00, 31, 1, 1, '0000-00-00 00:00:00', '0000-00-00 00:00:00', NULL),
	(314, 1, 3, 'Default', 'Default', 'a) descripcion general del proceso;', 'frac.7.1,Inc.a.,NOM-008-STPS-2001', 100.00, 15000.00, 32, 1, 1, '0000-00-00 00:00:00', '0000-00-00 00:00:00', NULL),
	(315, 1, 3, 'Default', 'Default', 'b) identificacion de los trabajadores expuestos y de las actividades que involucren riesgo para el trabajador;', 'frac.7.1,Inc.b.,NOM-008-STPS-2001', 100.00, 15000.00, 33, 1, 1, '0000-00-00 00:00:00', '0000-00-00 00:00:00', NULL),
	(316, 1, 3, 'Default', 'Default', 'c) identificacion de los agentes de riesgo a que se expone el trabajador;', 'frac.7.1,Inc.c.,NOM-008-STPS-2001', 100.00, 15000.00, 34, 1, 1, '0000-00-00 00:00:00', '0000-00-00 00:00:00', NULL),
	(317, 1, 3, 'Default', 'Default', 'd) determinacion del riesgo a que esta expuesto el trabajador por el uso de la maquinaria, equipo y por esfuerzos fisicos, entre otros, asimismo, se debe incluir el tiempo de exposicion, las caracteristicas de los agentes de riesgo, el impacto posible y la probabilidad de ocurrencia (con base en la experiencia que se tenga en el centro de trabajo o en centros de trabajo similares);', 'frac.7.1,Inc.d.,NOM-008-STPS-2001', 100.00, 15000.00, 35, 1, 1, '0000-00-00 00:00:00', '0000-00-00 00:00:00', NULL),
	(318, 1, 3, 'Default', 'Default', 'e) descripcion de las medidas de seguridad e higiene implementadas para atenuar o eliminar los riesgos.', 'frac.7.1,Inc.e.,NOM-008-STPS-2001', 100.00, 15000.00, 36, 1, 1, '0000-00-00 00:00:00', '0000-00-00 00:00:00', NULL),
	(319, 1, 3, 'Default', 'Default', '8. Condiciones y procedimientos de seguridad para el aprovechamiento forestal maderable', '', 100.00, 15000.00, 37, 1, 1, '0000-00-00 00:00:00', '0000-00-00 00:00:00', NULL),
	(320, 1, 3, 'Default', 'Default', '8.1 Para el desmonte:', 'frac.8.1.Inc..,NOM-008-STPS-2001', 100.00, 15000.00, 38, 1, 1, '0000-00-00 00:00:00', '0000-00-00 00:00:00', NULL),
	(321, 1, 3, 'Default', 'Default', 'a) los caminos deben estar cerrados al transito de vehiculos o contar con se', 'fracc.8.1.Inc.a.,NOM-008-STPS-2001', 100.00, 15000.00, 39, 1, 1, '0000-00-00 00:00:00', '0000-00-00 00:00:00', NULL),
	(322, 1, 3, 'Default', 'Default', 'b) los lugares de peligro para el transito de vehiculos, como zanjas abiertas o excavaciones deben ser delimitados por cercas y, ser necesario, se deben se', 'fracc.8.1.Inc.b.,NOM-008-STPS-2001', 100.00, 15000.00, 40, 1, 1, '0000-00-00 00:00:00', '0000-00-00 00:00:00', NULL),
	(323, 1, 3, 'Default', 'Default', 'c) los conductores de tractores unicamente pueden abandonar el tractor despues de haberlo apagado y frenado, llevando consigo  a llave de encendido;', 'fracc.8.1.Inc.c.,NOM-008-STPS-2001', 100.00, 15000.00, 41, 1, 1, '0000-00-00 00:00:00', '0000-00-00 00:00:00', NULL),
	(324, 1, 3, 'Default', 'Default', 'd) los conductores de tractores deben usar tapones o conchas auditivas que reduzcan cuando menos 15 dB (A), segun lo establecido en la NOM-011-STPS-1993;', 'fracc.8.1.Inc.d.,NOM-008-STPS-2001', 100.00, 15000.00, 42, 1, 1, '0000-00-00 00:00:00', '0000-00-00 00:00:00', NULL),
	(325, 1, 3, 'Default', 'Default', 'e) los tractores deben contar con proteccion para el conductor en caso de volcadura y cuando estenen funcionamiento deben tener las luces encendidas.', 'fracc.8.1.Inc.e.,NOM-008-STPS-2001', 100.00, 15000.00, 43, 1, 1, '0000-00-00 00:00:00', '0000-00-00 00:00:00', NULL),
	(326, 1, 3, 'Default', 'Default', '8.2 Para derribar arboles.', 'fracc.8.2Inc.,NOM-008-STPS-200', 100.00, 15000.00, 44, 1, 1, '0000-00-00 00:00:00', '0000-00-00 00:00:00', NULL),
	(327, 1, 3, 'Default', 'Default', '8.2.1 Cada grupo de trabajadores debe llevar consigo:', 'fracc.8.2.1,Inc.,NOM-008-STPS-200', 100.00, 15000.00, 45, 1, 1, '0000-00-00 00:00:00', '0000-00-00 00:00:00', NULL),
	(328, 1, 3, 'Default', 'Default', 'a) un croquis de localizacion que indique la zona de aprovechamiento forestal, los refugios, el recorrido que seguira la ruta de aprovechamiento y el punto de reunion en caso de emergencia o de un accidente;', 'fracc.8.2.1,Inc.a. ,NOM-008-STPS-200', 100.00, 15000.00, 46, 1, 1, '0000-00-00 00:00:00', '0000-00-00 00:00:00', NULL),
	(329, 1, 3, 'Default', 'Default', 'b) el equipo de proteccion personal para cada trabajador;', 'fracc.8.2.1,Inc.b. ,NOM-008-STPS-200', 100.00, 15000.00, 47, 1, 1, '0000-00-00 00:00:00', '0000-00-00 00:00:00', NULL),
	(330, 1, 3, 'Default', 'Default', 'c) dos palas y un extintor tipo ABC de al menos 9 kilogramos por cada tres trabajadores. Todos los integrantes de este grupo de trabajadores deben estar capacitados en el uso de los extintores;', 'fracc.8.2.1,Inc.c. ,NOM-008-STPS-200', 100.00, 15000.00, 48, 1, 1, '0000-00-00 00:00:00', '0000-00-00 00:00:00', NULL),
	(331, 1, 3, 'Default', 'Default', 'd) manual y botiquin de primeros auxilios. Todos los integrantes de este grupo deben estar capacitados para brindar los primeros auxilios; la capacitacion debe impartirse como minimo una vez por a', 'fracc.8.2.1,Inc.d. ,NOM-008-STPS-200', 100.00, 15000.00, 49, 1, 1, '0000-00-00 00:00:00', '0000-00-00 00:00:00', NULL),
	(332, 1, 3, 'Default', 'Default', '8.2.2 Se debe contar con un procedimiento de seguridad para derribar arboles que incluya al menos lo siguiente:', 'fracc.8.2.2,Inc.,NOM-008-STPS-200', 100.00, 15000.00, 50, 1, 1, '0000-00-00 00:00:00', '0000-00-00 00:00:00', NULL),
	(333, 1, 3, 'Default', 'Default', 'a) los riesgos y peligros que se pueden presentar y la manera de evitarlos;', 'fracc.8.2.2,Inc.a. ,NOM-008-STPS-200', 100.00, 15000.00, 51, 1, 1, '0000-00-00 00:00:00', '0000-00-00 00:00:00', NULL),
	(334, 1, 3, 'Default', 'Default', 'b) la descripcion de las partes que integran la motosierra;', 'fracc.8.2.2,Inc.b. ,NOM-008-STPS-200', 100.00, 15000.00, 52, 1, 1, '0000-00-00 00:00:00', '0000-00-00 00:00:00', NULL),
	(335, 1, 3, 'Default', 'Default', 'c) el manejo y uso seguro de la motosierra, considerando la forma correcta de transportarla y ponerla en marcha y las instrucciones de seguridad a seguir durante el desarrollo del trabajo 72 DIARIO OFICIAL Martes 10 de julio de 2001 (firme agarre, postura del trabajador para evitar rebotes, retrocesos, tirones y atascamientos, entre otros);', 'fracc.8.2.2,Inc.c. ,NOM-008-STPS-200', 100.00, 15000.00, 53, 1, 1, '0000-00-00 00:00:00', '0000-00-00 00:00:00', NULL),
	(336, 1, 3, 'Default', 'Default', 'd) la ubicacion de las herramientas y equipo al derribar el arbol;', 'fracc.8.2.2,Inc.d. ,NOM-008-STPS-200', 100.00, 15000.00, 54, 1, 1, '0000-00-00 00:00:00', '0000-00-00 00:00:00', NULL),
	(337, 1, 3, 'Default', 'Default', 'e) las recomendaciones que se deben considerar para la preparacion del corte;', 'fracc.8.2.2,Inc.e. ,NOM-008-STPS-200', 100.00, 15000.00, 55, 1, 1, '0000-00-00 00:00:00', '0000-00-00 00:00:00', NULL),
	(338, 1, 3, 'Default', 'Default', 'f) la descripcion de la tecnica que se debe utilizar para efectuar el corte segun el diametro del arbol, incluyendo el proceso que se debe seguir para dar la orientacion de la caida del arbol a derribar;', 'fracc.8.2.2,Inc.f. ,NOM-008-STPS-200', 100.00, 15000.00, 56, 1, 1, '0000-00-00 00:00:00', '0000-00-00 00:00:00', NULL),
	(339, 1, 3, 'Default', 'Default', 'g) las medidas de seguridad para desramar los arboles;', 'fracc.8.2.2,Inc.g. ,NOM-008-STPS-200', 100.00, 15000.00, 57, 1, 1, '0000-00-00 00:00:00', '0000-00-00 00:00:00', NULL),
	(340, 1, 3, 'Default', 'Default', 'h) el equipo de proteccion personal que deben usar durante la actividad;', 'fracc.8.2.2,Inc.h. ,NOM-008-STPS-200', 100.00, 15000.00, 58, 1, 1, '0000-00-00 00:00:00', '0000-00-00 00:00:00', NULL),
	(341, 1, 3, 'Default', 'Default', 'i) la identificacion y definicion de sendas o rutas de escape en caso de emergencia;', 'fracc.8.2.2,Inc.i. ,NOM-008-STPS-200', 100.00, 15000.00, 59, 1, 1, '0000-00-00 00:00:00', '0000-00-00 00:00:00', NULL),
	(342, 1, 3, 'Default', 'Default', 'j) las distancias de seguridad que deben conservar otros trabajadores al derribar el arbol;', 'fracc.8.2.2,Inc.j. ,NOM-008-STPS-200', 100.00, 15000.00, 60, 1, 1, '0000-00-00 00:00:00', '0000-00-00 00:00:00', NULL),
	(343, 1, 3, 'Default', 'Default', 'k) las claves o medios de comunicacion a utilizar al derribar el arbol, para cerciorarse que no hay nadie en la zona de caida del arbol, a traves de sonidos o frases concretas de advertencia (de viva voz, silbidos o con un silbato);', 'fracc.8.2.2,Inc.k. ,NOM-008-STPS-200', 100.00, 15000.00, 61, 1, 1, '0000-00-00 00:00:00', '0000-00-00 00:00:00', NULL),
	(344, 1, 3, 'Default', 'Default', 'l) las medidas de seguridad que se deben seguir cuando existan lineas de transmision electrica, para evitar contacto con ellas;', 'fracc.8.2.2,Inc.l. ,NOM-008-STPS-200', 100.00, 15000.00, 62, 1, 1, '0000-00-00 00:00:00', '0000-00-00 00:00:00', NULL),
	(345, 1, 3, 'Default', 'Default', 'm) las medidas de seguridad a seguir cuando existan tormentas acompa', 'fracc.8.2.2,Inc.m. ,NOM-008-STPS-200', 100.00, 15000.00, 63, 1, 1, '0000-00-00 00:00:00', '0000-00-00 00:00:00', NULL),
	(346, 1, 3, 'Default', 'Default', 'n) la prohibicion de fumar y encender fuegos durante el desarrollo de todos los trabajos que se realicen en la zona de aprovechamiento forestal;', 'fracc.8.2.2,Inc.n. ,NOM-008-STPS-200', 100.00, 15000.00, 64, 1, 1, '0000-00-00 00:00:00', '0000-00-00 00:00:00', NULL),
	(347, 1, 3, 'Default', 'Default', 'o) el sistema de comunicacion (de viva voz, silbidos o con un silbato) que permita avisar a los miembros del grupo para que se presenten en el sitio de reunion en caso de emergencia;', 'fracc.8.2.2,Inc.o. ,NOM-008-STPS-200', 100.00, 15000.00, 65, 1, 1, '0000-00-00 00:00:00', '0000-00-00 00:00:00', NULL),
	(348, 1, 3, 'Default', 'Default', 'p) los medios de transporte disponibles para que en caso de una emergencia se pueda trasladar a los lesionados a un centro de atencion medica.', 'fracc.8.2.2,Inc.p. ,NOM-008-STPS-200', 100.00, 15000.00, 66, 1, 1, '0000-00-00 00:00:00', '0000-00-00 00:00:00', NULL),
	(349, 1, 3, 'Default', 'Default', '8.3 Para el transporte de las trozas.', 'fracc.8.3Inc.,NOM-008-STPS-200', 100.00, 15000.00, 67, 1, 1, '0000-00-00 00:00:00', '0000-00-00 00:00:00', NULL),
	(350, 1, 3, 'Default', 'Default', '8.3.1 Los trabajadores involucrados en esta actividad deben conocer el procedimiento para carga manual, que incluya al menos el metodo de carga, el peso maximo a cargar manualmente y el equipo de proteccion personal que se debe utilizar durante estas actividades.', 'fracc.8.3.1Inc.,NOM-008-STPS-200', 100.00, 15000.00, 68, 1, 1, '0000-00-00 00:00:00', '0000-00-00 00:00:00', NULL),
	(351, 1, 3, 'Default', 'Default', '8.3.2 La carga maxima que levanten los trabajadores adultos debe ser de 50 kilogramos; para los trabajadores menores de 18 a', 'fracc.8.3.2Inc.,NOM-008-STPS-200', 100.00, 15000.00, 69, 1, 1, '0000-00-00 00:00:00', '0000-00-00 00:00:00', NULL),
	(352, 1, 3, 'Default', 'Default', '8.3.3 Los trabajadores involucrados en esta actividad deben conocer el procedimiento para carga con el empleo de equipo, maquinaria o animales de tiro, segun aplique, que incluya al menos las formas de sujetar la carga, el sistema de comunicacion y el procedimiento de seguridad para izarla, incluyendo el uso de topes o cu', 'fracc.8.3.3Inc.,NOM-008-STPS-200', 100.00, 15000.00, 70, 1, 1, '0000-00-00 00:00:00', '0000-00-00 00:00:00', NULL),
	(353, 1, 3, 'Default', 'Default', '8.4 Para estibar trozas.', 'fracc.8.4.Inc.,NOM-008-STPS-200', 100.00, 15000.00, 71, 1, 1, '0000-00-00 00:00:00', '0000-00-00 00:00:00', NULL),
	(354, 1, 3, 'Default', 'Default', '8.4.1 Las trozas deben apilarse en camadas estables, de modo que las correspondientes a las camadas superiores queden entre dos trozas de las camadas inferiores.', 'fracc.8.4.1Inc.,NOM-008-STPS-200', 100.00, 15000.00, 72, 1, 1, '0000-00-00 00:00:00', '0000-00-00 00:00:00', NULL),
	(355, 1, 3, 'Default', 'Default', '8.4.2 La camada inferior debe ser sujetada por lo menos en dos puntos transversales a las trozas, por medio de estacas o amarres que impidan el deslizamiento de las trozas.', 'fracc.8.4.2Inc.,NOM-008-STPS-200', 100.00, 15000.00, 73, 1, 1, '0000-00-00 00:00:00', '0000-00-00 00:00:00', NULL),
	(356, 1, 3, 'Default', 'Default', '8.4.3 Las trozas, brazuelos y le', 'fracc.8.4.3Inc.,NOM-008-STPS-200', 100.00, 15000.00, 74, 1, 1, '0000-00-00 00:00:00', '0000-00-00 00:00:00', NULL),
	(357, 1, 3, 'Default', 'Default', '8.4.4 Con trozas menores de un metro de longitud no se deben hacer estibas de mas de dos metros de altura, a menos que se utilicen postes para lograr su estabilidad.', 'fracc.8.4.4Inc.,NOM-008-STPS-200', 100.00, 15000.00, 75, 1, 1, '0000-00-00 00:00:00', '0000-00-00 00:00:00', NULL),
	(358, 1, 3, 'Default', 'Default', '8.5 Se debe contar con refugios para ser utilizados por los trabajadores en caso de lluvias, nevadas o tormentas electricas.', 'fracc.8.5.Inc.,NOM-008-STPS-200', 100.00, 15000.00, 76, 1, 1, '0000-00-00 00:00:00', '0000-00-00 00:00:00', NULL),
	(359, 1, 3, 'Default', 'Default', '9. Condiciones y procedimientos de seguridad e higiene en los aserraderos', 'fracc.9. Inc.,NOM-008-STPS-200', 100.00, 15000.00, 77, 1, 1, '0000-00-00 00:00:00', '0000-00-00 00:00:00', NULL),
	(360, 1, 3, 'Default', 'Default', '9.1 En las instalaciones.', 'fracc.9.1Inc.,NOM-008-STPS-200', 100.00, 15000.00, 78, 1, 1, '0000-00-00 00:00:00', '0000-00-00 00:00:00', NULL),
	(361, 1, 3, 'Default', 'Default', '9.1.1 Las areas de trabajo deben contar con salidas libres de obstaculos hacia una zona de seguridad, identificadas conforme a lo establecido en la NOM-026-STPS-1998.', 'fracc.9.1.1Inc.,NOM-008-STPS-200', 100.00, 15000.00, 79, 1, 1, '0000-00-00 00:00:00', '0000-00-00 00:00:00', NULL),
	(362, 1, 3, 'Default', 'Default', '9.1.2 Las areas de recepcion y almacenamiento de materiales, procesos y transito de vehiculos, deben estar delimitadas o identificadas con una se', 'fracc.9.1.2Inc.,NOM-008-STPS-200', 100.00, 15000.00, 80, 1, 1, '0000-00-00 00:00:00', '0000-00-00 00:00:00', NULL),
	(363, 1, 3, 'Default', 'Default', '9.1.3 Contar con procedimientos de seguridad para la alimentacion y retiro de materias primas, productos terminados y subproductos.', 'fracc.9.1.3Inc.,NOM-008-STPS-200', 100.00, 15000.00, 81, 1, 1, '0000-00-00 00:00:00', '0000-00-00 00:00:00', NULL),
	(364, 1, 3, 'Default', 'Default', '9.1.4 Mantener protegidos del transito de trabajadores y vehiculos, las instalaciones y equipo electrico, tanto los fijos como los provisionales.', 'fracc.9.1.4Inc.,NOM-008-STPS-200', 100.00, 15000.00, 82, 1, 1, '0000-00-00 00:00:00', '0000-00-00 00:00:00', NULL),
	(365, 1, 3, 'Default', 'Default', '9.1.5 Se debe hacer la remocion de residuos del centro de trabajo al menos al termino de cada turno.', 'fracc.9.1.5Inc.,NOM-008-STPS-200', 100.00, 15000.00, 83, 1, 1, '0000-00-00 00:00:00', '0000-00-00 00:00:00', NULL),
	(366, 1, 3, 'Default', 'Default', '9.1.6 Mantener ordenada el area de trabajo.', 'fracc.9.1.6Inc.,NOM-008-STPS-200', 100.00, 15000.00, 84, 1, 1, '0000-00-00 00:00:00', '0000-00-00 00:00:00', NULL),
	(367, 1, 3, 'Default', 'Default', '9.2 En el almacenamiento y manejo de liquidos inflamables.', 'fracc.9.2Inc.,NOM-008-STPS-200', 100.00, 15000.00, 85, 1, 1, '0000-00-00 00:00:00', '0000-00-00 00:00:00', NULL),
	(368, 1, 3, 'Default', 'Default', '9.2.1 Identificar, almacenar y manejar los liquidos inflamables, de acuerdo con lo establecido en las NOM-018-STPS-2000 y NOM-005-STPS-1998.', 'fracc.9.2.1Inc.,NOM-008-STPS-200', 100.00, 15000.00, 86, 1, 1, '0000-00-00 00:00:00', '0000-00-00 00:00:00', NULL),
	(369, 1, 3, 'Default', 'Default', '9.2.2 Contar con las hojas de datos de seguridad establecidas en la NOM-018-STPS-2000.', 'fracc.9.2.2Inc.,NOM-008-STPS-200', 100.00, 15000.00, 87, 1, 1, '0000-00-00 00:00:00', '0000-00-00 00:00:00', NULL),
	(370, 1, 3, 'Default', 'Default', '9.2.3 Contar con un dique de contencion en la zona de almacenamiento, para que en caso de fugas o derrames de sustancias quimicas peligrosas se impida su escurrimiento y dispersion.', 'fracc.9.2.3Inc.,NOM-008-STPS-200', 100.00, 15000.00, 88, 1, 1, '0000-00-00 00:00:00', '0000-00-00 00:00:00', NULL),
	(371, 1, 3, 'Default', 'Default', '9.3 En la maquinaria.', 'fracc.9.3Inc.,NOM-008-STPS-200', 100.00, 15000.00, 89, 1, 1, '0000-00-00 00:00:00', '0000-00-00 00:00:00', NULL),
	(372, 1, 3, 'Default', 'Default', '9.3.1 Generalidades:', 'fracc.9.3.1Inc.,NOM-008-STPS-200', 100.00, 15000.00, 90, 1, 1, '0000-00-00 00:00:00', '0000-00-00 00:00:00', NULL),
	(373, 1, 3, 'Default', 'Default', 'a) proteger las conexiones electricas de la maquinaria y equipo para que no sean un factor de riesgo;', 'fracc.9.3.1Inc.a. ,NOM-008-STPS-200', 100.00, 15000.00, 91, 1, 1, '0000-00-00 00:00:00', '0000-00-00 00:00:00', NULL),
	(374, 1, 3, 'Default', 'Default', 'b) contar con protectores y dispositivos de seguridad que cumplan con las siguientes condiciones:', 'fracc.9.3.1Inc.b. ,NOM-008-STPS-200', 100.00, 15000.00, 92, 1, 1, '0000-00-00 00:00:00', '0000-00-00 00:00:00', NULL),
	(375, 1, 3, 'Default', 'Default', '1) proporcionar proteccion total al trabajador;', 'fracc.9.3.1Inc.b. 1,NOM-008-STPS-200', 100.00, 15000.00, 93, 1, 1, '0000-00-00 00:00:00', '0000-00-00 00:00:00', NULL),
	(376, 1, 3, 'Default', 'Default', '2) permitir los ajustes necesarios en el punto de operacion;', 'fracc.9.3.1Inc.b. 2,NOM-008-STPS-200', 100.00, 15000.00, 94, 1, 1, '0000-00-00 00:00:00', '0000-00-00 00:00:00', NULL),
	(377, 1, 3, 'Default', 'Default', '3) permitir el movimiento libre del trabajador;', 'fracc.9.3.1Inc.b. 3,NOM-008-STPS-200', 100.00, 15000.00, 95, 1, 1, '0000-00-00 00:00:00', '0000-00-00 00:00:00', NULL),
	(378, 1, 3, 'Default', 'Default', '4) impedir el acceso a la zona de riesgo a los trabajadores no autorizados;', 'fracc.9.3.1Inc.b. 4,NOM-008-STPS-200', 100.00, 15000.00, 96, 1, 1, '0000-00-00 00:00:00', '0000-00-00 00:00:00', NULL),
	(379, 1, 3, 'Default', 'Default', '5) evitar que interfieran con la operacion de la maquinaria y equipo;', 'fracc.9.3.1Inc.b. 5,NOM-008-STPS-200', 100.00, 15000.00, 97, 1, 1, '0000-00-00 00:00:00', '0000-00-00 00:00:00', NULL),
	(380, 1, 3, 'Default', 'Default', '6) no ser un factor de riesgo por si mismos;', 'fracc.9.3.1Inc.b. 6,NOM-008-STPS-200', 100.00, 15000.00, 98, 1, 1, '0000-00-00 00:00:00', '0000-00-00 00:00:00', NULL),
	(381, 1, 3, 'Default', 'Default', '7) permitir la visibilidad necesaria para efectuar la operacion;', 'fracc.9.3.1Inc.b. 7,NOM-008-STPS-200', 100.00, 15000.00, 99, 1, 1, '0000-00-00 00:00:00', '0000-00-00 00:00:00', NULL),
	(382, 1, 3, 'Default', 'Default', '8) se', 'fracc.9.3.1Inc.b. 8,NOM-008-STPS-200', 100.00, 15000.00, 100, 1, 1, '0000-00-00 00:00:00', '0000-00-00 00:00:00', NULL),
	(383, 1, 3, 'Default', 'Default', '9) de ser posible, estar integrados a la maquinaria y equipo;', 'fracc.9.3.1Inc.b. 9,NOM-008-STPS-200', 100.00, 15000.00, 101, 1, 1, '0000-00-00 00:00:00', '0000-00-00 00:00:00', NULL),
	(384, 1, 3, 'Default', 'Default', '10) estar fijos y ser resistentes para hacer su funcion segura;', 'fracc.9.3.1Inc.b. 10,NOM-008-STPS-200', 100.00, 15000.00, 102, 1, 1, '0000-00-00 00:00:00', '0000-00-00 00:00:00', NULL),
	(385, 1, 3, 'Default', 'Default', '11) no obstaculizar el desalojo del material de desperdicio;', 'fracc.9.3.1Inc.b. 11,NOM-008-STPS-200', 100.00, 15000.00, 103, 1, 1, '0000-00-00 00:00:00', '0000-00-00 00:00:00', NULL),
	(386, 1, 3, 'Default', 'Default', '12) estar instalados durante su operacion.', 'fracc.9.3.1Inc.b. 12,NOM-008-STPS-200', 100.00, 15000.00, 104, 1, 1, '0000-00-00 00:00:00', '0000-00-00 00:00:00', NULL),
	(387, 1, 3, 'Default', 'Default', '9.3.2 En la descortezadora:', 'fracc.9.3.2Inc.,NOM-008-STPS-200', 100.00, 15000.00, 105, 1, 1, '0000-00-00 00:00:00', '0000-00-00 00:00:00', NULL),
	(388, 1, 3, 'Default', 'Default', 'a) apagar la descortezadora cuando exista la necesidad de modificar la direccion de las trozas;', 'fracc.9.3.2Inc.a. ,NOM-008-STPS-200', 100.00, 15000.00, 106, 1, 1, '0000-00-00 00:00:00', '0000-00-00 00:00:00', NULL),
	(389, 1, 3, 'Default', 'Default', 'b) que las protecciones y dispositivos de seguridad en los equipos que descortezan por rotacion, protejan a los trabajadores de astillas, cortezas u otros materiales que puedan ser proyectados.', 'fracc.9.3.2Inc.b. ,NOM-008-STPS-200', 100.00, 15000.00, 107, 1, 1, '0000-00-00 00:00:00', '0000-00-00 00:00:00', NULL),
	(390, 1, 3, 'Default', 'Default', '9.3.3 En la sierra circular:', 'fracc.9.3.3Inc.,NOM-008-STPS-200', 100.00, 15000.00, 108, 1, 1, '0000-00-00 00:00:00', '0000-00-00 00:00:00', NULL),
	(391, 1, 3, 'Default', 'Default', 'a) contar con se', 'fracc.9.3.3Inc.a. ,NOM-008-STPS-200', 100.00, 15000.00, 109, 1, 1, '0000-00-00 00:00:00', '0000-00-00 00:00:00', NULL),
	(392, 1, 3, 'Default', 'Default', 'b) contar con una barra de empuje o algun otro dispositivo para el corte de madera peque', 'fracc.9.3.3Inc.b. ,NOM-008-STPS-200', 100.00, 15000.00, 110, 1, 1, '0000-00-00 00:00:00', '0000-00-00 00:00:00', NULL),
	(393, 1, 3, 'Default', 'Default', '9.3.4 En la sierra cinta:', 'fracc.9.3.4Inc.,NOM-008-STPS-200', 100.00, 15000.00, 111, 1, 1, '0000-00-00 00:00:00', '0000-00-00 00:00:00', NULL),
	(394, 1, 3, 'Default', 'Default', 'a) operar a la velocidad establecida en las recomendaciones del fabricante;', 'fracc.9.3.4Inc.a. ,NOM-008-STPS-200', 100.00, 15000.00, 112, 1, 1, '0000-00-00 00:00:00', '0000-00-00 00:00:00', NULL),
	(395, 1, 3, 'Default', 'Default', 'b) inspeccionar las cintas para detectar grietas, rajaduras, dientes rotos u otros defectos antes, durante y despues de su uso. Una sierra que tenga una grieta mayor que una decima parte de su espesor no se debe utilizar hasta que se repare;', 'fracc.9.3.4Inc.b. ,NOM-008-STPS-200', 100.00, 15000.00, 113, 1, 1, '0000-00-00 00:00:00', '0000-00-00 00:00:00', NULL),
	(396, 1, 3, 'Default', 'Default', 'c) advertir a los trabajadores antes de poner en marcha las sierras para que se encuentren a una distancia segura;', 'fracc.9.3.4Inc.c. ,NOM-008-STPS-200', 100.00, 15000.00, 114, 1, 1, '0000-00-00 00:00:00', '0000-00-00 00:00:00', NULL),
	(397, 1, 3, 'Default', 'Default', 'd) antes de poner en marcha el motor, verificar que la sierra este montada al volante.', 'fracc.9.3.4Inc.d. ,NOM-008-STPS-200', 100.00, 15000.00, 115, 1, 1, '0000-00-00 00:00:00', '0000-00-00 00:00:00', NULL),
	(398, 1, 3, 'Default', 'Default', '9.4 En las operaciones de carga y descarga de trozas, los vehiculos deben contar con las condiciones y procedimientos de seguridad siguientes:', 'fracc.9.4Inc.,NOM-008-STPS-200', 100.00, 15000.00, 116, 1, 1, '0000-00-00 00:00:00', '0000-00-00 00:00:00', NULL),
	(399, 1, 3, 'Default', 'Default', 'a) proteccion para el operador contra posibles caidas de las trozas;', 'fracc.9.4Inc.a. ,NOM-008-STPS-200', 100.00, 15000.00, 117, 1, 1, '0000-00-00 00:00:00', '0000-00-00 00:00:00', NULL),
	(400, 1, 3, 'Default', 'Default', 'b) luces delanteras y traseras encendidas durante el manejo de trozas;', 'fracc.9.4Inc.b. ,NOM-008-STPS-200', 100.00, 15000.00, 118, 1, 1, '0000-00-00 00:00:00', '0000-00-00 00:00:00', NULL),
	(401, 1, 3, 'Default', 'Default', 'c) bocina u otro dispositivo de advertencia audible en funcionamiento durante el manejo de las trozas;', 'fracc.9.4Inc.c. ,NOM-008-STPS-200', 100.00, 15000.00, 119, 1, 1, '0000-00-00 00:00:00', '0000-00-00 00:00:00', NULL),
	(402, 1, 3, 'Default', 'Default', 'd) coordinar su movimiento mediante se', 'fracc.9.4Inc.d. ,NOM-008-STPS-200', 100.00, 15000.00, 120, 1, 1, '0000-00-00 00:00:00', '0000-00-00 00:00:00', NULL),
	(403, 1, 3, 'Default', 'Default', 'e) contar con se', 'fracc.9.4Inc.e. ,NOM-008-STPS-200', 100.00, 15000.00, 121, 1, 1, '0000-00-00 00:00:00', '0000-00-00 00:00:00', NULL),
	(404, 1, 3, 'Default', 'Default', 'f) frenar o bloquear sus ruedas durante la carga y descarga de trozas;', 'fracc.9.4Inc.f. ,NOM-008-STPS-200', 100.00, 15000.00, 122, 1, 1, '0000-00-00 00:00:00', '0000-00-00 00:00:00', NULL),
	(405, 1, 3, 'Default', 'Default', 'g) que el mecanismo de desenganche de las estacas y cu', 'fracc.9.4Inc.g. ,NOM-008-STPS-200', 100.00, 15000.00, 123, 1, 1, '0000-00-00 00:00:00', '0000-00-00 00:00:00', NULL),
	(406, 1, 3, 'Default', 'Default', '9.5 En el almacen y en patios que sirvan de almacen, se debe cumplir con lo siguiente:', 'fracc.9.5Inc.,NOM-008-STPS-200', 100.00, 15000.00, 124, 1, 1, '0000-00-00 00:00:00', '0000-00-00 00:00:00', NULL),
	(407, 1, 3, 'Default', 'Default', 'a) contar con aditamentos para que las trozas no puedan caer ni rodar accidentalmente;', 'fracc.9.5Inc.a. ,NOM-008-STPS-200', 100.00, 15000.00, 125, 1, 1, '0000-00-00 00:00:00', '0000-00-00 00:00:00', NULL),
	(408, 1, 3, 'Default', 'Default', 'b) prohibir el transito de trabajadores entre los elementos mecanicos de arrastre de las trozas y el carro para trozas;', 'fracc.9.5Inc.b. ,NOM-008-STPS-200', 100.00, 15000.00, 126, 1, 1, '0000-00-00 00:00:00', '0000-00-00 00:00:00', NULL),
	(409, 1, 3, 'Default', 'Default', 'c) colocar se', 'fracc.9.5Inc.c. ,NOM-008-STPS-200', 100.00, 15000.00, 127, 1, 1, '0000-00-00 00:00:00', '0000-00-00 00:00:00', NULL),
	(410, 1, 3, 'Default', 'Default', 'd) respetar la pendiente natural de reposo del producto cuando se apilen trozas sueltas, a menos que se hayan tomado las medidas necesarias para evitar que el producto se deslice;', 'fracc.9.5Inc.d. ,NOM-008-STPS-200', 100.00, 15000.00, 128, 1, 1, '0000-00-00 00:00:00', '0000-00-00 00:00:00', NULL),
	(411, 1, 3, 'Default', 'Default', 'e) en las actividades que se desarrollen por la noche o en ausencia de luz natural, contar con iluminacion artificial como se establece en la NOM-025-STPS-1999.', 'fracc.9.5Inc.e. ,NOM-008-STPS-200', 100.00, 15000.00, 129, 1, 1, '0000-00-00 00:00:00', '0000-00-00 00:00:00', NULL),
	(412, 1, 3, 'Default', 'Default', '9.6 Contra riesgos de incendio:', 'fracc.9.6Inc.,NOM-008-STPS-200', 100.00, 15000.00, 130, 1, 1, '0000-00-00 00:00:00', '0000-00-00 00:00:00', NULL),
	(413, 1, 3, 'Default', 'Default', 'a) colocar se', 'fracc.9.6Inc.a. ,NOM-008-STPS-200', 100.00, 15000.00, 131, 1, 1, '0000-00-00 00:00:00', '0000-00-00 00:00:00', NULL),
	(414, 1, 3, 'Default', 'Default', 'b) contar al menos con un extintor tipo ABC en un lugar libre de obstaculos, por cada 200 metros cuadrados de superficie de construccion, protegido de la intemperie y se', 'fracc.9.6Inc.b. ,NOM-008-STPS-200', 100.00, 15000.00, 132, 1, 1, '0000-00-00 00:00:00', '0000-00-00 00:00:00', NULL),
	(415, 1, 3, 'Default', 'Default', 'c) contar con un sistema de alarma que incluya codigos y mensajes concretos para la evacuacion de los trabajadores y para atender la emergencia por incendio;', 'fracc.9.6Inc.c. ,NOM-008-STPS-200', 100.00, 15000.00, 133, 1, 1, '0000-00-00 00:00:00', '0000-00-00 00:00:00', NULL),
	(416, 1, 3, 'Default', 'Default', 'd) contar con un listado de medidas de prevencion y combate de incendios en un pizarron o cualquier otro medio similar, en un lugar de transito frecuente de los trabajadores;', 'fracc.9.6Inc.d. ,NOM-008-STPS-200', 100.00, 15000.00, 134, 1, 1, '0000-00-00 00:00:00', '0000-00-00 00:00:00', NULL),
	(417, 1, 3, 'Default', 'Default', 'e) realizar simulacros de incendio y de rescate y salvamento, al menos dos veces por a', 'fracc.9.6Inc.e. ,NOM-008-STPS-200', 100.00, 15000.00, 135, 1, 1, '0000-00-00 00:00:00', '0000-00-00 00:00:00', NULL),
	(418, 1, 3, 'Default', 'Default', '9.7 Equipo de proteccion personal. Ademas de lo establecido en la NOM-017-STPS-1993, todos los trabajadores del aserradero deben usar casco y calzado de seguridad. En el area de aserrado, adicionalmente, deben usar:', 'fracc.9.7Inc.,NOM-008-STPS-200', 100.00, 15000.00, 136, 1, 1, '0000-00-00 00:00:00', '0000-00-00 00:00:00', NULL),
	(419, 1, 3, 'Default', 'Default', 'a) lentes de seguridad o pantalla facial;', 'fracc.9.7Inc.a. ,NOM-008-STPS-200', 100.00, 15000.00, 137, 1, 1, '0000-00-00 00:00:00', '0000-00-00 00:00:00', NULL),
	(420, 1, 3, 'Default', 'Default', 'b) proteccion respiratoria;', 'fracc.9.7Inc.b. ,NOM-008-STPS-200', 100.00, 15000.00, 138, 1, 1, '0000-00-00 00:00:00', '0000-00-00 00:00:00', NULL),
	(421, 1, 3, 'Default', 'Default', 'c) tapones o conchas auditivas que reduzcan cuando menos 15 dB (A), segun lo establecido en la NOM-011-STPS-1993.', 'fracc.9.7Inc.c. ,NOM-008-STPS-200', 100.00, 15000.00, 139, 1, 1, '0000-00-00 00:00:00', '0000-00-00 00:00:00', NULL),
	(422, 1, 3, 'Default', 'Default', '9.8 En areas de mantenimiento:', 'fracc.9.8Inc.,NOM-008-STPS-200', 100.00, 15000.00, 140, 1, 1, '0000-00-00 00:00:00', '0000-00-00 00:00:00', NULL),
	(423, 1, 3, 'Default', 'Default', 'a) contar al menos con un extintor de bioxido de carbono de al menos 9 kilogramos de capacidad por cada 200 metros cuadrados construidos;', 'fracc.9.8Inc.a. ,NOM-008-STPS-200', 100.00, 15000.00, 141, 1, 1, '0000-00-00 00:00:00', '0000-00-00 00:00:00', NULL),
	(424, 1, 3, 'Default', 'Default', 'b) contar con procedimientos de seguridad para el mantenimiento de la maquinaria y equipo, donde se incluya:', 'fracc.9.8Inc.b. ,NOM-008-STPS-200', 100.00, 15000.00, 142, 1, 1, '0000-00-00 00:00:00', '0000-00-00 00:00:00', NULL),
	(425, 1, 3, 'Default', 'Default', '1) la descripcion del equipo;', 'fracc.9.8Inc.b. 1,NOM-008-STPS-200', 100.00, 15000.00, 143, 1, 1, '0000-00-00 00:00:00', '0000-00-00 00:00:00', NULL),
	(426, 1, 3, 'Default', 'Default', '2) los riesgos probables y la manera de controlarlos;', 'fracc.9.8Inc.b. 2,NOM-008-STPS-200', 100.00, 15000.00, 144, 1, 1, '0000-00-00 00:00:00', '0000-00-00 00:00:00', NULL),
	(427, 1, 3, 'Default', 'Default', '3) como evitar actos y condiciones inseguras en maquinaria y equipo, y riesgos por contacto en equipos electricos.', 'fracc.9.8Inc.b. 3,NOM-008-STPS-200', 100.00, 15000.00, 145, 1, 1, '0000-00-00 00:00:00', '0000-00-00 00:00:00', NULL),
	(428, 1, 3, 'Default', 'Default', '9.9 Primeros auxilios:', 'fracc.9.9Inc.,NOM-008-STPS-200', 100.00, 15000.00, 146, 1, 1, '0000-00-00 00:00:00', '0000-00-00 00:00:00', NULL),
	(429, 1, 3, 'Default', 'Default', 'a) contar con personal capacitado, botiquin y manual para aplicar los primeros auxilios;', 'fracc.9.9Inc.a. ,NOM-008-STPS-200', 100.00, 15000.00, 147, 1, 1, '0000-00-00 00:00:00', '0000-00-00 00:00:00', NULL),
	(430, 1, 3, 'Default', 'Default', 'b) la capacitacion de primeros auxilios debe impartirse al menos una vez al a', 'fracc.9.9Inc.b. ,NOM-008-STPS-200', 100.00, 15000.00, 148, 1, 1, '0000-00-00 00:00:00', '0000-00-00 00:00:00', NULL),
	(431, 1, 3, 'Default', 'Default', '1) heridas abiertas;', 'fracc.9.9Inc.1,NOM-008-STPS-200', 100.00, 15000.00, 149, 1, 1, '0000-00-00 00:00:00', '0000-00-00 00:00:00', NULL),
	(432, 1, 3, 'Default', 'Default', '2) fracturas;', 'fracc.9.9Inc.2,NOM-008-STPS-200', 100.00, 15000.00, 150, 1, 1, '0000-00-00 00:00:00', '0000-00-00 00:00:00', NULL),
	(433, 1, 3, 'Default', 'Default', '3) reanimacion;', 'fracc.9.9Inc.3,NOM-008-STPS-200', 100.00, 15000.00, 151, 1, 1, '0000-00-00 00:00:00', '0000-00-00 00:00:00', NULL),
	(434, 1, 3, 'Default', 'Default', '4) picaduras de ara', 'fracc.9.9Inc.4,NOM-008-STPS-200', 100.00, 15000.00, 152, 1, 1, '0000-00-00 00:00:00', '0000-00-00 00:00:00', NULL),
	(435, 1, 3, 'Default', 'Default', 'c) los botiquines se deben ubicar en un lugar de facil acceso, identificados conforme a lo establecido en la NOM-026-STPS-1998, y estar sujetos a una revision continua para retirar y reponer el material de curacion;', 'fracc.9.9Inc.c. ,NOM-008-STPS-200', 100.00, 15000.00, 153, 1, 1, '0000-00-00 00:00:00', '0000-00-00 00:00:00', NULL),
	(436, 1, 3, 'Default', 'Default', 'd) los botiquines deben contener el material necesario para brindar los primeros auxilios de acuerdo a los temas del inciso b) de este apartado', 'fracc.9.9Inc.d. ,NOM-008-STPS-200', 100.00, 15000.00, 154, 1, 1, '0000-00-00 00:00:00', '0000-00-00 00:00:00', NULL),
	(437, 1, 4, 'Default', 'Default', '5. Obligaciones del patron', 'fracc.5. ,INC.,  NOM-009-STPS-2001', 100.00, 15000.00, 1, 1, 1, '0000-00-00 00:00:00', '0000-00-00 00:00:00', NULL),
	(438, 1, 4, 'Default', 'Default', '5.1 Contar con un analisis de las condiciones prevalecientes en las areas en las que se llevaran a cabo los trabajos en altura, en forma previa a su realizacion, a fin de identificar los factores de riesgo existentes.', 'fracc.5.1,INC.,  NOM-009-STPS-2001', 100.00, 15000.00, 2, 1, 1, '0000-00-00 00:00:00', '0000-00-00 00:00:00', NULL),
	(439, 1, 4, 'Default', 'Default', '5.2 Disponer de los instructivos, manuales o procedimientos para la instalacion, operacion y mantenimiento de los sistemas o equipos utilizados en los trabajos en altura, redactados en idioma espa', 'fracc.5.2,INC.,  NOM-009-STPS-2001', 100.00, 15000.00, 3, 1, 1, '0000-00-00 00:00:00', '0000-00-00 00:00:00', NULL),
	(440, 1, 4, 'Default', 'Default', '5.3 Proporcionar autorizacion por escrito a los trabajadores que realicen trabajos en altura, mediante andamios tipo torre o estructura, andamios suspendidos y plataformas de elevacion, conforme se determina en el numeral 7.2 de esta Norma, la cual sera otorgada una vez que se compruebe que se han aplicado las medidas de seguridad requeridas.', 'fracc.5.3,INC.,  NOM-009-STPS-2001', 100.00, 15000.00, 4, 1, 1, '0000-00-00 00:00:00', '0000-00-00 00:00:00', NULL),
	(441, 1, 4, 'Default', 'Default', '5.4 Cumplir con las medidas generales de seguridad y condiciones de seguridad establecidas en los capitulos del 7 al 13 de la presente Norma, para la ejecucion de trabajos en altura con el uso de sistemas personales para trabajos en altura, andamios tipo torre o estructura, andamios suspendidos, plataformas de elevacion, escaleras de mano y redes de seguridad. Viernes 6 de mayo de 2011 DIARIO OFICIAL (Primera Seccion)', 'fracc.5.4,INC.,  NOM-009-STPS-2001', 100.00, 15000.00, 5, 1, 1, '0000-00-00 00:00:00', '0000-00-00 00:00:00', NULL),
	(442, 1, 4, 'Default', 'Default', '5.5 Supervisar que se cumpla con las medidas de seguridad dispuestas en los instructivos, manuales o procedimientos para la instalacion, operacion y mantenimiento de los sistemas o equipos utilizados en los trabajos en altura, asi como con las medidas generales de seguridad y condiciones de seguridad establecidas en esta Norma.', 'fracc.5.5,INC.,  NOM-009-STPS-2001', 100.00, 15000.00, 6, 1, 1, '0000-00-00 00:00:00', '0000-00-00 00:00:00', NULL),
	(443, 1, 4, 'Default', 'Default', '5.6 Evitar o interrumpir las actividades en altura cuando se detecten condiciones inseguras en los sistemas o equipos utilizados para estos trabajos, o cuando existan condiciones climaticas que pongan en riesgo a los trabajadores.', 'fracc.5.6,INC.,  NOM-009-STPS-2001', 100.00, 15000.00, 7, 1, 1, '0000-00-00 00:00:00', '0000-00-00 00:00:00', NULL),
	(444, 1, 4, 'Default', 'Default', '5.7 Establecer y aplicar un programa de revision y mantenimiento a los sistemas o equipos utilizados para la realizacion de trabajos en altura, de acuerdo con lo se', 'fracc.5.7,INC.,  NOM-009-STPS-2001', 100.00, 15000.00, 8, 1, 1, '0000-00-00 00:00:00', '0000-00-00 00:00:00', NULL),
	(445, 1, 4, 'Default', 'Default', '5.8 Llevar los registros de las revisiones y del mantenimiento preventivo y correctivo que se practiquen a los sistemas o equipos utilizados para la realizacion de trabajos en altura, mismos que deberan conservarse al menos durante un a', 'fracc.5.8,INC.,  NOM-009-STPS-2001', 100.00, 15000.00, 9, 1, 1, '0000-00-00 00:00:00', '0000-00-00 00:00:00', NULL),
	(446, 1, 4, 'Default', 'Default', '5.9 Proveer a los trabajadores que desarrollen trabajos en altura, al menos de un sistema de proteccion personal para interrumpir caidas de altura, de conformidad con lo establecido en el numeral 8.4 de esta Norma, asi como del equipo de proteccion personal a que se refieren los capitulos del 7 al 13 de la misma, o del que se requiera con base en los factores de riesgo identificados en el analisis de las condiciones prevalecientes del area, de acuerdo con lo dispuesto por la NOM-017-STPS-2008, o', 'fracc.5.9,INC.,  NOM-009-STPS-2001', 100.00, 15000.00, 10, 1, 1, '0000-00-00 00:00:00', '0000-00-00 00:00:00', NULL),
	(447, 1, 4, 'Default', 'Default', '5.10 Practicar examenes medicos a los trabajadores que realizaran trabajos en altura, conforme a lo se', 'fracc.5.1,INC.,  NOM-009-STPS-2001', 100.00, 15000.00, 11, 1, 1, '0000-00-00 00:00:00', '0000-00-00 00:00:00', NULL),
	(448, 1, 4, 'Default', 'Default', '5.11 Disponer de un plan de atencion a emergencias, de acuerdo con lo previsto en el Capitulo 15 de esta Norma, derivado de la ejecucion de trabajos en altura.', 'fracc.5.1,INC.,  NOM-009-STPS-2001', 100.00, 15000.00, 12, 1, 1, '0000-00-00 00:00:00', '0000-00-00 00:00:00', NULL),
	(449, 1, 4, 'Default', 'Default', '5.12 Contar con un botiquin de primeros auxilios que contenga el manual y los materiales de curacion necesarios para atender los posibles casos de emergencia, identificados de acuerdo con los riesgos a que esten expuestos los trabajadores y las actividades que realicen.', 'fracc.5.1,INC.,  NOM-009-STPS-2001', 100.00, 15000.00, 13, 1, 1, '0000-00-00 00:00:00', '0000-00-00 00:00:00', NULL),
	(450, 1, 4, 'Default', 'Default', '5.13 Proporcionar capacitacion, adiestramiento e informacion a los trabajadores que estaran involucrados en la realizacion de los trabajos en altura, con base en lo dispuesto en el Capitulo 16 de la presente Norma, asi como en lo relativo a la aplicacion del plan de atencion a emergencias, a que se refiere el Capitulo 15 de la misma.', 'fracc.5.1,INC.,  NOM-009-STPS-2001', 100.00, 15000.00, 14, 1, 1, '0000-00-00 00:00:00', '0000-00-00 00:00:00', NULL),
	(451, 1, 4, 'Default', 'Default', '5.14 Supervisar que los contratistas cumplan con lo establecido en esta Norma, cuando el patron convenga los servicios de terceros para realizar trabajos en altura.', 'fracc.5.1,INC.,  NOM-009-STPS-2001', 100.00, 15000.00, 15, 1, 1, '0000-00-00 00:00:00', '0000-00-00 00:00:00', NULL),
	(452, 1, 4, 'Default', 'Default', '5.15 Exhibir a la autoridad del trabajo los documentos que la presente Norma le obligue a elaborar y poseer, cuando aquella asi lo requiera.', 'fracc.5.1,INC.,  NOM-009-STPS-2001', 100.00, 15000.00, 16, 1, 1, '0000-00-00 00:00:00', '0000-00-00 00:00:00', NULL),
	(453, 1, 4, 'Default', 'Default', '6. Obligaciones de los trabajadores', 'fracc.6. ,INC.,  NOM-009-STPS-2001', 100.00, 15000.00, 17, 1, 1, '0000-00-00 00:00:00', '0000-00-00 00:00:00', NULL),
	(454, 1, 4, 'Default', 'Default', '6.1 Participar en la capacitacion que proporcione el patron para el desarrollo seguro de los trabajos en altura y para la aplicacion del plan de atencion a emergencias.', 'fracc.6.1,INC.,  NOM-009-STPS-2001', 100.00, 15000.00, 18, 1, 1, '0000-00-00 00:00:00', '0000-00-00 00:00:00', NULL),
	(455, 1, 4, 'Default', 'Default', '6.2 Conocer y cumplir las medidas de seguridad establecidas por el patron o contratista en los instructivos, manuales o procedimientos para realizar en forma segura los trabajos en altura.', 'fracc.6.2,INC.,  NOM-009-STPS-2001', 100.00, 15000.00, 19, 1, 1, '0000-00-00 00:00:00', '0000-00-00 00:00:00', NULL),
	(456, 1, 4, 'Default', 'Default', '6.3 Informar al patron o contratista sobre cualquier condicion insegura y/o acto inseguro que se observe en los trabajos en altura, o cualquier desgaste, da', 'fracc.6.3,INC.,  NOM-009-STPS-2001', 100.00, 15000.00, 20, 1, 1, '0000-00-00 00:00:00', '0000-00-00 00:00:00', NULL),
	(457, 1, 4, 'Default', 'Default', '6.4 Utilizar el equipo de proteccion personal que les sea proporcionado, con base en los riesgos a los que se encuentran expuestos.', 'fracc.6.4,INC.,  NOM-009-STPS-2001', 100.00, 15000.00, 21, 1, 1, '0000-00-00 00:00:00', '0000-00-00 00:00:00', NULL),
	(458, 1, 4, 'Default', 'Default', '6.5 Acudir y someterse a los examenes medicos que indique el patron, e informar a este sobre cualquier afectacion a la salud o acrofobia (miedo a las alturas) que comprometa su seguridad o la de terceros, durante la realizacion de los trabajos en altura.', 'fracc.6.5,INC.,  NOM-009-STPS-2001', 100.00, 15000.00, 22, 1, 1, '0000-00-00 00:00:00', '0000-00-00 00:00:00', NULL),
	(459, 1, 4, 'Default', 'Default', '7. Medidas generales de seguridad para realizar trabajos en altura. Para la realizacion de trabajos en altura, se debera cumplir con lo establecido a continuacion:', 'fracc.7. ,INC.,  NOM-009-STPS-2001', 100.00, 15000.00, 23, 1, 1, '0000-00-00 00:00:00', '0000-00-00 00:00:00', NULL),
	(460, 1, 4, 'Default', 'Default', '7.1 Colocar en bordes de azoteas, terrazas, miradores, galerias o estructuras fijas elevadas, al igual que en aberturas como perforaciones, pozos, cubos y tuneles verticales: barreras fijas o protecciones laterales o perimetrales, o redes de seguridad para proteccion colectiva contra caidas de altura, de conformidad con lo dispuesto en el Capitulo 13 de esta Norma, entre otros elementos de prevencion, o bien proveer a los trabajadores de sistemas personales para trabajos en altura, de acuerdo co', 'fracc.7.1,INC.,  NOM-009-STPS-2001', 100.00, 15000.00, 24, 1, 1, '0000-00-00 00:00:00', '0000-00-00 00:00:00', NULL),
	(461, 1, 4, 'Default', 'Default', '7.2 Efectuar trabajos en altura solo con personal capacitado y autorizado por el patron. Las autorizaciones deberan contener al menos lo siguiente:', 'fracc.7.2,INC.,  NOM-009-STPS-2001', 100.00, 15000.00, 25, 1, 1, '0000-00-00 00:00:00', '0000-00-00 00:00:00', NULL),
	(462, 1, 4, 'Default', 'Default', 'a) El nombre del trabajador autorizado;', 'fracc.7.2,INC.a. ,  NOM-009-STPS-2001', 100.00, 15000.00, 26, 1, 1, '0000-00-00 00:00:00', '0000-00-00 00:00:00', NULL),
	(463, 1, 4, 'Default', 'Default', 'b) El tipo de trabajo por desarrollar y el area o lugar donde se llevara a cabo la actividad;', 'fracc.7.2,INC.b. ,  NOM-009-STPS-2001', 100.00, 15000.00, 27, 1, 1, '0000-00-00 00:00:00', '0000-00-00 00:00:00', NULL),
	(464, 1, 4, 'Default', 'Default', 'c) Las medidas de seguridad que se deberan aplicar conforme al trabajo en altura por realizar y los factores de riesgo identificados en el analisis de las condiciones prevalecientes del area donde se desarrollara este;', 'fracc.7.2,INC.c. ,  NOM-009-STPS-2001', 100.00, 15000.00, 28, 1, 1, '0000-00-00 00:00:00', '0000-00-00 00:00:00', NULL),
	(465, 1, 4, 'Default', 'Default', 'd) La fecha y hora de inicio de las actividades, y el tiempo estimado de duracion, y', 'fracc.7.2,INC.d. ,  NOM-009-STPS-2001', 100.00, 15000.00, 29, 1, 1, '0000-00-00 00:00:00', '0000-00-00 00:00:00', NULL),
	(466, 1, 4, 'Default', 'Default', 'e) El nombre y firma del patron o de la persona que designe para otorgar la autorizacion.', 'fracc.7.2,INC.e. ,  NOM-009-STPS-2001', 100.00, 15000.00, 30, 1, 1, '0000-00-00 00:00:00', '0000-00-00 00:00:00', NULL),
	(467, 1, 4, 'Default', 'Default', '7.3 Revisar el sistema o equipo antes de ser utilizado, conforme a las instrucciones del fabricante, respecto a posibles desgastes, da', 'fracc.7.3,INC.,  NOM-009-STPS-2001', 100.00, 15000.00, 31, 1, 1, '0000-00-00 00:00:00', '0000-00-00 00:00:00', NULL),
	(468, 1, 4, 'Default', 'Default', '7.4 Supervisar que los trabajos en altura se ejecuten de acuerdo con las medidas generales de seguridad y condiciones de seguridad establecidas en los capitulos del 7 al 13 de la presente Norma.', 'fracc.7.4,INC.,  NOM-009-STPS-2001', 100.00, 15000.00, 32, 1, 1, '0000-00-00 00:00:00', '0000-00-00 00:00:00', NULL),
	(469, 1, 4, 'Default', 'Default', '7.5 Usar para trabajos en altura un sistema de proteccion personal para interrumpir caidas de altura, de acuerdo con lo establecido en el numeral 8.4 de esta Norma.', 'fracc.7.5,INC.,  NOM-009-STPS-2001', 100.00, 15000.00, 33, 1, 1, '0000-00-00 00:00:00', '0000-00-00 00:00:00', NULL),
	(470, 1, 4, 'Default', 'Default', '7.6 Constatar que en ningun caso se rebase la capacidad de carga nominal del sistema o equipo en uso, de acuerdo con el instructivo o manual de operacion, conforme a las indicaciones del fabricante.', 'fracc.7.6,INC.,  NOM-009-STPS-2001', 100.00, 15000.00, 34, 1, 1, '0000-00-00 00:00:00', '0000-00-00 00:00:00', NULL),
	(471, 1, 4, 'Default', 'Default', '7.7 Considerar los riesgos adicionales generados por la presencia de fuentes de calor -como operaciones de soldadura y corte-, humedad, acidos, aceite, grasa, polvo, ambientes corrosivos o con temperaturas extremas, entre otros; evaluar su efecto en el sistema en uso, al igual que adoptar medidas preventivas para el personal que realiza trabajos en altura en presencia de altas temperaturas ambientales, tales como hidratacion, proteccion a la piel y/o pausas de trabajo.', 'fracc.7.7,INC.,  NOM-009-STPS-2001', 100.00, 15000.00, 35, 1, 1, '0000-00-00 00:00:00', '0000-00-00 00:00:00', NULL),
	(472, 1, 4, 'Default', 'Default', '7.8 Prohibir el uso de cables metalicos donde exista riesgo electrico.', 'fracc.7.8,INC.,  NOM-009-STPS-2001', 100.00, 15000.00, 36, 1, 1, '0000-00-00 00:00:00', '0000-00-00 00:00:00', NULL),
	(473, 1, 4, 'Default', 'Default', '7.9 Desenergizar o reubicar las lineas electricas que se encuentren en el lugar en donde se realizaran los trabajos en altura y que representen riesgo para los trabajadores, conforme a lo dispuesto en la NOM-029- STPS-2005, o las que la sustituyan, o, cuando esto no sea posible, mantener en todo momento las distancias de seguridad hacia dichas lineas, de conformidad con la Tabla 1', 'fracc.7.9,INC.,  NOM-009-STPS-2001', 100.00, 15000.00, 37, 1, 1, '0000-00-00 00:00:00', '0000-00-00 00:00:00', NULL),
	(474, 1, 4, 'Default', 'Default', '7.10 Aplicar, cuando se trabaje en la proximidad de lineas energizadas, aun cuando se mantengan las distancias de seguridad referidas en el numeral 7.9 de la presente Norma, las medidas de seguridad siguientes:', 'fracc.7.10.,INC.,  NOM-009-STPS-2001', 100.00, 15000.00, 38, 1, 1, '0000-00-00 00:00:00', '0000-00-00 00:00:00', NULL),
	(475, 1, 4, 'Default', 'Default', 'a) Tomar precauciones para evitar que se llegue a tener contacto accidental con las lineas energizadas,', 'fracc.7.10.,INC.a. ,  NOM-009-STPS-2001', 100.00, 15000.00, 39, 1, 1, '0000-00-00 00:00:00', '0000-00-00 00:00:00', NULL),
	(476, 1, 4, 'Default', 'Default', 'al manipular objetos conductivos largos, tales como varillas, tubos, cables, herramientas, entre otros;', 'fracc.7.10.,INC.b. ,  NOM-009-STPS-2001', 100.00, 15000.00, 40, 1, 1, '0000-00-00 00:00:00', '0000-00-00 00:00:00', NULL),
	(477, 1, 4, 'Default', 'Default', 'b) Colocar protecciones como cintas o mantas aislantes en las lineas electricas acordes con la tension que en ellas se maneje, por parte de personal capacitado en el manejo de lineas electricas energizadas, y', 'fracc.7.10.,INC.c. ,  NOM-009-STPS-2001', 100.00, 15000.00, 41, 1, 1, '0000-00-00 00:00:00', '0000-00-00 00:00:00', NULL),
	(478, 1, 4, 'Default', 'Default', 'c) Utilizar equipo de proteccion personal, consistente al menos en casco con barbiquejo, calzado y guantes dielectricos, conforme a la tension electrica de las lineas energizadas. Viernes 6 de mayo de 2011 DIARIO OFICIAL (Primera Seccion)', 'fracc.7.11,INC.,  NOM-009-STPS-2001', 100.00, 15000.00, 42, 1, 1, '0000-00-00 00:00:00', '0000-00-00 00:00:00', NULL),
	(479, 1, 4, 'Default', 'Default', '7.11 Proteger las cuerdas o cables cuando pasen por bordes o aristas filosas, o por superficies asperas, que puedan tener un efecto cortante o un desgaste excesivo por friccion, con materiales que eviten estos riesgos.', 'fracc.7.12,INC.,  NOM-009-STPS-2001', 100.00, 15000.00, 43, 1, 1, '0000-00-00 00:00:00', '0000-00-00 00:00:00', NULL),
	(480, 1, 4, 'Default', 'Default', '7.12 Delimitar la zona o area a nivel de piso en la que se realizara el trabajo en altura, mediante su acordonamiento y se', 'fracc.7.13,INC.,  NOM-009-STPS-2001', 100.00, 15000.00, 44, 1, 1, '0000-00-00 00:00:00', '0000-00-00 00:00:00', NULL),
	(481, 1, 4, 'Default', 'Default', '7.13 Evitar o interrumpir las actividades en altura cuando se detecten condiciones climaticas que impliquen riesgos para los trabajadores, tales como lluvia intensa, tormentas electricas, nevado y vientos fuertes sostenidos, conforme a las caracteristicas del sistema o equipo utilizados y las especificaciones del fabricante.', 'fracc.7.14,INC.,  NOM-009-STPS-2001', 100.00, 15000.00, 45, 1, 1, '0000-00-00 00:00:00', '0000-00-00 00:00:00', NULL),
	(482, 1, 4, 'Default', 'Default', '7.14 Someter el sistema o equipo utilizado a una revision anual o con la periodicidad indicada por el fabricante, la que resulte menor, a fin de asegurarse que se encuentran en optimas condiciones de seguridad y funcionamiento. Dicha revision debera ser realizada por personal capacitado y adiestrado para tal fin. En el caso de los sistemas utilizados en ambientes con condiciones extremas o perjudiciales para estos, las revisiones deberan programarse con mayor frecuencia.', 'fracc.7.15,INC.,  NOM-009-STPS-2001', 100.00, 15000.00, 46, 1, 1, '0000-00-00 00:00:00', '0000-00-00 00:00:00', NULL),
	(483, 1, 4, 'Default', 'Default', '7.15 Llevar el registro de las revisiones y mantenimiento realizados a los sistemas o equipos, en el que al menos se debera consignar lo siguiente:', 'fracc.7.15,INC.a. ,  NOM-009-STPS-2001', 100.00, 15000.00, 47, 1, 1, '0000-00-00 00:00:00', '0000-00-00 00:00:00', NULL),
	(484, 1, 4, 'Default', 'Default', 'a) Los datos generales del sistema o equipo como marca, modelo y numero de serie u otra identificacion individual de este;', 'fracc.7.15,INC.b. ,  NOM-009-STPS-2001', 100.00, 15000.00, 48, 1, 1, '0000-00-00 00:00:00', '0000-00-00 00:00:00', NULL),
	(485, 1, 4, 'Default', 'Default', 'b) Las fechas de las revisiones y acciones de mantenimiento;', 'fracc.7.15,INC.c. ,  NOM-009-STPS-2001', 100.00, 15000.00, 49, 1, 1, '0000-00-00 00:00:00', '0000-00-00 00:00:00', NULL),
	(486, 1, 4, 'Default', 'Default', 'c) Las observaciones que resulten de las revisiones efectuadas al sistema o equipo;', 'fracc.7.15,INC.d. ,  NOM-009-STPS-2001', 100.00, 15000.00, 50, 1, 1, '0000-00-00 00:00:00', '0000-00-00 00:00:00', NULL),
	(487, 1, 4, 'Default', 'Default', 'd) Las acciones preventivas y correctivas realizadas, como reparaciones, reemplazos, retiro del servicio, destruccion, entre otras;', 'fracc.7.15,INC.e. ,  NOM-009-STPS-2001', 100.00, 15000.00, 51, 1, 1, '0000-00-00 00:00:00', '0000-00-00 00:00:00', NULL),
	(488, 1, 4, 'Default', 'Default', 'e) La identificacion del trabajador o trabajadores responsables de la reparacion, y', 'fracc.7.15,INC.f. ,  NOM-009-STPS-2001', 100.00, 15000.00, 52, 1, 1, '0000-00-00 00:00:00', '0000-00-00 00:00:00', NULL),
	(489, 1, 4, 'Default', 'Default', 'f) El se', 'fracc.8. ,INC.,  NOM-009-STPS-2001', 100.00, 15000.00, 53, 1, 1, '0000-00-00 00:00:00', '0000-00-00 00:00:00', NULL),
	(490, 1, 4, 'Default', 'Default', '8. Sistemas personales para trabajos en altura', 'fracc.8.1,INC.,  NOM-009-STPS-2001', 100.00, 15000.00, 54, 1, 1, '0000-00-00 00:00:00', '0000-00-00 00:00:00', NULL),
	(491, 1, 4, 'Default', 'Default', '8.1 Requisitos generales', 'fracc.8.1,INC.,  NOM-009-STPS-2001', 100.00, 15000.00, 55, 1, 1, '0000-00-00 00:00:00', '0000-00-00 00:00:00', NULL),
	(492, 1, 4, 'Default', 'Default', '8.1.1 Se debera supervisar, en todo momento, al realizar trabajos en altura, que el sistema personal para trabajos en altura se use conforme a lo establecido en las instrucciones del fabricante.', 'fracc.8.1,INC.,  NOM-009-STPS-2001', 100.00, 15000.00, 56, 1, 1, '0000-00-00 00:00:00', '0000-00-00 00:00:00', NULL),
	(493, 1, 4, 'Default', 'Default', '8.1.2 Se debera verificar que los sistemas personales y sus subsistemas y componentes, en su caso, cuentan con la contrase', 'fracc.8.2,INC.,  NOM-009-STPS-2001', 100.00, 15000.00, 57, 1, 1, '0000-00-00 00:00:00', '0000-00-00 00:00:00', NULL),
	(494, 1, 4, 'Default', 'Default', '8.2 Sistemas de restriccion', 'fracc.8.2,INC.,  NOM-009-STPS-2001', 100.00, 15000.00, 58, 1, 1, '0000-00-00 00:00:00', '0000-00-00 00:00:00', NULL),
	(495, 1, 4, 'Default', 'Default', '8.2.1 Los sistemas de restriccion deberan emplearse unicamente para limitar la distancia de desplazamiento del trabajador hacia cualquier borde peligroso donde pueda ocurrir una caida. Este tipo de sistemas no deberan emplearse para detencion de caidas.', 'fracc.8.2,INC.,  NOM-009-STPS-2001', 100.00, 15000.00, 59, 1, 1, '0000-00-00 00:00:00', '0000-00-00 00:00:00', NULL),
	(496, 1, 4, 'Default', 'Default', '8.2.2 En el uso de los sistemas de restriccion, se debera limitar la distancia de acercamiento a la zona de riesgo de caida (bordes) a no menos de 1.20 m. Para tal efecto, debera emplearse un arnes de cuerpo completo o cinturon de seguridad, conectado a traves de una linea de vida a un punto o dispositivo fijo que limite la proximidad del trabajador a dicha zona. En la Figura 1 se ejemplifica el uso de este tipo de sistemas Uso de sistemas personales de restriccion (Primera Seccion) DIARIO OFICI', 'fracc.8.3,INC.,  NOM-009-STPS-2001', 100.00, 15000.00, 60, 1, 1, '0000-00-00 00:00:00', '0000-00-00 00:00:00', NULL),
	(497, 1, 4, 'Default', 'Default', '8.3 Sistemas de posicionamiento y ascenso/descenso controlado', 'fracc.8.3.1,INC.,  NOM-009-STPS-2001', 100.00, 15000.00, 61, 1, 1, '0000-00-00 00:00:00', '0000-00-00 00:00:00', NULL),
	(498, 1, 4, 'Default', 'Default', '8.3.1 Los sistemas de posicionamiento y de ascenso/descenso controlado (Vease Figura 2) deberan cumplir, segun aplique, con lo siguiente: Figura 2 Sistemas de posicionamiento y ascenso/descenso controlado', 'fracc.8.3.1,INC.a. ,  NOM-009-STPS-2001', 100.00, 15000.00, 62, 1, 1, '0000-00-00 00:00:00', '0000-00-00 00:00:00', NULL),
	(499, 1, 4, 'Default', 'Default', 'a) Utilizar los sistemas de posicionamiento unicamente para mantener al usuario en posicion en su punto de trabajo. Este tipo de sistemas no debera emplearse para detencion de caidas;', 'fracc.8.3.1,INC.b. ,  NOM-009-STPS-2001', 100.00, 15000.00, 63, 1, 1, '0000-00-00 00:00:00', '0000-00-00 00:00:00', NULL),
	(500, 1, 4, 'Default', 'Default', 'b) Emplear un elemento de sujecion del trabajador al dispositivo de ascenso/descenso controlado, como una cuerda, banda o conector, para permitir realizar el trabajo en forma estable con ambas manos libres;', 'fracc.8.3.1,INC.c. ,  NOM-009-STPS-2001', 100.00, 15000.00, 64, 1, 1, '0000-00-00 00:00:00', '0000-00-00 00:00:00', NULL),
	(501, 1, 4, 'Default', 'Default', 'c) Utilizar cinturon porta-herramientas para la sujecion segura de las herramientas y otros articulos de trabajo, y evitar de esta forma que puedan caer accidentalmente, y', 'fracc.8.3.1,INC.d. ,  NOM-009-STPS-2001', 100.00, 15000.00, 65, 1, 1, '0000-00-00 00:00:00', '0000-00-00 00:00:00', NULL),
	(502, 1, 4, 'Default', 'Default', 'd) Usar, segun aplique, bandas o cuerdas de sujecion de herramientas, las cuales suelen atarse a su vez a una mu', 'fracc.8.4,INC.,  NOM-009-STPS-2001', 100.00, 15000.00, 66, 1, 1, '0000-00-00 00:00:00', '0000-00-00 00:00:00', NULL),
	(503, 1, 4, 'Default', 'Default', '8.4 Sistemas de proteccion personal para interrumpir caidas de altura', 'fracc.8.4.1,INC.,  NOM-009-STPS-2001', 100.00, 15000.00, 67, 1, 1, '0000-00-00 00:00:00', '0000-00-00 00:00:00', NULL),
	(504, 1, 4, 'Default', 'Default', '8.4.1 El uso de sistemas de proteccion personal para interrumpir caidas de altura, debera ser obligatorio cuando realicen trabajos en altura sobre:', 'fracc.8.4.1,INC.a. ,  NOM-009-STPS-2001', 100.00, 15000.00, 68, 1, 1, '0000-00-00 00:00:00', '0000-00-00 00:00:00', NULL),
	(505, 1, 4, 'Default', 'Default', 'a) Bordes de azoteas, terrazas, miradores, galerias o estructuras fijas elevadas, al igual que en aberturas como perforaciones, pozos, cubos y tuneles verticales, donde no sea posible la colocacion de barreras fijas o protecciones laterales o perimetrales, o no se empleen sistemas personales de restriccion;', 'fracc.8.4.1,INC.b. ,  NOM-009-STPS-2001', 100.00, 15000.00, 69, 1, 1, '0000-00-00 00:00:00', '0000-00-00 00:00:00', NULL),
	(506, 1, 4, 'Default', 'Default', 'b) Estructuras fijas elevadas donde no sea posible la colocacion de redes de seguridad;', 'fracc.8.4.1,INC.c. ,  NOM-009-STPS-2001', 100.00, 15000.00, 70, 1, 1, '0000-00-00 00:00:00', '0000-00-00 00:00:00', NULL),
	(507, 1, 4, 'Default', 'Default', 'c) Andamios tipo torre o estructura, a mas de 3.5 m;', 'fracc.8.4.1,INC.d. ,  NOM-009-STPS-2001', 100.00, 15000.00, 71, 1, 1, '0000-00-00 00:00:00', '0000-00-00 00:00:00', NULL),
	(508, 1, 4, 'Default', 'Default', 'd) Andamios suspendidos o plataformas de elevacion, y', 'fracc.8.4.1,INC.e. ,  NOM-009-STPS-2001', 100.00, 15000.00, 72, 1, 1, '0000-00-00 00:00:00', '0000-00-00 00:00:00', NULL),
	(509, 1, 4, 'Default', 'Default', 'e) Escaleras de mano, a mas de 3.5 m del nivel de referencia.', 'fracc.8.4.2,INC.,  NOM-009-STPS-2001', 100.00, 15000.00, 73, 1, 1, '0000-00-00 00:00:00', '0000-00-00 00:00:00', NULL),
	(510, 1, 4, 'Default', 'Default', '8.4.2 Los sistemas de proteccion personal empleados para interrumpir caidas de altura deberan estar conformados, segun aplique al sistema en uso, al menos por:', 'fracc.8.4.2,INC.a. ,  NOM-009-STPS-2001', 100.00, 15000.00, 74, 1, 1, '0000-00-00 00:00:00', '0000-00-00 00:00:00', NULL),
	(511, 1, 4, 'Default', 'Default', 'a) Arnes de cuerpo completo;', 'fracc.8.4.2,INC.b. ,  NOM-009-STPS-2001', 100.00, 15000.00, 75, 1, 1, '0000-00-00 00:00:00', '0000-00-00 00:00:00', NULL),
	(512, 1, 4, 'Default', 'Default', 'b) Linea de vida;', 'fracc.8.4.2,INC.c. ,  NOM-009-STPS-2001', 100.00, 15000.00, 76, 1, 1, '0000-00-00 00:00:00', '0000-00-00 00:00:00', NULL),
	(513, 1, 4, 'Default', 'Default', 'c) Conectores;', 'fracc.8.4.2,INC.d. ,  NOM-009-STPS-2001', 100.00, 15000.00, 77, 1, 1, '0000-00-00 00:00:00', '0000-00-00 00:00:00', NULL),
	(514, 1, 4, 'Default', 'Default', 'd) Dispositivos absorbedores de energia, y', 'fracc.8.4.2,INC.e. ,  NOM-009-STPS-2001', 100.00, 15000.00, 78, 1, 1, '0000-00-00 00:00:00', '0000-00-00 00:00:00', NULL),
	(515, 1, 4, 'Default', 'Default', 'e) Puntos o dispositivos de anclaje.', 'fracc.8.4.3,INC.,  NOM-009-STPS-2001', 100.00, 15000.00, 79, 1, 1, '0000-00-00 00:00:00', '0000-00-00 00:00:00', NULL),
	(516, 1, 4, 'Default', 'Default', '8.4.3 Al emplear sistemas personales para interrumpir caidas de altura, se debera:', 'fracc.8.4.3,INC.a. ,  NOM-009-STPS-2001', 100.00, 15000.00, 80, 1, 1, '0000-00-00 00:00:00', '0000-00-00 00:00:00', NULL),
	(517, 1, 4, 'Default', 'Default', 'a) Instalar y ensamblar el sistema conforme al procedimiento que para tales fines se haya elaborado, de acuerdo con las instrucciones del fabricante, y unicamente por personal capacitado y autorizado por el patron para este fin;', 'fracc.8.4.3,INC.b. ,  NOM-009-STPS-2001', 100.00, 15000.00, 81, 1, 1, '0000-00-00 00:00:00', '0000-00-00 00:00:00', NULL),
	(518, 1, 4, 'Default', 'Default', 'b) Limitar la distancia de caida a la minima posible; Viernes 6 de mayo de 2011 DIARIO OFICIAL (Primera Seccion)', 'fracc.8.4.3,INC.c. ,  NOM-009-STPS-2001', 100.00, 15000.00, 82, 1, 1, '0000-00-00 00:00:00', '0000-00-00 00:00:00', NULL),
	(519, 1, 4, 'Default', 'Default', 'c) Colocar el punto de anclaje de acuerdo con las indicaciones del fabricante, el cual no debera ubicarse por debajo del plano de trabajo. Un punto de anclaje puede ser una columna, trabe, viga u otro elemento estructural en un edificio; un herraje que se fija a cualquiera de estos elementos, o bien, un dispositivo integrado a una canastilla, brazo o plataforma de trabajo, en un andamio suspendido o plataforma de elevacion;', 'fracc.8.4.3,INC.d. ,  NOM-009-STPS-2001', 100.00, 15000.00, 83, 1, 1, '0000-00-00 00:00:00', '0000-00-00 00:00:00', NULL),
	(520, 1, 4, 'Default', 'Default', 'd) Limitar la masa total -masa del trabajador mas herramientas-, a la especificada por el fabricante del sistema en uso;', 'fracc.8.4.3,INC.e. ,  NOM-009-STPS-2001', 100.00, 15000.00, 84, 1, 1, '0000-00-00 00:00:00', '0000-00-00 00:00:00', NULL),
	(521, 1, 4, 'Default', 'Default', 'e) Seleccionar o implantar puntos o dispositivos de anclaje, respectivamente, que soporten la fuerza de detencion generada durante una caida. El punto o dispositivo de anclaje nunca debera seleccionarse por debajo del nivel de sustentacion del trabajador;', 'fracc.8.4.3,INC.f. ,  NOM-009-STPS-2001', 100.00, 15000.00, 85, 1, 1, '0000-00-00 00:00:00', '0000-00-00 00:00:00', NULL),
	(522, 1, 4, 'Default', 'Default', 'f) Asegurar que existe un espacio libre en el trayecto de una posible caida, para evitar que el trabajador se golpee con obstaculos;', 'fracc.8.4.3,INC.g. ,  NOM-009-STPS-2001', 100.00, 15000.00, 86, 1, 1, '0000-00-00 00:00:00', '0000-00-00 00:00:00', NULL),
	(523, 1, 4, 'Default', 'Default', 'g) Revisar del sistema, en forma previa a su utilizacion y conforme a las instrucciones del fabricante, al menos los aspectos siguientes:', 'fracc.8.4.3,INC.g. 1,  NOM-009-STPS-2001', 100.00, 15000.00, 87, 1, 1, '0000-00-00 00:00:00', '0000-00-00 00:00:00', NULL),
	(524, 1, 4, 'Default', 'Default', '1) Que no exista corrosion u otro tipo de degradacion de los materiales en sus partes metalicas;', 'fracc.8.4.3,INC.g. 2,  NOM-009-STPS-2001', 100.00, 15000.00, 88, 1, 1, '0000-00-00 00:00:00', '0000-00-00 00:00:00', NULL),
	(525, 1, 4, 'Default', 'Default', '2) Que no existan deformaciones, agrietamientos, ruptura u otros da', 'fracc.8.4.3,INC.g. 3,  NOM-009-STPS-2001', 100.00, 15000.00, 89, 1, 1, '0000-00-00 00:00:00', '0000-00-00 00:00:00', NULL),
	(526, 1, 4, 'Default', 'Default', '3) Que la apertura, cierre y bloqueo de todos los conectores se realice en forma correcta;', 'fracc.8.4.3,INC.g. 4,  NOM-009-STPS-2001', 100.00, 15000.00, 90, 1, 1, '0000-00-00 00:00:00', '0000-00-00 00:00:00', NULL),
	(527, 1, 4, 'Default', 'Default', '4) Que no existan en las cuerdas, bandas y cables, rupturas, deshilados, destrenzados, descosidos, desgastes, doblados, corrosiones o quemaduras, y', 'fracc.8.4.3,INC.g. 5,  NOM-009-STPS-2001', 100.00, 15000.00, 91, 1, 1, '0000-00-00 00:00:00', '0000-00-00 00:00:00', NULL),
	(528, 1, 4, 'Default', 'Default', '5) Que las etiquetas y marcas esten legibles;', 'fracc.8.4.3,INC.h. ,  NOM-009-STPS-2001', 100.00, 15000.00, 92, 1, 1, '0000-00-00 00:00:00', '0000-00-00 00:00:00', NULL),
	(529, 1, 4, 'Default', 'Default', 'h) Identificar y remover del servicio los componentes defectuosos del sistema o equipo cuando su resistencia o funcionamiento se vean afectados, para evitar su uso;', 'fracc.8.4.3,INC.i. ,  NOM-009-STPS-2001', 100.00, 15000.00, 93, 1, 1, '0000-00-00 00:00:00', '0000-00-00 00:00:00', NULL),
	(530, 1, 4, 'Default', 'Default', 'i) Reemplazar cualquier subsistema o componente, unicamente por otro original o que este autorizado por el fabricante en el manual de mantenimiento que este provea con el sistema;', 'fracc.8.4.3,INC.j. ,  NOM-009-STPS-2001', 100.00, 15000.00, 94, 1, 1, '0000-00-00 00:00:00', '0000-00-00 00:00:00', NULL),
	(531, 1, 4, 'Default', 'Default', 'j) Efectuar las reparaciones de conformidad con las indicaciones del fabricante, y solo a traves de personal capacitado y autorizado por el patron;', 'fracc.8.4.3,INC.k. ,  NOM-009-STPS-2001', 100.00, 15000.00, 95, 1, 1, '0000-00-00 00:00:00', '0000-00-00 00:00:00', NULL),
	(532, 1, 4, 'Default', 'Default', 'k) Utilizar conectores como mosquetones, ganchos, carabineros y otros elementos de sujecion, que se mantengan cerrados y bloqueados automaticamente, para prevenir que puedan abrirse o liberarse accidentalmente. Estos deberan desconectarse solo mediante la ejecucion de al menos dos acciones deliberadas consecutivas del trabajador (doble seguro). Los conectores no deberan conectarse a otros objetos incompatibles en forma o dimensiones, que comprometan su funcionamiento seguro;', 'fracc.8.4.3,INC.l. ,  NOM-009-STPS-2001', 100.00, 15000.00, 96, 1, 1, '0000-00-00 00:00:00', '0000-00-00 00:00:00', NULL),
	(533, 1, 4, 'Default', 'Default', 'l) Utilizar cuerdas y bandas de fibras sinteticas o cable metalico en las lineas de vida, cables de seguridad y demas componentes sometidos a esfuerzos;', 'fracc.8.4.3,INC.m. ,  NOM-009-STPS-2001', 100.00, 15000.00, 97, 1, 1, '0000-00-00 00:00:00', '0000-00-00 00:00:00', NULL),
	(534, 1, 4, 'Default', 'Default', 'm) Considerar en la instalacion del sistema:', 'fracc.8.4.3,INC.m. 1,  NOM-009-STPS-2001', 100.00, 15000.00, 98, 1, 1, '0000-00-00 00:00:00', '0000-00-00 00:00:00', NULL),
	(535, 1, 4, 'Default', 'Default', '1) El posible efecto de elongacion de la cuerda;', 'fracc.8.4.3,INC.m. 2,  NOM-009-STPS-2001', 100.00, 15000.00, 99, 1, 1, '0000-00-00 00:00:00', '0000-00-00 00:00:00', NULL),
	(536, 1, 4, 'Default', 'Default', '2) El efecto pendular;', 'fracc.8.4.3,INC.m. 3,  NOM-009-STPS-2001', 100.00, 15000.00, 100, 1, 1, '0000-00-00 00:00:00', '0000-00-00 00:00:00', NULL),
	(537, 1, 4, 'Default', 'Default', '3) La presencia de lineas electricas energizadas, y', 'fracc.8.4.3,INC.m. 4,  NOM-009-STPS-2001', 100.00, 15000.00, 101, 1, 1, '0000-00-00 00:00:00', '0000-00-00 00:00:00', NULL),
	(538, 1, 4, 'Default', 'Default', '4) La deflexion de una linea de vida horizontal (Vease Figura 3); (Primera Seccion) DIARIO OFICIAL Viernes 6 de mayo de 2011', 'fracc.8.4.3,INC.n. ,  NOM-009-STPS-2001', 100.00, 15000.00, 102, 1, 1, '0000-00-00 00:00:00', '0000-00-00 00:00:00', NULL),
	(539, 1, 4, 'Default', 'Default', 'n) Instalar el sistema de forma tal que la distancia maxima de caida libre, antes de que se active el absorbedor de energia, sea de hasta 1.8 m o 3.5 m, segun el tipo de absorbedor de energia que incorpora dicho sistema;', 'fracc.8.4.3,INC.o. ,  NOM-009-STPS-2001', 100.00, 15000.00, 103, 1, 1, '0000-00-00 00:00:00', '0000-00-00 00:00:00', NULL),
	(540, 1, 4, 'Default', 'Default', 'o) Evitar el ensamble de subsistemas o componentes de distintos fabricantes que sean incompatibles;', 'fracc.8.4.3,INC.p. ,  NOM-009-STPS-2001', 100.00, 15000.00, 104, 1, 1, '0000-00-00 00:00:00', '0000-00-00 00:00:00', NULL),
	(541, 1, 4, 'Default', 'Default', 'p) Marcar o identificar al sistema que se acciono para detener una caida, y', 'fracc.8.4.3,INC.q. ,  NOM-009-STPS-2001', 100.00, 15000.00, 105, 1, 1, '0000-00-00 00:00:00', '0000-00-00 00:00:00', NULL),
	(542, 1, 4, 'Default', 'Default', 'q) Prohibir que un sistema que se ha accionado para detener una caida, sea reutilizado, salvo que el fabricante expresamente asi lo permita, ya sea de manera integral o para alguno de sus componentes o subsistemas.', 'fracc.8.4.4,INC.,  NOM-009-STPS-2001', 100.00, 15000.00, 106, 1, 1, '0000-00-00 00:00:00', '0000-00-00 00:00:00', NULL),
	(543, 1, 4, 'Default', 'Default', '8.4.4 Al emplear sistemas a base de lineas de vida horizontales, se debera:', 'fracc.8.4.4,INC.a. ,  NOM-009-STPS-2001', 100.00, 15000.00, 107, 1, 1, '0000-00-00 00:00:00', '0000-00-00 00:00:00', NULL),
	(544, 1, 4, 'Default', 'Default', 'a) Instalar y operar el sistema conforme a las especificaciones del fabricante;', 'fracc.8.4.4,INC.b. ,  NOM-009-STPS-2001', 100.00, 15000.00, 108, 1, 1, '0000-00-00 00:00:00', '0000-00-00 00:00:00', NULL),
	(545, 1, 4, 'Default', 'Default', 'b) Constatar que los soportes cuenten con la resistencia requerida;', 'fracc.8.4.4,INC.c. ,  NOM-009-STPS-2001', 100.00, 15000.00, 109, 1, 1, '0000-00-00 00:00:00', '0000-00-00 00:00:00', NULL),
	(546, 1, 4, 'Default', 'Default', 'c) Asegurar la correcta tension del cable horizontal, y', 'fracc.8.4.4,INC.d. ,  NOM-009-STPS-2001', 100.00, 15000.00, 110, 1, 1, '0000-00-00 00:00:00', '0000-00-00 00:00:00', NULL),
	(547, 1, 4, 'Default', 'Default', 'd) Controlar la distancia total de caida disponible, considerando la distancia de despliegue del dispositivo absorbedor de energia y la deflexion o catenaria (curva que se forma en una cuerda o cable cuando esta sujeta por sus extremos) que formaria la linea horizontal.', 'fracc.8.4.5,INC.,  NOM-009-STPS-2001', 100.00, 15000.00, 111, 1, 1, '0000-00-00 00:00:00', '0000-00-00 00:00:00', NULL),
	(548, 1, 4, 'Default', 'Default', '8.4.5 Al emplear sistemas a base de lineas de vida verticales, se debera:', 'fracc.8.4.5,INC.a. ,  NOM-009-STPS-2001', 100.00, 15000.00, 112, 1, 1, '0000-00-00 00:00:00', '0000-00-00 00:00:00', NULL),
	(549, 1, 4, 'Default', 'Default', 'a) Instalar y operar el sistema de conformidad con las especificaciones del fabricante;', 'fracc.8.4.5,INC.b. ,  NOM-009-STPS-2001', 100.00, 15000.00, 113, 1, 1, '0000-00-00 00:00:00', '0000-00-00 00:00:00', NULL),
	(550, 1, 4, 'Default', 'Default', 'b) Proveer a cada trabajador de una linea de vida vertical independiente, cuando el sistema no este dise', 'fracc.8.4.5,INC.c. ,  NOM-009-STPS-2001', 100.00, 15000.00, 114, 1, 1, '0000-00-00 00:00:00', '0000-00-00 00:00:00', NULL),
	(551, 1, 4, 'Default', 'Default', 'c) Asegurar que el soporte superior y, en su caso, el inferior cumplan con la resistencia requerida, asi como la correcta tension en el cable, segun aplique, y', 'fracc.8.4.5,INC.d. ,  NOM-009-STPS-2001', 100.00, 15000.00, 115, 1, 1, '0000-00-00 00:00:00', '0000-00-00 00:00:00', NULL),
	(552, 1, 4, 'Default', 'Default', 'd) Probar, antes de cada uso, el accionamiento del bloqueador de caida de tipo corredizo, en los sistemas de detencion consistentes en rieles verticales o lineas, empleados en escaleras u otras estructuras.', 'fracc.8.4.6,INC.,  NOM-009-STPS-2001', 100.00, 15000.00, 116, 1, 1, '0000-00-00 00:00:00', '0000-00-00 00:00:00', NULL),
	(553, 1, 4, 'Default', 'Default', '8.4.6 Al emplear sistemas a base de lineas de vida retractiles, se debera:', 'fracc.8.4.6,INC.a. ,  NOM-009-STPS-2001', 100.00, 15000.00, 117, 1, 1, '0000-00-00 00:00:00', '0000-00-00 00:00:00', NULL),
	(554, 1, 4, 'Default', 'Default', 'a) Instalar y operar el sistema de acuerdo con las especificaciones del fabricante;', 'fracc.8.4.6,INC.b. ,  NOM-009-STPS-2001', 100.00, 15000.00, 118, 1, 1, '0000-00-00 00:00:00', '0000-00-00 00:00:00', NULL),
	(555, 1, 4, 'Default', 'Default', 'b) Cumplir con las disposiciones establecidas en el numeral 8.4.3 de esta Norma;', 'fracc.8.4.6,INC.c. ,  NOM-009-STPS-2001', 100.00, 15000.00, 119, 1, 1, '0000-00-00 00:00:00', '0000-00-00 00:00:00', NULL),
	(556, 1, 4, 'Default', 'Default', 'c) Evitar obstrucciones en la trayectoria de una posible caida, y que la linea de vida pueda enredarse o cruzarse con las de otros trabajadores;', 'fracc.8.4.6,INC.d. ,  NOM-009-STPS-2001', 100.00, 15000.00, 120, 1, 1, '0000-00-00 00:00:00', '0000-00-00 00:00:00', NULL),
	(557, 1, 4, 'Default', 'Default', 'd) Considerar la velocidad de bloqueo, conforme a las instrucciones del fabricante;', 'fracc.8.4.6,INC.e. ,  NOM-009-STPS-2001', 100.00, 15000.00, 121, 1, 1, '0000-00-00 00:00:00', '0000-00-00 00:00:00', NULL),
	(558, 1, 4, 'Default', 'Default', 'e) Evitar la realizacion de trabajos en sitios donde la linea de vida pueda estar en contacto o friccion con bordes afilados, calor extremo, sustancias o ambientes corrosivos, maquinaria en movimiento, entre otras, y', 'fracc.8.4.6,INC.f. ,  NOM-009-STPS-2001', 100.00, 15000.00, 122, 1, 1, '0000-00-00 00:00:00', '0000-00-00 00:00:00', NULL),
	(559, 1, 4, 'Default', 'Default', 'f) Evitar que la linea de vida se conecte con otros componentes para alargar su longitud.', 'fracc.9. ,INC.,  NOM-009-STPS-2001', 100.00, 15000.00, 123, 1, 1, '0000-00-00 00:00:00', '0000-00-00 00:00:00', NULL),
	(560, 1, 4, 'Default', 'Default', '9. Andamios tipo torre o estructura', 'fracc.9.1,INC.,  NOM-009-STPS-2001', 100.00, 15000.00, 124, 1, 1, '0000-00-00 00:00:00', '0000-00-00 00:00:00', NULL),
	(561, 1, 4, 'Default', 'Default', '9.1 En la instalacion de los andamios tipo torre o estructura, se debera cumplir con lo siguiente: Viernes 6 de mayo de 2011 DIARIO OFICIAL (Primera Seccion)', 'fracc.9.1,INC.a. ,  NOM-009-STPS-2001', 100.00, 15000.00, 125, 1, 1, '0000-00-00 00:00:00', '0000-00-00 00:00:00', NULL),
	(562, 1, 4, 'Default', 'Default', 'a) Instalar y ensamblar el andamio mediante el procedimiento que para tales fines se haya elaborado, de conformidad con las instrucciones del fabricante, y unicamente por personal capacitado y autorizado por el patron para este fin;', 'fracc.9.1,INC.b. ,  NOM-009-STPS-2001', 100.00, 15000.00, 126, 1, 1, '0000-00-00 00:00:00', '0000-00-00 00:00:00', NULL),
	(563, 1, 4, 'Default', 'Default', 'b) Probar que el andamio y sus componentes resistan al menos cuatro veces la maxima carga a que seran sometidos, considerando el peso del personal, materiales y herramientas a utilizar;', 'fracc.9.1,INC.c. ,  NOM-009-STPS-2001', 100.00, 15000.00, 127, 1, 1, '0000-00-00 00:00:00', '0000-00-00 00:00:00', NULL),
	(564, 1, 4, 'Default', 'Default', 'c) Instalar el andamio sobre:', 'fracc.9.1,INC.c. 1,  NOM-009-STPS-2001', 100.00, 15000.00, 128, 1, 1, '0000-00-00 00:00:00', '0000-00-00 00:00:00', NULL),
	(565, 1, 4, 'Default', 'Default', '1) Sus bases, para conferir una mayor estabilidad, o sobre ruedas que cuenten con un mecanismo de bloqueo, mismo que sera liberado unicamente cuando el andamio deba moverse para su reubicacion;', 'fracc.9.1,INC.c. 2,  NOM-009-STPS-2001', 100.00, 15000.00, 129, 1, 1, '0000-00-00 00:00:00', '0000-00-00 00:00:00', NULL),
	(566, 1, 4, 'Default', 'Default', '2) Planos firmes, estables y de suficiente resistencia, de manera que se evite cualquier posible falla, ruptura, hundimiento o desplazamiento accidental, y', 'fracc.9.1,INC.c. 3,  NOM-009-STPS-2001', 100.00, 15000.00, 130, 1, 1, '0000-00-00 00:00:00', '0000-00-00 00:00:00', NULL),
	(567, 1, 4, 'Default', 'Default', '3) Superficies niveladas, y cuando estas no lo esten, emplear los medios de aplomado, estabilizacion y nivelacion indicados por el fabricante;', 'fracc.9.1,INC.d. ,  NOM-009-STPS-2001', 100.00, 15000.00, 131, 1, 1, '0000-00-00 00:00:00', '0000-00-00 00:00:00', NULL),
	(568, 1, 4, 'Default', 'Default', 'd) Disponer en el andamio de una escalera u otro medio similar de acceso seguro, mismos que deberan:', 'fracc.9.1,INC.d. 1,  NOM-009-STPS-2001', 100.00, 15000.00, 132, 1, 1, '0000-00-00 00:00:00', '0000-00-00 00:00:00', NULL),
	(569, 1, 4, 'Default', 'Default', '1) Estar ubicados dentro del cuerpo del andamio o formar parte del mismo sin afectar su estabilidad;', 'fracc.9.1,INC.d. 2,  NOM-009-STPS-2001', 100.00, 15000.00, 133, 1, 1, '0000-00-00 00:00:00', '0000-00-00 00:00:00', NULL),
	(570, 1, 4, 'Default', 'Default', '2) Tener un ancho minimo de 40 cm;', 'fracc.9.1,INC.d. 3,  NOM-009-STPS-2001', 100.00, 15000.00, 134, 1, 1, '0000-00-00 00:00:00', '0000-00-00 00:00:00', NULL),
	(571, 1, 4, 'Default', 'Default', '3) Estar extendidos 90 cm sobre el piso de la plataforma de trabajo y asegurados contra cualquier flexion o movimientos laterales, cuando sean moviles;', 'fracc.9.1,INC.d. 4,  NOM-009-STPS-2001', 100.00, 15000.00, 135, 1, 1, '0000-00-00 00:00:00', '0000-00-00 00:00:00', NULL),
	(572, 1, 4, 'Default', 'Default', '4) Ser continuos y no utilizar dispositivos improvisados para aumentar su altura, y', 'fracc.9.1,INC.d. 5,  NOM-009-STPS-2001', 100.00, 15000.00, 136, 1, 1, '0000-00-00 00:00:00', '0000-00-00 00:00:00', NULL),
	(573, 1, 4, 'Default', 'Default', '5) Contar con una plataforma de descanso ubicada a intervalos que no excedan los 6 m (Vease Figura 5);', 'fracc.9.1,INC.e. ,  NOM-009-STPS-2001', 100.00, 15000.00, 137, 1, 1, '0000-00-00 00:00:00', '0000-00-00 00:00:00', NULL),
	(574, 1, 4, 'Default', 'Default', 'e) Estar provistos con barandales de al menos 90 cm de altura y baranda intermedia en los lados abiertos y en los extremos, cuando esten a 1.8 m o mas sobre el piso o desde el nivel inferior;', 'fracc.9.1,INC.f. ,  NOM-009-STPS-2001', 100.00, 15000.00, 138, 1, 1, '0000-00-00 00:00:00', '0000-00-00 00:00:00', NULL),
	(575, 1, 4, 'Default', 'Default', 'f) Contar con rodapie con una altura minima de 15 cm al ras de la plataforma;', 'fracc.9.1,INC.g. ,  NOM-009-STPS-2001', 100.00, 15000.00, 139, 1, 1, '0000-00-00 00:00:00', '0000-00-00 00:00:00', NULL),
	(576, 1, 4, 'Default', 'Default', 'g) Emplear plataformas soporte, que cumplan con lo siguiente:', 'fracc.9.1,INC.g. 1,  NOM-009-STPS-2001', 100.00, 15000.00, 140, 1, 1, '0000-00-00 00:00:00', '0000-00-00 00:00:00', NULL),
	(577, 1, 4, 'Default', 'Default', '1) Presenten condiciones de seguridad y operacion, sin grietas, fisuras, nudos, u otros defectos o da', 'fracc.9.1,INC.g. 2,  NOM-009-STPS-2001', 100.00, 15000.00, 141, 1, 1, '0000-00-00 00:00:00', '0000-00-00 00:00:00', NULL),
	(578, 1, 4, 'Default', 'Default', '2) Dispongan de tablones o unidades completos, con un ancho minimo de 45 cm, que abarquen todo el espacio del andamio. Cuando existan espacios entre los tablones o unidades, no deberan ser mayores a 2.5 cm;', 'fracc.9.1,INC.g. 3,  NOM-009-STPS-2001', 100.00, 15000.00, 142, 1, 1, '0000-00-00 00:00:00', '0000-00-00 00:00:00', NULL),
	(579, 1, 4, 'Default', 'Default', '3) Tengan tablones con un espesor de al menos 5 cm, en su caso, reforzados mediante un marco metalico y travesa', 'fracc.9.1,INC.g. 4,  NOM-009-STPS-2001', 100.00, 15000.00, 143, 1, 1, '0000-00-00 00:00:00', '0000-00-00 00:00:00', NULL),
	(580, 1, 4, 'Default', 'Default', '4) Cuenten con medios que las inmovilicen, para evitar que puedan desplazarse o moverse accidentalmente de cualquier forma. Si el elemento de inmovilizacion consiste solo en topes para evitar que el tablon se recorra, este debera sobresalir del andamio al menos 10 cm;', 'fracc.9.1,INC.h. ,  NOM-009-STPS-2001', 100.00, 15000.00, 144, 1, 1, '0000-00-00 00:00:00', '0000-00-00 00:00:00', NULL),
	(581, 1, 4, 'Default', 'Default', 'h) Constatar que se carezca de abolladuras, grietas, deformaciones u oxidaciones en sus tubos y otros elementos metalicos;', 'fracc.9.1,INC.i. ,  NOM-009-STPS-2001', 100.00, 15000.00, 145, 1, 1, '0000-00-00 00:00:00', '0000-00-00 00:00:00', NULL),
	(582, 1, 4, 'Default', 'Default', 'i) Contar con roscas de tuercas y tornillos, abrazaderas y pasadores de seguridad en condiciones de seguridad y operacion, y no usar clavos, varillas o alambre como sustitutos;', 'fracc.9.1,INC.j. ,  NOM-009-STPS-2001', 100.00, 15000.00, 146, 1, 1, '0000-00-00 00:00:00', '0000-00-00 00:00:00', NULL),
	(583, 1, 4, 'Default', 'Default', 'j) Revisar el andamio antes de cada uso y despues de algun incidente, para comprobar las condiciones de seguridad y operacion de cada uno de sus componentes, y reemplazar o reparar aquellos que presenten algun tipo de da', 'fracc.9.1,INC.k. ,  NOM-009-STPS-2001', 100.00, 15000.00, 147, 1, 1, '0000-00-00 00:00:00', '0000-00-00 00:00:00', NULL),
	(584, 1, 4, 'Default', 'Default', 'k) Prohibir que los trabajadores permanezcan sobre los andamios moviles cuando estan siendo reubicados, y contar con precauciones especiales para mantener el andamio estabilizado cuando este se mueva;', 'fracc.9.1,INC.l. ,  NOM-009-STPS-2001', 100.00, 15000.00, 148, 1, 1, '0000-00-00 00:00:00', '0000-00-00 00:00:00', NULL),
	(585, 1, 4, 'Default', 'Default', 'l) Evitar la realizacion de actividades por encima del andamio que expongan a los trabajadores a posibles caidas de objetos, o colocar protecciones contra este riesgo y utilizar casco de proteccion;', 'fracc.9.1,INC.m. ,  NOM-009-STPS-2001', 100.00, 15000.00, 149, 1, 1, '0000-00-00 00:00:00', '0000-00-00 00:00:00', NULL),
	(586, 1, 4, 'Default', 'Default', 'm) Evitar que los andamios sean ensamblados, utilizados o movidos de tal forma que estos, o cualquier material conductivo en ellos, pueda tener contacto con lineas electricas energizadas. Cuando se requiera trabajar en la proximidad de tales lineas, se debera observar lo establecido en el numeral 7.9 de la presente Norma;', 'fracc.9.1,INC.n. ,  NOM-009-STPS-2001', 100.00, 15000.00, 150, 1, 1, '0000-00-00 00:00:00', '0000-00-00 00:00:00', NULL),
	(587, 1, 4, 'Default', 'Default', 'n) Constatar que la relacion del lado menor de la base del andamio respecto a la altura maxima no sea mayor de 1:4;', 'fracc.9.1,INC.o. ,  NOM-009-STPS-2001', 100.00, 15000.00, 151, 1, 1, '0000-00-00 00:00:00', '0000-00-00 00:00:00', NULL),
	(588, 1, 4, 'Default', 'Default', 'o) Sujetar el andamio a cada 4 m de altura, en los casos en que no sea posible cumplir con la relacion base-altura establecida en el inciso anterior;', 'fracc.9.1,INC.p. ,  NOM-009-STPS-2001', 100.00, 15000.00, 152, 1, 1, '0000-00-00 00:00:00', '0000-00-00 00:00:00', NULL),
	(589, 1, 4, 'Default', 'Default', 'p) Evitar la utilizacion de escaleras tipo caballete como soporte para colocar tablones que se empleen como andamios;', 'fracc.9.1,INC.q. ,  NOM-009-STPS-2001', 100.00, 15000.00, 153, 1, 1, '0000-00-00 00:00:00', '0000-00-00 00:00:00', NULL),
	(590, 1, 4, 'Default', 'Default', 'q) Evitar cualquier alteracion en los andamios que pueda afectar la seguridad en su uso. Toda modificacion en el dise', 'fracc.9.1,INC.r. ,  NOM-009-STPS-2001', 100.00, 15000.00, 154, 1, 1, '0000-00-00 00:00:00', '0000-00-00 00:00:00', NULL),
	(591, 1, 4, 'Default', 'Default', 'r) Mantener la superficie de la plataforma soporte del andamio libre de productos quimicos agresivos, y de sustancias como soluciones jabonosas, aceite, grasas, pintura, barro u otras que puedan hacerla resbaladiza o generar cualquier otro tipo de riesgo a los trabajadores;', 'fracc.9.1,INC.s. ,  NOM-009-STPS-2001', 100.00, 15000.00, 155, 1, 1, '0000-00-00 00:00:00', '0000-00-00 00:00:00', NULL),
	(592, 1, 4, 'Default', 'Default', 's) Mantener una altura libre minima de 2.5 m en vias peatonales. En los pasos vehiculares, la altura libre debera ser de al menos 4.5 m y el andamio se debera mantener alejado del paso vehicular al menos 80 cm;', 'fracc.9.1,INC.t. ,  NOM-009-STPS-2001', 100.00, 15000.00, 156, 1, 1, '0000-00-00 00:00:00', '0000-00-00 00:00:00', NULL),
	(593, 1, 4, 'Default', 'Default', 't) Mantener una distancia minima de 60 cm desde el area de transito al andamio, y de 90 cm en lugares en donde haya deposito de materiales;', 'fracc.9.1,INC.u. ,  NOM-009-STPS-2001', 100.00, 15000.00, 157, 1, 1, '0000-00-00 00:00:00', '0000-00-00 00:00:00', NULL),
	(594, 1, 4, 'Default', 'Default', 'u) Ubicar el andamio de tal manera que no interfiera con alarmas de incendios, cajas de instalaciones electricas o hidrantes, entre otros, en caso de que no sea posible realizar las adecuaciones necesarias al andamio para que dichos elementos continuen cumpliendo con su funcion, y', 'fracc.9.1,INC.v. ,  NOM-009-STPS-2001', 100.00, 15000.00, 158, 1, 1, '0000-00-00 00:00:00', '0000-00-00 00:00:00', NULL),
	(595, 1, 4, 'Default', 'Default', 'v) Colocar una tarjeta (Vease Figura 6) que indique la condicion del mismo, la cual debera:', 'fracc.9.1,INC.v. 1,  NOM-009-STPS-2001', 100.00, 15000.00, 159, 1, 1, '0000-00-00 00:00:00', '0000-00-00 00:00:00', NULL),
	(596, 1, 4, 'Default', 'Default', '1) Estar en un lugar visible de su acceso; Viernes 6 de mayo de 2011 DIARIO OFICIAL (Primera Seccion)', 'fracc.9.1,INC.v. 2,  NOM-009-STPS-2001', 100.00, 15000.00, 160, 1, 1, '0000-00-00 00:00:00', '0000-00-00 00:00:00', NULL),
	(597, 1, 4, 'Default', 'Default', '2) Estar adherida de tal forma que se impida su remocion accidental, y', 'fracc.9.1,INC.v. 3,  NOM-009-STPS-2001', 100.00, 15000.00, 161, 1, 1, '0000-00-00 00:00:00', '0000-00-00 00:00:00', NULL),
	(598, 1, 4, 'Default', 'Default', '3) Contar con la fecha y nombre de quien reviso el andamio.', 'fracc.10.,INC.,  NOM-009-STPS-2001', 100.00, 15000.00, 162, 1, 1, '0000-00-00 00:00:00', '0000-00-00 00:00:00', NULL),
	(599, 1, 4, 'Default', 'Default', '10. Andamios suspendidos', 'fracc.10.1,INC.,  NOM-009-STPS-2001', 100.00, 15000.00, 163, 1, 1, '0000-00-00 00:00:00', '0000-00-00 00:00:00', NULL),
	(600, 1, 4, 'Default', 'Default', '10.1 Durante la instalacion de los andamios suspendidos, se debera cumplir lo siguiente:', 'fracc.10.1,INC.a. ,  NOM-009-STPS-2001', 100.00, 15000.00, 164, 1, 1, '0000-00-00 00:00:00', '0000-00-00 00:00:00', NULL),
	(601, 1, 4, 'Default', 'Default', 'a) Instalar y ensamblar el andamio mediante el procedimiento que para tales fines se haya elaborado, siguiendo las instrucciones del fabricante, y unicamente por personal capacitado y autorizado por el patron para este fin;', 'fracc.10.1,INC.b. ,  NOM-009-STPS-2001', 100.00, 15000.00, 165, 1, 1, '0000-00-00 00:00:00', '0000-00-00 00:00:00', NULL),
	(602, 1, 4, 'Default', 'Default', 'b) Instalar los contrapesos especificos para cada caso, cuando se usen vigas de suspension (Vease Figura 7).', 'fracc.10.1,INC.c. ,  NOM-009-STPS-2001', 100.00, 15000.00, 166, 1, 1, '0000-00-00 00:00:00', '0000-00-00 00:00:00', NULL),
	(603, 1, 4, 'Default', 'Default', 'c) Utilizar contrapesos de piezas solidas y no de materiales granulados o liquidos;', 'fracc.10.1,INC.d. ,  NOM-009-STPS-2001', 100.00, 15000.00, 167, 1, 1, '0000-00-00 00:00:00', '0000-00-00 00:00:00', NULL),
	(604, 1, 4, 'Default', 'Default', 'd) Evitar que la ubicacion y puntos de anclaje del andamio suspendido constituyan un factor de riesgo;', 'fracc.10.1,INC.e. ,  NOM-009-STPS-2001', 100.00, 15000.00, 168, 1, 1, '0000-00-00 00:00:00', '0000-00-00 00:00:00', NULL),
	(605, 1, 4, 'Default', 'Default', 'e) Instalar la hamaca o plataforma del andamio suspendido a nivel del suelo o desde el sitio de suspension (Vease Figura 8). (Primera Seccion) DIARIO OFICIAL Viernes 6 de mayo de 2011 En el caso de puentes y lugares en donde el nivel del suelo sea inaccesible, los soportes de suspension deberan estar dise', 'fracc.10.1,INC.f. ,  NOM-009-STPS-2001', 100.00, 15000.00, 169, 1, 1, '0000-00-00 00:00:00', '0000-00-00 00:00:00', NULL),
	(606, 1, 4, 'Default', 'Default', 'f) Indicar la capacidad de carga en un lugar visible del equipo, en kilogramos, si es menor a 1 000 kg, o en toneladas, si su capacidad es igual o mayor a dicho peso;', 'fracc.10.1,INC.g. ,  NOM-009-STPS-2001', 100.00, 15000.00, 170, 1, 1, '0000-00-00 00:00:00', '0000-00-00 00:00:00', NULL),
	(607, 1, 4, 'Default', 'Default', 'g) Sujetar los cables de suspension y de seguridad, a un soporte de suspension especifico para el tipo y peso del andamio suspendido, incluyendo su capacidad maxima de carga;', 'fracc.10.1,INC.h. ,  NOM-009-STPS-2001', 100.00, 15000.00, 171, 1, 1, '0000-00-00 00:00:00', '0000-00-00 00:00:00', NULL),
	(608, 1, 4, 'Default', 'Default', 'h) Verificar que en su trayecto los cables de suspension y de seguridad no queden en contacto con superficies cortantes, calientes o con cables de alta tension;', 'fracc.10.1,INC.i. ,  NOM-009-STPS-2001', 100.00, 15000.00, 172, 1, 1, '0000-00-00 00:00:00', '0000-00-00 00:00:00', NULL),
	(609, 1, 4, 'Default', 'Default', 'i) Emplear sistemas restrictivos en los cables de suspension cada 15 m de altura;', 'fracc.10.1,INC.j. ,  NOM-009-STPS-2001', 100.00, 15000.00, 173, 1, 1, '0000-00-00 00:00:00', '0000-00-00 00:00:00', NULL),
	(610, 1, 4, 'Default', 'Default', 'j) Descender los cables de suspension y de seguridad, en forma vertical desde el soporte de suspension hasta el malacate, sin que se doblen en cornisas, pretiles o similares, ni se apoyen en estructuras que presenten equilibrio inestable;', 'fracc.10.1,INC.k. ,  NOM-009-STPS-2001', 100.00, 15000.00, 174, 1, 1, '0000-00-00 00:00:00', '0000-00-00 00:00:00', NULL),
	(611, 1, 4, 'Default', 'Default', 'k) Contar con barandales en todo el perimetro de su plataforma de, al menos, 90 cm, con malla o barandas dispuestas de tal manera que no existan claros de mas de 900 cm2;', 'fracc.10.1,INC.l. ,  NOM-009-STPS-2001', 100.00, 15000.00, 175, 1, 1, '0000-00-00 00:00:00', '0000-00-00 00:00:00', NULL),
	(612, 1, 4, 'Default', 'Default', 'l) Contar con rodapies en todo el perimetro de su plataforma, de al menos 9 cm, medidos desde el piso de la plataforma hasta su borde superior. Los rodapies no deberan tener ninguna abertura mayor a 2.5 cm, para contener la caida de cualquier material que ruede sobre el piso de la plataforma, y', 'fracc.10.1,INC.m. ,  NOM-009-STPS-2001', 100.00, 15000.00, 176, 1, 1, '0000-00-00 00:00:00', '0000-00-00 00:00:00', NULL),
	(613, 1, 4, 'Default', 'Default', 'm) Constatar que los mastiles portatiles o cualquiera de sus componentes pesen menos de 36 kg. En caso de que se rebase este peso deberan contar con una carretilla de traslacion o ruedas que les permitan moverse y cambiar de posicion.', 'fracc.10.2,INC.,  NOM-009-STPS-2001', 100.00, 15000.00, 177, 1, 1, '0000-00-00 00:00:00', '0000-00-00 00:00:00', NULL),
	(614, 1, 4, 'Default', 'Default', '10.2 Durante la operacion de los andamios suspendidos, se debera cumplir lo siguiente:', 'fracc.10.2,INC.a. ,  NOM-009-STPS-2001', 100.00, 15000.00, 178, 1, 1, '0000-00-00 00:00:00', '0000-00-00 00:00:00', NULL),
	(615, 1, 4, 'Default', 'Default', 'a) Usar malacates motorizados en los trabajos que impliquen desplazamientos mayores de 40 m de altura. En chimeneas y sitios con alto grado de explosividad, se permite el uso de malacates manuales, independientemente de la altura;', 'fracc.10.2,INC.b. ,  NOM-009-STPS-2001', 100.00, 15000.00, 179, 1, 1, '0000-00-00 00:00:00', '0000-00-00 00:00:00', NULL),
	(616, 1, 4, 'Default', 'Default', 'b) Operar los andamios suspendidos unicamente con trabajadores capacitados y autorizados por el patron, conforme a las instrucciones del manual y las recomendaciones del fabricante;', 'fracc.10.2,INC.c. ,  NOM-009-STPS-2001', 100.00, 15000.00, 180, 1, 1, '0000-00-00 00:00:00', '0000-00-00 00:00:00', NULL),
	(617, 1, 4, 'Default', 'Default', 'c) Constatar que antes de iniciar cada turno de trabajo, el operador:', 'fracc.10.2,INC.c. 1,  NOM-009-STPS-2001', 100.00, 15000.00, 181, 1, 1, '0000-00-00 00:00:00', '0000-00-00 00:00:00', NULL),
	(618, 1, 4, 'Default', 'Default', '1) Verifique que el soporte de suspension y el andamio se encuentran en condiciones seguras de operacion, que no existen obstaculos que interfieran en su desplazamiento, y que todos los tornillos y tuercas estan correctamente apretados, y', 'fracc.10.2,INC.c. 2,  NOM-009-STPS-2001', 100.00, 15000.00, 182, 1, 1, '0000-00-00 00:00:00', '0000-00-00 00:00:00', NULL),
	(619, 1, 4, 'Default', 'Default', '2) Pruebe los malacates con sus dispositivos de seguridad, tanto en el ascenso como en el descenso, a una altura inferior a los 3 m;', 'fracc.10.2,INC.d. ,  NOM-009-STPS-2001', 100.00, 15000.00, 183, 1, 1, '0000-00-00 00:00:00', '0000-00-00 00:00:00', NULL),
	(620, 1, 4, 'Default', 'Default', 'd) Prohibir que se anulen, interfieran o desconecten los dispositivos de seguridad;', 'fracc.10.2,INC.e. ,  NOM-009-STPS-2001', 100.00, 15000.00, 184, 1, 1, '0000-00-00 00:00:00', '0000-00-00 00:00:00', NULL),
	(621, 1, 4, 'Default', 'Default', 'e) Proporcionar a todo el personal que haga uso del andamio suspendido, al menos el equipo de proteccion personal siguiente:', 'fracc.10.2,INC.1,  NOM-009-STPS-2001', 100.00, 15000.00, 185, 1, 1, '0000-00-00 00:00:00', '0000-00-00 00:00:00', NULL),
	(622, 1, 4, 'Default', 'Default', '1) Casco con barboquejo;', 'fracc.10.2,INC.2,  NOM-009-STPS-2001', 100.00, 15000.00, 186, 1, 1, '0000-00-00 00:00:00', '0000-00-00 00:00:00', NULL),
	(623, 1, 4, 'Default', 'Default', '2) Calzado antiderrapante y resistente a los materiales a que estara expuesto, y Viernes 6 de mayo de 2011 DIARIO OFICIAL (Primera Seccion)', 'fracc.10.2,INC.3,  NOM-009-STPS-2001', 100.00, 15000.00, 187, 1, 1, '0000-00-00 00:00:00', '0000-00-00 00:00:00', NULL),
	(624, 1, 4, 'Default', 'Default', '3) Sistema de proteccion personal para interrumpir caidas de altura conectado a los puntos de anclaje de la plataforma dise', 'fracc.10.2,INC.f. ,  NOM-009-STPS-2001', 100.00, 15000.00, 188, 1, 1, '0000-00-00 00:00:00', '0000-00-00 00:00:00', NULL),
	(625, 1, 4, 'Default', 'Default', 'f) Verificar que ningun objeto sobresalga de la plataforma antes de iniciar cualquier movimiento del andamio suspendido;', 'fracc.10.2,INC.g. ,  NOM-009-STPS-2001', 100.00, 15000.00, 189, 1, 1, '0000-00-00 00:00:00', '0000-00-00 00:00:00', NULL),
	(626, 1, 4, 'Default', 'Default', 'g) Colocar la herramienta, equipo o material en contenedores antes de iniciar el movimiento vertical de un andamio suspendido. Durante el movimiento del equipo no se debera permitir que los trabajadores sostengan objetos en sus manos;', 'fracc.10.2,INC.h. ,  NOM-009-STPS-2001', 100.00, 15000.00, 190, 1, 1, '0000-00-00 00:00:00', '0000-00-00 00:00:00', NULL),
	(627, 1, 4, 'Default', 'Default', 'h) Efectuar el suministro o retiro de herramientas o materiales al o del andamio suspendido, de forma tal que no se sobrecargue ninguno de los soportes de este ni se afecte su estado de equilibrio e inmovilidad;', 'fracc.10.2,INC.i. ,  NOM-009-STPS-2001', 100.00, 15000.00, 191, 1, 1, '0000-00-00 00:00:00', '0000-00-00 00:00:00', NULL),
	(628, 1, 4, 'Default', 'Default', 'i) Establecer y aplicar procedimientos de seguridad para evitar que las herramientas o materiales se balanceen durante el trayecto;', 'fracc.10.2,INC.j. ,  NOM-009-STPS-2001', 100.00, 15000.00, 192, 1, 1, '0000-00-00 00:00:00', '0000-00-00 00:00:00', NULL),
	(629, 1, 4, 'Default', 'Default', 'j) Efectuar el acceso o salida en puntos seguros por un solo trabajador a la vez. Para realizar estas acciones, el andamio debera ser inmovilizado, mediante su amarre o sujecion a una estructura fija. Se consideran puntos seguros, aquellos que se encuentren a una distancia no mayor de 50 cm del nivel del piso, del nivel de la azotea o del nivel del piso de los niveles intermedios;', 'fracc.10.2,INC.k. ,  NOM-009-STPS-2001', 100.00, 15000.00, 193, 1, 1, '0000-00-00 00:00:00', '0000-00-00 00:00:00', NULL),
	(630, 1, 4, 'Default', 'Default', 'k) Levantar o bajar los andamios suspendidos de manera que su plataforma no tenga una inclinacion mayor a 20% (11 grados) con la horizontal;', 'fracc.10.2,INC.l. ,  NOM-009-STPS-2001', 100.00, 15000.00, 194, 1, 1, '0000-00-00 00:00:00', '0000-00-00 00:00:00', NULL),
	(631, 1, 4, 'Default', 'Default', 'l) Estabilizar los cables suspendidos que no se encuentren bajo ninguna tension, cuando su longitud exceda los 61 m;', 'fracc.10.2,INC.m. ,  NOM-009-STPS-2001', 100.00, 15000.00, 195, 1, 1, '0000-00-00 00:00:00', '0000-00-00 00:00:00', NULL),
	(632, 1, 4, 'Default', 'Default', 'm) Revisar periodicamente los rieles de traslacion de los andamios suspendidos, de acuerdo con lo se', 'fracc.10.2,INC.n. ,  NOM-009-STPS-2001', 100.00, 15000.00, 196, 1, 1, '0000-00-00 00:00:00', '0000-00-00 00:00:00', NULL),
	(633, 1, 4, 'Default', 'Default', 'n) Corroborar que bajo ninguna circunstancia se permita:', 'fracc.10.2,INC.n. 1,  NOM-009-STPS-2001', 100.00, 15000.00, 197, 1, 1, '0000-00-00 00:00:00', '0000-00-00 00:00:00', NULL),
	(634, 1, 4, 'Default', 'Default', '1) Ascender y descender a los trabajadores por los cables de suspension;', 'fracc.10.2,INC.n. 2,  NOM-009-STPS-2001', 100.00, 15000.00, 198, 1, 1, '0000-00-00 00:00:00', '0000-00-00 00:00:00', NULL),
	(635, 1, 4, 'Default', 'Default', '2) Sobrepasar la capacidad maxima de carga establecida por el fabricante;', 'fracc.10.2,INC.n. 3,  NOM-009-STPS-2001', 100.00, 15000.00, 199, 1, 1, '0000-00-00 00:00:00', '0000-00-00 00:00:00', NULL),
	(636, 1, 4, 'Default', 'Default', '3) Exceder la velocidad de ascenso y descenso de los andamios suspendidos motorizados de 0.3 m/s, en el caso de malacates motorizados de una sola velocidad, o de 0.4 m/s, tratandose de andamios con multiples velocidades;', 'fracc.10.2,INC.n. 4,  NOM-009-STPS-2001', 100.00, 15000.00, 200, 1, 1, '0000-00-00 00:00:00', '0000-00-00 00:00:00', NULL),
	(637, 1, 4, 'Default', 'Default', '4) Desplazar los soportes de suspension, cuando se encuentren trabajadores sobre los andamios suspendidos;', 'fracc.10.2,INC.n. 5,  NOM-009-STPS-2001', 100.00, 15000.00, 201, 1, 1, '0000-00-00 00:00:00', '0000-00-00 00:00:00', NULL),
	(638, 1, 4, 'Default', 'Default', '5) Utilizar los andamios suspendidos como elevadores de carga o desplazarlos en forma horizontal, si se encuentra algun trabajador en el, salvo que el manual de operacion asi lo permita;', 'fracc.10.2,INC.n. 6,  NOM-009-STPS-2001', 100.00, 15000.00, 202, 1, 1, '0000-00-00 00:00:00', '0000-00-00 00:00:00', NULL),
	(639, 1, 4, 'Default', 'Default', '6) Acumular herramientas o materiales en los andamios suspendidos en cantidad tal que representen un riesgo por sobrepeso, por caida o por generar dificultades para realizar la actividad;', 'fracc.10.2,INC.n. 7,  NOM-009-STPS-2001', 100.00, 15000.00, 203, 1, 1, '0000-00-00 00:00:00', '0000-00-00 00:00:00', NULL),
	(640, 1, 4, 'Default', 'Default', '7) Laborar o permanecer en el andamio suspendido cuando existan tormentas electricas, vientos fuertes o lluvia, y', 'fracc.10.2,INC.n. 8,  NOM-009-STPS-2001', 100.00, 15000.00, 204, 1, 1, '0000-00-00 00:00:00', '0000-00-00 00:00:00', NULL),
	(641, 1, 4, 'Default', 'Default', '8) Emplear andamios suspendidos con cuerdas o cables de fibra, cuando se trabaje con sustancias corrosivas o con equipos de flama abierta que generen chispas o calor excesivo;', 'fracc.10.2,INC.o. ,  NOM-009-STPS-2001', 100.00, 15000.00, 205, 1, 1, '0000-00-00 00:00:00', '0000-00-00 00:00:00', NULL),
	(642, 1, 4, 'Default', 'Default', 'o) Retirar las herramientas o materiales del andamio suspendido y posicionar este sobre el piso al concluir el turno de trabajo, a excepcion de instalaciones en puentes y otras similares donde el nivel del suelo sea inaccesible;', 'fracc.10.2,INC.p. ,  NOM-009-STPS-2001', 100.00, 15000.00, 206, 1, 1, '0000-00-00 00:00:00', '0000-00-00 00:00:00', NULL),
	(643, 1, 4, 'Default', 'Default', 'p) Poner la plataforma en la posicion de ', 'fracc.10.2,INC.q. ,  NOM-009-STPS-2001', 100.00, 15000.00, 207, 1, 1, '0000-00-00 00:00:00', '0000-00-00 00:00:00', NULL),
	(644, 1, 4, 'Default', 'Default', 'q) Amarrar o asegurar al edificio, estructura o instalacion, el andamio suspendido cuando se encuentre fuera de operacion, de tal forma que su movimiento no sea causa de riesgo.', 'fracc.10.3,INC.,  NOM-009-STPS-2001', 100.00, 15000.00, 208, 1, 1, '0000-00-00 00:00:00', '0000-00-00 00:00:00', NULL),
	(645, 1, 4, 'Default', 'Default', '10.3 Durante el mantenimiento de los andamios suspendidos, se debera cumplir lo siguiente:', 'fracc.10.3,INC.a. ,  NOM-009-STPS-2001', 100.00, 15000.00, 209, 1, 1, '0000-00-00 00:00:00', '0000-00-00 00:00:00', NULL),
	(646, 1, 4, 'Default', 'Default', 'a) Realizar las labores de mantenimiento a los andamios suspendidos unicamente con trabajadores capacitados y autorizados por el patron;', 'fracc.10.3,INC.b. ,  NOM-009-STPS-2001', 100.00, 15000.00, 210, 1, 1, '0000-00-00 00:00:00', '0000-00-00 00:00:00', NULL),
	(647, 1, 4, 'Default', 'Default', 'b) Establecer y aplicar un procedimiento para el bloqueo de energia, de conformidad con lo dispuesto en la NOM-004-STPS-1999, o las que la sustituyan;', 'fracc.10.3,INC.c. ,  NOM-009-STPS-2001', 100.00, 15000.00, 211, 1, 1, '0000-00-00 00:00:00', '0000-00-00 00:00:00', NULL),
	(648, 1, 4, 'Default', 'Default', 'c) Condicionar cualquier alteracion al andamio suspendido en su dise', 'fracc.10.3,INC.d. ,  NOM-009-STPS-2001', 100.00, 15000.00, 212, 1, 1, '0000-00-00 00:00:00', '0000-00-00 00:00:00', NULL),
	(649, 1, 4, 'Default', 'Default', 'd) Revisar periodicamente el malacate y los dispositivos de seguridad, de acuerdo con las indicaciones del fabricante;', 'fracc.10.3,INC.e. ,  NOM-009-STPS-2001', 100.00, 15000.00, 213, 1, 1, '0000-00-00 00:00:00', '0000-00-00 00:00:00', NULL),
	(650, 1, 4, 'Default', 'Default', 'e) Prever en el manual de mantenimiento de los malacates, las instrucciones para reemplazar el cable, cuando se presenten condiciones que lo hagan inseguro, entre otras:', 'fracc.10.3,INC.e. 1,  NOM-009-STPS-2001', 100.00, 15000.00, 214, 1, 1, '0000-00-00 00:00:00', '0000-00-00 00:00:00', NULL),
	(651, 1, 4, 'Default', 'Default', '1) La existencia de doce alambres rotos de manera aleatoria en un mismo cable;', 'fracc.10.3,INC.e. 2,  NOM-009-STPS-2001', 100.00, 15000.00, 215, 1, 1, '0000-00-00 00:00:00', '0000-00-00 00:00:00', NULL),
	(652, 1, 4, 'Default', 'Default', '2) El desgaste de los alambres individuales exteriores, en mas de un tercio del diametro original;', 'fracc.10.3,INC.e. 3,  NOM-009-STPS-2001', 100.00, 15000.00, 216, 1, 1, '0000-00-00 00:00:00', '0000-00-00 00:00:00', NULL),
	(653, 1, 4, 'Default', 'Default', '3) La evidencia de da', 'fracc.10.3,INC.e. 4,  NOM-009-STPS-2001', 100.00, 15000.00, 217, 1, 1, '0000-00-00 00:00:00', '0000-00-00 00:00:00', NULL),
	(654, 1, 4, 'Default', 'Default', '4) La formacion de ondas o de una torsion no balanceada del cable (Vease Figura 9);', 'fracc.10.3,INC.f. ,  NOM-009-STPS-2001', 100.00, 15000.00, 218, 1, 1, '0000-00-00 00:00:00', '0000-00-00 00:00:00', NULL),
	(655, 1, 4, 'Default', 'Default', 'f) Limpiar, al termino del mantenimiento, la plataforma de los andamios suspendidos, sobre todo cuando se hayan utilizado productos quimicos agresivos, y dejarla libre de sustancias como soluciones jabonosas, aceite, grasas, pintura, barro u otras que puedan hacerla resbaladiza o generen cualquier otro tipo de riesgo a los trabajadores, y', 'fracc.10.3,INC.g. ,  NOM-009-STPS-2001', 100.00, 15000.00, 219, 1, 1, '0000-00-00 00:00:00', '0000-00-00 00:00:00', NULL),
	(656, 1, 4, 'Default', 'Default', 'g) Verificar que el andamio suspendido este correctamente instalado y en condiciones de funcionamiento seguro, al concluir su mantenimiento.', 'fracc.11.,INC.,  NOM-009-STPS-2001', 100.00, 15000.00, 220, 1, 1, '0000-00-00 00:00:00', '0000-00-00 00:00:00', NULL),
	(657, 1, 4, 'Default', 'Default', '11. Plataformas de elevacion', 'fracc.11.1,INC.,  NOM-009-STPS-2001', 100.00, 15000.00, 221, 1, 1, '0000-00-00 00:00:00', '0000-00-00 00:00:00', NULL),
	(658, 1, 4, 'Default', 'Default', '11.1 Se debera contar y tener disponibles, los manuales para la operacion, revision y mantenimiento de la plataforma, en idioma espa', 'fracc.11.2,INC.,  NOM-009-STPS-2001', 100.00, 15000.00, 222, 1, 1, '0000-00-00 00:00:00', '0000-00-00 00:00:00', NULL),
	(659, 1, 4, 'Default', 'Default', '11.2 Las plataformas de elevacion deberan contar con los componentes que a continuacion se indican:', 'fracc.11.2,INC.a. ,  NOM-009-STPS-2001', 100.00, 15000.00, 223, 1, 1, '0000-00-00 00:00:00', '0000-00-00 00:00:00', NULL),
	(660, 1, 4, 'Default', 'Default', 'a) Canastilla o plataforma de trabajo, integrada al equipo, la cual debera contener una proteccion lateral con una altura minima de 90 cm. No deberan utilizarse cuerdas, cables, cadenas o cualquier otro material flexible para sustituir la canastilla;', 'fracc.11.2,INC.b. ,  NOM-009-STPS-2001', 100.00, 15000.00, 224, 1, 1, '0000-00-00 00:00:00', '0000-00-00 00:00:00', NULL),
	(661, 1, 4, 'Default', 'Default', 'b) Dispositivos de seguridad para asegurar su nivelacion o estabilizadores en el sitio de trabajo, de acuerdo con las especificaciones del fabricante;', 'fracc.11.2,INC.c. ,  NOM-009-STPS-2001', 100.00, 15000.00, 225, 1, 1, '0000-00-00 00:00:00', '0000-00-00 00:00:00', NULL),
	(662, 1, 4, 'Default', 'Default', 'c) Panel de control de piso y en canastilla, con dispositivos que permitan a los trabajadores bajar la plataforma hasta el suelo en caso de emergencia; Viernes 6 de mayo de 2011 DIARIO OFICIAL (Primera Seccion)', 'fracc.11.2,INC.d. ,  NOM-009-STPS-2001', 100.00, 15000.00, 226, 1, 1, '0000-00-00 00:00:00', '0000-00-00 00:00:00', NULL),
	(663, 1, 4, 'Default', 'Default', 'd) Sistema automatico de alarma sonora, para indicar el ascenso, descenso, traccion ', 'fracc.11.2,INC.e. ,  NOM-009-STPS-2001', 100.00, 15000.00, 227, 1, 1, '0000-00-00 00:00:00', '0000-00-00 00:00:00', NULL),
	(664, 1, 4, 'Default', 'Default', 'e) Dispositivo de anclaje, para conexion del sistema de proteccion personal para interrumpir caidas de altura -arnes, linea de vida, absorbedor de energia, entre otros-, integrado a la canastilla de la plataforma o brazo, y', 'fracc.11.2,INC.f. ,  NOM-009-STPS-2001', 100.00, 15000.00, 228, 1, 1, '0000-00-00 00:00:00', '0000-00-00 00:00:00', NULL),
	(665, 1, 4, 'Default', 'Default', 'f) Limitador de velocidad de desplazamiento, con el brazo extendido.', 'fracc.11.3,INC.,  NOM-009-STPS-2001', 100.00, 15000.00, 229, 1, 1, '0000-00-00 00:00:00', '0000-00-00 00:00:00', NULL),
	(666, 1, 4, 'Default', 'Default', '11.3 Al inicio de cada jornada, se debera realizar una revision visual y prueba funcional de la plataforma de elevacion, para verificar el buen funcionamiento de los siguientes elementos;', 'fracc.11.3,INC.a. ,  NOM-009-STPS-2001', 100.00, 15000.00, 230, 1, 1, '0000-00-00 00:00:00', '0000-00-00 00:00:00', NULL),
	(667, 1, 4, 'Default', 'Default', 'a) Controles de operacion y de emergencia;', 'fracc.11.3,INC.b. ,  NOM-009-STPS-2001', 100.00, 15000.00, 231, 1, 1, '0000-00-00 00:00:00', '0000-00-00 00:00:00', NULL),
	(668, 1, 4, 'Default', 'Default', 'b) Dispositivos de seguridad de los equipos;', 'fracc.11.3,INC.c. ,  NOM-009-STPS-2001', 100.00, 15000.00, 232, 1, 1, '0000-00-00 00:00:00', '0000-00-00 00:00:00', NULL),
	(669, 1, 4, 'Default', 'Default', 'c) Disponibilidad del equipo de proteccion individual contra caidas;', 'fracc.11.3,INC.d. ,  NOM-009-STPS-2001', 100.00, 15000.00, 233, 1, 1, '0000-00-00 00:00:00', '0000-00-00 00:00:00', NULL),
	(670, 1, 4, 'Default', 'Default', 'd) Sistemas neumaticos, hidraulicos, electricos y de combustion, segun aplique;', 'fracc.11.3,INC.e. ,  NOM-009-STPS-2001', 100.00, 15000.00, 234, 1, 1, '0000-00-00 00:00:00', '0000-00-00 00:00:00', NULL),
	(671, 1, 4, 'Default', 'Default', 'e) Se', 'fracc.11.3,INC.f. ,  NOM-009-STPS-2001', 100.00, 15000.00, 235, 1, 1, '0000-00-00 00:00:00', '0000-00-00 00:00:00', NULL),
	(672, 1, 4, 'Default', 'Default', 'f) Integridad y legibilidad de las calcomanias;', 'fracc.11.3,INC.g. ,  NOM-009-STPS-2001', 100.00, 15000.00, 236, 1, 1, '0000-00-00 00:00:00', '0000-00-00 00:00:00', NULL),
	(673, 1, 4, 'Default', 'Default', 'g) Estado fisico que guardan los estabilizadores, ejes expansibles y estructura en general, y', 'fracc.11.3,INC.h. ,  NOM-009-STPS-2001', 100.00, 15000.00, 237, 1, 1, '0000-00-00 00:00:00', '0000-00-00 00:00:00', NULL),
	(674, 1, 4, 'Default', 'Default', 'h) Cualquier otro elemento especificado por el fabricante.', 'fracc.11.4,INC.,  NOM-009-STPS-2001', 100.00, 15000.00, 238, 1, 1, '0000-00-00 00:00:00', '0000-00-00 00:00:00', NULL),
	(675, 1, 4, 'Default', 'Default', '11.4 Al inicio de cada jornada, se debera verificar que no existan en la plataforma de elevacion:', 'fracc.11.4,INC.a. ,  NOM-009-STPS-2001', 100.00, 15000.00, 239, 1, 1, '0000-00-00 00:00:00', '0000-00-00 00:00:00', NULL),
	(676, 1, 4, 'Default', 'Default', 'a) Evidencias de soldaduras deterioradas u otros defectos estructurales;', 'fracc.11.4,INC.b. ,  NOM-009-STPS-2001', 100.00, 15000.00, 240, 1, 1, '0000-00-00 00:00:00', '0000-00-00 00:00:00', NULL),
	(677, 1, 4, 'Default', 'Default', 'b) Escapes de circuitos hidraulicos;', 'fracc.11.4,INC.c. ,  NOM-009-STPS-2001', 100.00, 15000.00, 241, 1, 1, '0000-00-00 00:00:00', '0000-00-00 00:00:00', NULL),
	(678, 1, 4, 'Default', 'Default', 'c) Da', 'fracc.11.4,INC.d. ,  NOM-009-STPS-2001', 100.00, 15000.00, 242, 1, 1, '0000-00-00 00:00:00', '0000-00-00 00:00:00', NULL),
	(679, 1, 4, 'Default', 'Default', 'd) Mal estado de conexiones electricas;', 'fracc.11.4,INC.e. ,  NOM-009-STPS-2001', 100.00, 15000.00, 243, 1, 1, '0000-00-00 00:00:00', '0000-00-00 00:00:00', NULL),
	(680, 1, 4, 'Default', 'Default', 'e) Condiciones anomalas en ruedas, neumaticos, frenos y baterias, y', 'fracc.11.4,INC.f. ,  NOM-009-STPS-2001', 100.00, 15000.00, 244, 1, 1, '0000-00-00 00:00:00', '0000-00-00 00:00:00', NULL),
	(681, 1, 4, 'Default', 'Default', 'f) Residuos de productos quimicos agresivos y de sustancias como soluciones jabonosas, aceite, grasas, pintura, barro u otras que puedan hacer resbaladiza la superficie de la plataforma o generar cualquier otro tipo de riesgo a los trabajadores.', 'fracc.11.5,INC.,  NOM-009-STPS-2001', 100.00, 15000.00, 245, 1, 1, '0000-00-00 00:00:00', '0000-00-00 00:00:00', NULL),
	(682, 1, 4, 'Default', 'Default', '11.5 Durante la operacion de las plataformas de elevacion se debera cumplir con lo siguiente:', 'fracc.11.5,INC.a. ,  NOM-009-STPS-2001', 100.00, 15000.00, 246, 1, 1, '0000-00-00 00:00:00', '0000-00-00 00:00:00', NULL),
	(683, 1, 4, 'Default', 'Default', 'a) Efectuar una revision del lugar de trabajo en el que se utilizara la plataforma antes de cada uso;', 'fracc.11.5,INC.b. ,  NOM-009-STPS-2001', 100.00, 15000.00, 247, 1, 1, '0000-00-00 00:00:00', '0000-00-00 00:00:00', NULL),
	(684, 1, 4, 'Default', 'Default', 'b) Verificar antes de emplear la plataforma, que:', 'fracc.11.5,INC.b. 1,  NOM-009-STPS-2001', 100.00, 15000.00, 248, 1, 1, '0000-00-00 00:00:00', '0000-00-00 00:00:00', NULL),
	(685, 1, 4, 'Default', 'Default', '1) Los medios para mantener la estabilidad, se utilizan de acuerdo con las indicaciones del fabricante;', 'fracc.11.5,INC.b. 2,  NOM-009-STPS-2001', 100.00, 15000.00, 249, 1, 1, '0000-00-00 00:00:00', '0000-00-00 00:00:00', NULL),
	(686, 1, 4, 'Default', 'Default', '2) La carga maxima no excede la capacidad nominal, determinada por el fabricante, de acuerdo con las configuraciones posibles del equipo, y', 'fracc.11.5,INC.b. 3,  NOM-009-STPS-2001', 100.00, 15000.00, 250, 1, 1, '0000-00-00 00:00:00', '0000-00-00 00:00:00', NULL),
	(687, 1, 4, 'Default', 'Default', '3) Los trabajadores que laboran en la canastilla o plataforma de trabajo utilizan los sistemas de proteccion personal contra caidas, anclados a los dispositivos previstos e instalados dentro de la propia plataforma, asi como para otros riesgos a los que se encuentren expuestos por la naturaleza de las actividades por desarrollar, o del lugar en que estas se realizaran;', 'fracc.11.5,INC.c. ,  NOM-009-STPS-2001', 100.00, 15000.00, 251, 1, 1, '0000-00-00 00:00:00', '0000-00-00 00:00:00', NULL),
	(688, 1, 4, 'Default', 'Default', 'c) Mantener antes y durante la manipulacion de la plataforma:', 'fracc.11.5,INC.c. 1,  NOM-009-STPS-2001', 100.00, 15000.00, 252, 1, 1, '0000-00-00 00:00:00', '0000-00-00 00:00:00', NULL),
	(689, 1, 4, 'Default', 'Default', '1) Una vision clara del camino y area por recorrer;', 'fracc.11.5,INC.c. 2,  NOM-009-STPS-2001', 100.00, 15000.00, 253, 1, 1, '0000-00-00 00:00:00', '0000-00-00 00:00:00', NULL),
	(690, 1, 4, 'Default', 'Default', '2) La distancia segura de los obstaculos, depresiones o hundimientos naturales o accidentales en un terreno o superficie, rampas y otros factores de riesgo, que deberan estar especificados en el proyecto de trabajo, y', 'fracc.11.5,INC.c. 3,  NOM-009-STPS-2001', 100.00, 15000.00, 254, 1, 1, '0000-00-00 00:00:00', '0000-00-00 00:00:00', NULL),
	(691, 1, 4, 'Default', 'Default', '3) Las distancias minimas hacia obstaculos aereos y lineas electricas energizadas, especificadas en el proyecto de trabajo u orden de servicio;', 'fracc.11.5,INC.d. ,  NOM-009-STPS-2001', 100.00, 15000.00, 255, 1, 1, '0000-00-00 00:00:00', '0000-00-00 00:00:00', NULL),
	(692, 1, 4, 'Default', 'Default', 'd) Limitar la velocidad de desplazamiento de la plataforma, tomando en cuenta:', 'fracc.11.5,INC.d. 1,  NOM-009-STPS-2001', 100.00, 15000.00, 256, 1, 1, '0000-00-00 00:00:00', '0000-00-00 00:00:00', NULL),
	(693, 1, 4, 'Default', 'Default', '1) Las condiciones de la superficie;', 'fracc.11.5,INC.d. 2,  NOM-009-STPS-2001', 100.00, 15000.00, 257, 1, 1, '0000-00-00 00:00:00', '0000-00-00 00:00:00', NULL),
	(694, 1, 4, 'Default', 'Default', '2) El trafico;', 'fracc.11.5,INC.d. 3,  NOM-009-STPS-2001', 100.00, 15000.00, 258, 1, 1, '0000-00-00 00:00:00', '0000-00-00 00:00:00', NULL),
	(695, 1, 4, 'Default', 'Default', '3) La visibilidad;', 'fracc.11.5,INC.d. 4,  NOM-009-STPS-2001', 100.00, 15000.00, 259, 1, 1, '0000-00-00 00:00:00', '0000-00-00 00:00:00', NULL),
	(696, 1, 4, 'Default', 'Default', '4) La presencia de pendientes;', 'fracc.11.5,INC.d. 5,  NOM-009-STPS-2001', 100.00, 15000.00, 260, 1, 1, '0000-00-00 00:00:00', '0000-00-00 00:00:00', NULL),
	(697, 1, 4, 'Default', 'Default', '5) La ubicacion del personal, y', 'fracc.11.5,INC.d. 6,  NOM-009-STPS-2001', 100.00, 15000.00, 261, 1, 1, '0000-00-00 00:00:00', '0000-00-00 00:00:00', NULL),
	(698, 1, 4, 'Default', 'Default', '6) Otros factores de riesgo; (Primera Seccion) DIARIO OFICIAL Viernes 6 de mayo de 2011', 'fracc.11.5,INC.e. ,  NOM-009-STPS-2001', 100.00, 15000.00, 262, 1, 1, '0000-00-00 00:00:00', '0000-00-00 00:00:00', NULL),
	(699, 1, 4, 'Default', 'Default', 'e) Evitar que se mueva la plataforma de elevacion, en las rampas con especificaciones diferentes a las establecidas por el fabricante;', 'fracc.11.5,INC.f. ,  NOM-009-STPS-2001', 100.00, 15000.00, 263, 1, 1, '0000-00-00 00:00:00', '0000-00-00 00:00:00', NULL),
	(700, 1, 4, 'Default', 'Default', 'f) Bajar o cerrar, siempre, el barandal o puerta de acceso a la canastilla o plataforma de trabajo, antes de operar el equipo;', 'fracc.11.5,INC.g. ,  NOM-009-STPS-2001', 100.00, 15000.00, 264, 1, 1, '0000-00-00 00:00:00', '0000-00-00 00:00:00', NULL),
	(701, 1, 4, 'Default', 'Default', 'g) Mantener dentro de la canastilla o plataforma de trabajo a los trabajadores ocupantes de las plataformas elevadas durante la realizacion de las labores;', 'fracc.11.5,INC.h. ,  NOM-009-STPS-2001', 100.00, 15000.00, 265, 1, 1, '0000-00-00 00:00:00', '0000-00-00 00:00:00', NULL),
	(702, 1, 4, 'Default', 'Default', 'h) Prohibir que los trabajadores ocupantes de las plataformas elevadas se sienten, paren o suban en los barandales de proteccion;', 'fracc.11.5,INC.c.,  NOM-009-STPS-2001', 100.00, 15000.00, 266, 1, 1, '0000-00-00 00:00:00', '0000-00-00 00:00:00', NULL),
	(703, 1, 4, 'Default', 'Default', 'i) Comprobar, durante el uso de la plataforma, la zona de operacion de los equipos, para asegurarse que:', 'fracc.11.5,INC.c.1,  NOM-009-STPS-2001', 100.00, 15000.00, 267, 1, 1, '0000-00-00 00:00:00', '0000-00-00 00:00:00', NULL),
	(704, 1, 4, 'Default', 'Default', '1) La zona de operaciones esta de acuerdo con las condiciones especificadas por el fabricante;', 'fracc.11.5,INC.c.2,  NOM-009-STPS-2001', 100.00, 15000.00, 268, 1, 1, '0000-00-00 00:00:00', '0000-00-00 00:00:00', NULL),
	(705, 1, 4, 'Default', 'Default', '2) Las condiciones meteorologicas existentes, no impliquen la necesidad de detener las actividades;', 'fracc.11.5,INC.c.3,  NOM-009-STPS-2001', 100.00, 15000.00, 269, 1, 1, '0000-00-00 00:00:00', '0000-00-00 00:00:00', NULL),
	(706, 1, 4, 'Default', 'Default', '3) Las personas que se encuentren en el lugar cuenten con la autorizacion correspondiente, y', 'fracc.11.5,INC.c.4,  NOM-009-STPS-2001', 100.00, 15000.00, 270, 1, 1, '0000-00-00 00:00:00', '0000-00-00 00:00:00', NULL),
	(707, 1, 4, 'Default', 'Default', '4) El plan de trabajo contenga el analisis de las condiciones de seguridad que deberan existir para realizar el trabajo, con el detalle de los factores de riesgo existentes;', 'fracc.11.5,INC.j. ,  NOM-009-STPS-2001', 100.00, 15000.00, 271, 1, 1, '0000-00-00 00:00:00', '0000-00-00 00:00:00', NULL),
	(708, 1, 4, 'Default', 'Default', 'j) Evitar en la operacion de las plataformas, lo siguiente:', 'fracc.11.5,INC.j. 1,  NOM-009-STPS-2001', 100.00, 15000.00, 272, 1, 1, '0000-00-00 00:00:00', '0000-00-00 00:00:00', NULL),
	(709, 1, 4, 'Default', 'Default', '1) Que se coloquen sobre superficies u objetos fragiles o inestables;', 'fracc.11.5,INC.j. 2,  NOM-009-STPS-2001', 100.00, 15000.00, 273, 1, 1, '0000-00-00 00:00:00', '0000-00-00 00:00:00', NULL),
	(710, 1, 4, 'Default', 'Default', '2) Que se operen en terrenos desnivelados o inestables fuera de las especificaciones del fabricante;', 'fracc.11.5,INC.j. 3,  NOM-009-STPS-2001', 100.00, 15000.00, 274, 1, 1, '0000-00-00 00:00:00', '0000-00-00 00:00:00', NULL),
	(711, 1, 4, 'Default', 'Default', '3) Que se usen como gruas de carga;', 'fracc.11.5,INC.j. 4,  NOM-009-STPS-2001', 100.00, 15000.00, 275, 1, 1, '0000-00-00 00:00:00', '0000-00-00 00:00:00', NULL),
	(712, 1, 4, 'Default', 'Default', '4) Que se coloquen o recarguen escaleras o andamios contra la plataforma;', 'fracc.11.5,INC.j. 5,  NOM-009-STPS-2001', 100.00, 15000.00, 276, 1, 1, '0000-00-00 00:00:00', '0000-00-00 00:00:00', NULL),
	(713, 1, 4, 'Default', 'Default', '5) Que se operen cuando se encuentren en camiones, remolques, automoviles u otros vehiculos;', 'fracc.11.5,INC.j. 6,  NOM-009-STPS-2001', 100.00, 15000.00, 277, 1, 1, '0000-00-00 00:00:00', '0000-00-00 00:00:00', NULL),
	(714, 1, 4, 'Default', 'Default', '6) Que se utilicen tablones, escaleras de mano u otros elementos similares destinados a lograr una mayor altura o distancia en la plataforma;', 'fracc.11.5,INC.j. 7,  NOM-009-STPS-2001', 100.00, 15000.00, 278, 1, 1, '0000-00-00 00:00:00', '0000-00-00 00:00:00', NULL),
	(715, 1, 4, 'Default', 'Default', '7) Que se sujeten la plataforma o los trabajadores ocupantes a estructuras fijas;', 'fracc.11.5,INC.j. 8,  NOM-009-STPS-2001', 100.00, 15000.00, 279, 1, 1, '0000-00-00 00:00:00', '0000-00-00 00:00:00', NULL),
	(716, 1, 4, 'Default', 'Default', '8) Que se adicionen anuncios u otros elementos similares de gran tama', 'fracc.11.5,INC.j. 9,  NOM-009-STPS-2001', 100.00, 15000.00, 280, 1, 1, '0000-00-00 00:00:00', '0000-00-00 00:00:00', NULL),
	(717, 1, 4, 'Default', 'Default', '9) Que se usen con motores de combustion interna en interiores, salvo que cuenten con ventilacion para evitar la acumulacion de humos y gases toxicos;', 'fracc.11.5,INC.k. ,  NOM-009-STPS-2001', 100.00, 15000.00, 281, 1, 1, '0000-00-00 00:00:00', '0000-00-00 00:00:00', NULL),
	(718, 1, 4, 'Default', 'Default', 'k) Retirar inmediatamente del servicio y se', 'fracc.11.5,INC.l. ,  NOM-009-STPS-2001', 100.00, 15000.00, 282, 1, 1, '0000-00-00 00:00:00', '0000-00-00 00:00:00', NULL),
	(719, 1, 4, 'Default', 'Default', 'l) Verificar antes de bajar o mover la plataforma de trabajo, que no existan personas, equipos u obstaculos en zonas adyacentes;', 'fracc.11.5,INC.m. ,  NOM-009-STPS-2001', 100.00, 15000.00, 283, 1, 1, '0000-00-00 00:00:00', '0000-00-00 00:00:00', NULL),
	(720, 1, 4, 'Default', 'Default', 'm) Efectuar las maniobras de ascenso, descenso y movimiento de la plataforma siempre con la asistencia y supervision de al menos un segundo trabajador, para advertir al operador de cualquier condicion de riesgo, entre otras:', 'fracc.11.5,INC.m. 1,  NOM-009-STPS-2001', 100.00, 15000.00, 284, 1, 1, '0000-00-00 00:00:00', '0000-00-00 00:00:00', NULL),
	(721, 1, 4, 'Default', 'Default', '1) La presencia de trabajadores u otras personas en la parte inferior de la plataforma;', 'fracc.11.5,INC.m. 2,  NOM-009-STPS-2001', 100.00, 15000.00, 285, 1, 1, '0000-00-00 00:00:00', '0000-00-00 00:00:00', NULL),
	(722, 1, 4, 'Default', 'Default', '2) La aproximacion a obstaculos o lineas energizadas, y', 'fracc.11.5,INC.m. 3,  NOM-009-STPS-2001', 100.00, 15000.00, 286, 1, 1, '0000-00-00 00:00:00', '0000-00-00 00:00:00', NULL),
	(723, 1, 4, 'Default', 'Default', '3) La existencia de topes, aberturas, depresiones o hundimientos en la superficie de rodamiento de la plataforma;', 'fracc.11.5,INC.n. ,  NOM-009-STPS-2001', 100.00, 15000.00, 287, 1, 1, '0000-00-00 00:00:00', '0000-00-00 00:00:00', NULL),
	(724, 1, 4, 'Default', 'Default', 'n) Estacionar la base de la plataforma elevada, apagada y protegida contra accionamiento no autorizado, cuando se encuentre fuera de servicio, y', 'fracc.11.5,INC.o. ,  NOM-009-STPS-2001', 100.00, 15000.00, 288, 1, 1, '0000-00-00 00:00:00', '0000-00-00 00:00:00', NULL),
	(725, 1, 4, 'Default', 'Default', 'o) Recargar las baterias en un espacio ventilado, donde no exista riesgo de incendio o explosion.', 'fracc.12.,INC.,  NOM-009-STPS-2001', 100.00, 15000.00, 289, 1, 1, '0000-00-00 00:00:00', '0000-00-00 00:00:00', NULL),
	(726, 1, 4, 'Default', 'Default', '12. Escaleras de mano', 'fracc.12.1,INC.,  NOM-009-STPS-2001', 100.00, 15000.00, 290, 1, 1, '0000-00-00 00:00:00', '0000-00-00 00:00:00', NULL),
	(727, 1, 4, 'Default', 'Default', '12.1 Las escaleras de mano deberan ser revisadas antes de cada uso. Aquellas que tengan defectos que puedan afectar su uso seguro, deberan ser retiradas del servicio inmediatamente y marcarse con la leyenda ', 'fracc.12.2,INC.,  NOM-009-STPS-2001', 100.00, 15000.00, 291, 1, 1, '0000-00-00 00:00:00', '0000-00-00 00:00:00', NULL),
	(728, 1, 4, 'Default', 'Default', '12.2 Las escaleras de mano deberan: Viernes 6 de mayo de 2011 DIARIO OFICIAL (Primera Seccion)', 'fracc.12.2,INC.a. ,  NOM-009-STPS-2001', 100.00, 15000.00, 292, 1, 1, '0000-00-00 00:00:00', '0000-00-00 00:00:00', NULL),
	(729, 1, 4, 'Default', 'Default', 'a) Ser almacenadas en lugares donde no esten expuestas a elementos de intemperie que puedan da', 'fracc.12.2,INC.b. ,  NOM-009-STPS-2001', 100.00, 15000.00, 293, 1, 1, '0000-00-00 00:00:00', '0000-00-00 00:00:00', NULL),
	(730, 1, 4, 'Default', 'Default', 'b) Permanecer libres de grasa o aceite en sus pelda', 'fracc.12.2,INC.c. ,  NOM-009-STPS-2001', 100.00, 15000.00, 294, 1, 1, '0000-00-00 00:00:00', '0000-00-00 00:00:00', NULL),
	(731, 1, 4, 'Default', 'Default', 'c) Estar pintadas con un material transparente que no pueda ocultar los defectos o da', 'fracc.12.2,INC.d. ,  NOM-009-STPS-2001', 100.00, 15000.00, 295, 1, 1, '0000-00-00 00:00:00', '0000-00-00 00:00:00', NULL),
	(732, 1, 4, 'Default', 'Default', 'd) Estar colocadas de manera que la distancia horizontal, desde el pie de la escalera hasta el punto de apoyo -sobre su vertical-, sea de una cuarta parte de la longitud de la escalera hasta dicho punto de apoyo (Vease Figura 10);', 'fracc.12.2,INC.e. ,  NOM-009-STPS-2001', 100.00, 15000.00, 296, 1, 1, '0000-00-00 00:00:00', '0000-00-00 00:00:00', NULL),
	(733, 1, 4, 'Default', 'Default', 'e) Estar extendidas por lo menos 90 cm sobre el punto de apoyo en el borde de la superficie a la que se accede, cuando son utilizadas para subir a una azotea u otra superficie elevada similar, y', 'fracc.12.2,INC.f. ,  NOM-009-STPS-2001', 100.00, 15000.00, 297, 1, 1, '0000-00-00 00:00:00', '0000-00-00 00:00:00', NULL),
	(734, 1, 4, 'Default', 'Default', 'f) Estar equipadas con bases antiderrapantes. Las secciones media y superior no deberan usarse como seccion inferior, a menos que esten igualmente equipadas con bases antiderrapantes. El uso de estas bases no sustituye a las medidas de seguridad que se deberan tomar al colocar, atar o sujetar una escalera.', 'fracc.12.3,INC.,  NOM-009-STPS-2001', 100.00, 15000.00, 298, 1, 1, '0000-00-00 00:00:00', '0000-00-00 00:00:00', NULL),
	(735, 1, 4, 'Default', 'Default', '12.3 Se debera prohibir que las escaleras de mano:', 'fracc.12.3,INC.a. ,  NOM-009-STPS-2001', 100.00, 15000.00, 299, 1, 1, '0000-00-00 00:00:00', '0000-00-00 00:00:00', NULL),
	(736, 1, 4, 'Default', 'Default', 'a) Sean almacenadas cerca de radiadores, estufas, tuberias de vapor, o en otros lugares donde se sometan a calor o humedad excesivos, cuando son fabricadas de madera;', 'fracc.12.3,INC.b. ,  NOM-009-STPS-2001', 100.00, 15000.00, 300, 1, 1, '0000-00-00 00:00:00', '0000-00-00 00:00:00', NULL),
	(737, 1, 4, 'Default', 'Default', 'b) Se sometan a una carga que exceda la maxima establecida por el fabricante;', 'fracc.12.3,INC.c. ,  NOM-009-STPS-2001', 100.00, 15000.00, 301, 1, 1, '0000-00-00 00:00:00', '0000-00-00 00:00:00', NULL),
	(738, 1, 4, 'Default', 'Default', 'c) Sean colocadas sobre cajas, tambos u otras bases inestables para alcanzar alturas mayores, ni en superficies inclinadas, a menos que esten equipadas con algun sistema especificamente dise', 'fracc.12.3,INC.d. ,  NOM-009-STPS-2001', 100.00, 15000.00, 302, 1, 1, '0000-00-00 00:00:00', '0000-00-00 00:00:00', NULL),
	(739, 1, 4, 'Default', 'Default', 'd) Se usen simultaneamente por mas de una persona, a menos que esten especificamente dise', 'fracc.12.3,INC.e. ,  NOM-009-STPS-2001', 100.00, 15000.00, 303, 1, 1, '0000-00-00 00:00:00', '0000-00-00 00:00:00', NULL),
	(740, 1, 4, 'Default', 'Default', 'e) Sean utilizadas como plataformas, tarimas o para cualquier otro proposito para el que no fueron dise', 'fracc.12.3,INC.f. ,  NOM-009-STPS-2001', 100.00, 15000.00, 304, 1, 1, '0000-00-00 00:00:00', '0000-00-00 00:00:00', NULL),
	(741, 1, 4, 'Default', 'Default', 'f) Se improvisen con elementos que permitan alcanzar una altura adicional a la de ellas.', 'fracc.12.4,INC.,  NOM-009-STPS-2001', 100.00, 15000.00, 305, 1, 1, '0000-00-00 00:00:00', '0000-00-00 00:00:00', NULL),
	(742, 1, 4, 'Default', 'Default', '12.4 Al realizar trabajos en altura, empleando una escalera de mano, se debera cumplir con las condiciones de seguridad siguientes:', 'fracc.12.4,INC.a. ,  NOM-009-STPS-2001', 100.00, 15000.00, 306, 1, 1, '0000-00-00 00:00:00', '0000-00-00 00:00:00', NULL),
	(743, 1, 4, 'Default', 'Default', 'a) Revisar visualmente, en forma previa a su utilizacion, el area donde sera empleada la escalera, a efecto de asegurarse que no existan condiciones de riesgo; (Primera Seccion) DIARIO OFICIAL Viernes 6 de mayo de 2011', 'fracc.12.4,INC.b. ,  NOM-009-STPS-2001', 100.00, 15000.00, 307, 1, 1, '0000-00-00 00:00:00', '0000-00-00 00:00:00', NULL),
	(744, 1, 4, 'Default', 'Default', 'b) Cerrar con llave, bloquear o vigilar permanentemente las puertas, cuando se coloque frente a ellas una escalera de mano;', 'fracc.12.4,INC.c. ,  NOM-009-STPS-2001', 100.00, 15000.00, 308, 1, 1, '0000-00-00 00:00:00', '0000-00-00 00:00:00', NULL),
	(745, 1, 4, 'Default', 'Default', 'c) Ascender o descender de frente a la escalera de mano;', 'fracc.12.4,INC.d. ,  NOM-009-STPS-2001', 100.00, 15000.00, 309, 1, 1, '0000-00-00 00:00:00', '0000-00-00 00:00:00', NULL),
	(746, 1, 4, 'Default', 'Default', 'd) Permanecer el operario de frente a ella mientras se realiza el trabajo, sin que el centro del trabajador sobrepase los rieles laterales de esta. Se debera evitar sobre-extenderse para alcanzar algun punto, zona u objeto, de forma que se ponga en riesgo la estabilidad;', 'fracc.12.4,INC.e. ,  NOM-009-STPS-2001', 100.00, 15000.00, 310, 1, 1, '0000-00-00 00:00:00', '0000-00-00 00:00:00', NULL),
	(747, 1, 4, 'Default', 'Default', 'e) Prohibir al usuario pararse por arriba del antepenultimo pelda', 'fracc.12.4,INC.f. ,  NOM-009-STPS-2001', 100.00, 15000.00, 311, 1, 1, '0000-00-00 00:00:00', '0000-00-00 00:00:00', NULL),
	(748, 1, 4, 'Default', 'Default', 'f) Utilizar calzado con suela anti derrapante para la realizacion de trabajos sobre las escaleras de mano;', 'fracc.12.4,INC.g. ,  NOM-009-STPS-2001', 100.00, 15000.00, 312, 1, 1, '0000-00-00 00:00:00', '0000-00-00 00:00:00', NULL),
	(749, 1, 4, 'Default', 'Default', 'g) Sostener en todo momento la escalera de mano, desde su parte inferior con ambas manos, por parte de una segunda persona, durante el ascenso o descenso de mas de 5 m de altura;', 'fracc.12.4,INC.h. ,  NOM-009-STPS-2001', 100.00, 15000.00, 313, 1, 1, '0000-00-00 00:00:00', '0000-00-00 00:00:00', NULL),
	(750, 1, 4, 'Default', 'Default', 'h) Sujetar tanto la parte inferior como superior, cuando se trabaje sobre una escalera de mano. La superficie donde descanse el extremo superior de la escalera debera ser rigida y tener suficiente resistencia para la carga aplicada, y', 'fracc.12.4,INC.i. ,  NOM-009-STPS-2001', 100.00, 15000.00, 314, 1, 1, '0000-00-00 00:00:00', '0000-00-00 00:00:00', NULL),
	(751, 1, 4, 'Default', 'Default', 'i) Prohibir el uso de escaleras metalicas en lugares donde puedan entrar en contacto con lineas electricas energizadas.', 'fracc.13.,INC.,  NOM-009-STPS-2001', 100.00, 15000.00, 315, 1, 1, '0000-00-00 00:00:00', '0000-00-00 00:00:00', NULL),
	(752, 1, 4, 'Default', 'Default', '13. Redes de seguridad', 'fracc.13.1,INC.,  NOM-009-STPS-2001', 100.00, 15000.00, 316, 1, 1, '0000-00-00 00:00:00', '0000-00-00 00:00:00', NULL),
	(753, 1, 4, 'Default', 'Default', '13.1 Las redes de seguridad, deberan:', 'fracc.13.1,INC.a. ,  NOM-009-STPS-2001', 100.00, 15000.00, 317, 1, 1, '0000-00-00 00:00:00', '0000-00-00 00:00:00', NULL),
	(754, 1, 4, 'Default', 'Default', 'a) Estar extendidas por lo menos 2.5 m hacia afuera del borde de la superficie de trabajo y ser instaladas lo mas cerca posible bajo la superficie que se requiere proteger, pero en ningun caso a mas de 6 m por debajo de esta;', 'fracc.13.1,INC.b. ,  NOM-009-STPS-2001', 100.00, 15000.00, 318, 1, 1, '0000-00-00 00:00:00', '0000-00-00 00:00:00', NULL),
	(755, 1, 4, 'Default', 'Default', 'b) Complementar la red de seguridad con redes de cubierta ligera para proteger al personal que trabaje en niveles inferiores de la caida de materiales y escombros;', 'fracc.13.1,INC.c. ,  NOM-009-STPS-2001', 100.00, 15000.00, 319, 1, 1, '0000-00-00 00:00:00', '0000-00-00 00:00:00', NULL),
	(756, 1, 4, 'Default', 'Default', 'c) Estar instaladas de acuerdo con las especificaciones del fabricante;', 'fracc.13.1,INC.d. ,  NOM-009-STPS-2001', 100.00, 15000.00, 320, 1, 1, '0000-00-00 00:00:00', '0000-00-00 00:00:00', NULL),
	(757, 1, 4, 'Default', 'Default', 'd) Estar provistas de una cuerda perimetral de alta resistencia y cuerdas de sujecion en orillas y extremos para el anclaje a estructuras fijas, y', 'fracc.13.1,INC.e. ,  NOM-009-STPS-2001', 100.00, 15000.00, 321, 1, 1, '0000-00-00 00:00:00', '0000-00-00 00:00:00', NULL),
	(758, 1, 4, 'Default', 'Default', 'e) Estar sujetas a control y mantenimiento.', 'fracc.14.,INC.,  NOM-009-STPS-2001', 100.00, 15000.00, 322, 1, 1, '0000-00-00 00:00:00', '0000-00-00 00:00:00', NULL),
	(759, 1, 4, 'Default', 'Default', '14. Seguimiento a la salud de los trabajadores', 'fracc.14.1,INC.,  NOM-009-STPS-2001', 100.00, 15000.00, 323, 1, 1, '0000-00-00 00:00:00', '0000-00-00 00:00:00', NULL),
	(760, 1, 4, 'Default', 'Default', '14.1 A los trabajadores que realicen trabajos en altura se les deberan practicar examenes medicos al menos cada a', 'fracc.14.2,INC.,  NOM-009-STPS-2001', 100.00, 15000.00, 324, 1, 1, '0000-00-00 00:00:00', '0000-00-00 00:00:00', NULL),
	(761, 1, 4, 'Default', 'Default', '14.2 Los examenes medicos deberan satisfacer lo siguiente:', 'fracc.14.2,INC.a. ,  NOM-009-STPS-2001', 100.00, 15000.00, 325, 1, 1, '0000-00-00 00:00:00', '0000-00-00 00:00:00', NULL),
	(762, 1, 4, 'Default', 'Default', 'a) Constar por escrito o en medios electronicos, y', 'fracc.14.2,INC.b. ,  NOM-009-STPS-2001', 100.00, 15000.00, 326, 1, 1, '0000-00-00 00:00:00', '0000-00-00 00:00:00', NULL),
	(763, 1, 4, 'Default', 'Default', 'b) Contener:', 'fracc.14.2,INC.b. 1,  NOM-009-STPS-2001', 100.00, 15000.00, 327, 1, 1, '0000-00-00 00:00:00', '0000-00-00 00:00:00', NULL),
	(764, 1, 4, 'Default', 'Default', '1) El nombre del trabajador;', 'fracc.14.2,INC.b. 2,  NOM-009-STPS-2001', 100.00, 15000.00, 328, 1, 1, '0000-00-00 00:00:00', '0000-00-00 00:00:00', NULL),
	(765, 1, 4, 'Default', 'Default', '2) La evaluacion medica del trabajador, y', 'fracc.14.2,INC.b. 3,  NOM-009-STPS-2001', 100.00, 15000.00, 329, 1, 1, '0000-00-00 00:00:00', '0000-00-00 00:00:00', NULL),
	(766, 1, 4, 'Default', 'Default', '3) El nombre del medico, su firma y numero de cedula profesional.', 'fracc.14.3,INC.,  NOM-009-STPS-2001', 100.00, 15000.00, 330, 1, 1, '0000-00-00 00:00:00', '0000-00-00 00:00:00', NULL),
	(767, 1, 4, 'Default', 'Default', '14.3 El ultimo examen practicado debera conservarse mientras el trabajador se mantenga activo en la realizacion de trabajos en altura.', 'fracc.15.,INC.,  NOM-009-STPS-2001', 100.00, 15000.00, 331, 1, 1, '0000-00-00 00:00:00', '0000-00-00 00:00:00', NULL),
	(768, 1, 4, 'Default', 'Default', '15. Plan de atencion a emergencias', 'fracc.15.1,INC.,  NOM-009-STPS-2001', 100.00, 15000.00, 332, 1, 1, '0000-00-00 00:00:00', '0000-00-00 00:00:00', NULL),
	(769, 1, 4, 'Default', 'Default', '15.1 El plan de atencion a emergencias debera contener, al menos, lo siguiente:', 'fracc.15.1,INC.a. ,  NOM-009-STPS-2001', 100.00, 15000.00, 333, 1, 1, '0000-00-00 00:00:00', '0000-00-00 00:00:00', NULL),
	(770, 1, 4, 'Default', 'Default', 'a) El responsable de implementar el plan;', 'fracc.15.1,INC.b. ,  NOM-009-STPS-2001', 100.00, 15000.00, 334, 1, 1, '0000-00-00 00:00:00', '0000-00-00 00:00:00', NULL),
	(771, 1, 4, 'Default', 'Default', 'b) Los procedimientos para:', 'fracc.15.1,INC.b. 1,  NOM-009-STPS-2001', 100.00, 15000.00, 335, 1, 1, '0000-00-00 00:00:00', '0000-00-00 00:00:00', NULL),
	(772, 1, 4, 'Default', 'Default', '1) El alertamiento, en caso de ocurrir una emergencia;', 'fracc.15.1,INC.b. 2,  NOM-009-STPS-2001', 100.00, 15000.00, 336, 1, 1, '0000-00-00 00:00:00', '0000-00-00 00:00:00', NULL),
	(773, 1, 4, 'Default', 'Default', '2) La comunicacion de la emergencia, junto con el directorio de los servicios de auxilio para la emergencia (rescate, hospitales, entre otros);', 'fracc.15.1,INC.b. 3,  NOM-009-STPS-2001', 100.00, 15000.00, 337, 1, 1, '0000-00-00 00:00:00', '0000-00-00 00:00:00', NULL),
	(774, 1, 4, 'Default', 'Default', '3) La suspension de las actividades;', 'fracc.15.1,INC.b. 4,  NOM-009-STPS-2001', 100.00, 15000.00, 338, 1, 1, '0000-00-00 00:00:00', '0000-00-00 00:00:00', NULL),
	(775, 1, 4, 'Default', 'Default', '4) Los primeros auxilios en caso de accidentes;', 'fracc.15.1,INC.b. 5,  NOM-009-STPS-2001', 100.00, 15000.00, 339, 1, 1, '0000-00-00 00:00:00', '0000-00-00 00:00:00', NULL),
	(776, 1, 4, 'Default', 'Default', '5) La eliminacion de los riesgos durante y despues de la emergencia;', 'fracc.15.1,INC.b. 6,  NOM-009-STPS-2001', 100.00, 15000.00, 340, 1, 1, '0000-00-00 00:00:00', '0000-00-00 00:00:00', NULL),
	(777, 1, 4, 'Default', 'Default', '6) El uso de los sistemas y equipo de rescate, en su caso, y Viernes 6 de mayo de 2011 DIARIO OFICIAL (Primera Seccion)', 'fracc.15.1,INC.b. 7,  NOM-009-STPS-2001', 100.00, 15000.00, 341, 1, 1, '0000-00-00 00:00:00', '0000-00-00 00:00:00', NULL),
	(778, 1, 4, 'Default', 'Default', '7) La reanudacion de actividades;', 'fracc.15.1,INC.c. ,  NOM-009-STPS-2001', 100.00, 15000.00, 342, 1, 1, '0000-00-00 00:00:00', '0000-00-00 00:00:00', NULL),
	(779, 1, 4, 'Default', 'Default', 'c) La identificacion de las rutas de evacuacion y de escape del edificio o area en que se efectua la actividad en altura, en particular cuando esta se realiza por personal ajeno a dicho edificio o area, en su caso;', 'fracc.15.1,INC.d. ,  NOM-009-STPS-2001', 100.00, 15000.00, 343, 1, 1, '0000-00-00 00:00:00', '0000-00-00 00:00:00', NULL),
	(780, 1, 4, 'Default', 'Default', 'd) Las acciones por implementar, en caso de cualquier falla en el sistema o equipo en uso, entre ellas en el suministro de energia de los sistemas motorizados;', 'fracc.15.1,INC.e. ,  NOM-009-STPS-2001', 100.00, 15000.00, 344, 1, 1, '0000-00-00 00:00:00', '0000-00-00 00:00:00', NULL),
	(781, 1, 4, 'Default', 'Default', 'e) Los sistemas y equipos de rescate, de proteccion personal u otros que se requieran para la atencion de las emergencias que puedan presentarse en cada uno de los trabajos en altura que se lleven a cabo, y', 'fracc.15.1,INC.f. ,  NOM-009-STPS-2001', 100.00, 15000.00, 345, 1, 1, '0000-00-00 00:00:00', '0000-00-00 00:00:00', NULL),
	(782, 1, 4, 'Default', 'Default', 'f) La capacitacion y adiestramiento de los trabajadores en relacion con el contenido del plan.', 'fracc.16.,INC.,  NOM-009-STPS-2001', 100.00, 15000.00, 346, 1, 1, '0000-00-00 00:00:00', '0000-00-00 00:00:00', NULL),
	(783, 1, 4, 'Default', 'Default', '16. Capacitacion, adiestramiento e informacion', 'fracc.16.1,INC.,  NOM-009-STPS-2001', 100.00, 15000.00, 347, 1, 1, '0000-00-00 00:00:00', '0000-00-00 00:00:00', NULL),
	(784, 1, 4, 'Default', 'Default', '16.1 A los trabajadores que realicen trabajos en altura se les debera proporcionar capacitacion, adiestramiento e informacion, de acuerdo con el tipo de sistema o equipo utilizado, las tareas asignadas y la atencion a emergencias.', 'fracc.16.2,INC.,  NOM-009-STPS-2001', 100.00, 15000.00, 348, 1, 1, '0000-00-00 00:00:00', '0000-00-00 00:00:00', NULL),
	(785, 1, 4, 'Default', 'Default', '16.2 La capacitacion y adiestramiento de los trabajadores que laboren con sistemas personales para trabajos en altura, debera considerar, al menos lo siguiente:', 'fracc.16.2,INC.a. ,  NOM-009-STPS-2001', 100.00, 15000.00, 349, 1, 1, '0000-00-00 00:00:00', '0000-00-00 00:00:00', NULL),
	(786, 1, 4, 'Default', 'Default', 'a) Los sistemas o equipos disponibles para la realizacion de trabajos en altura y para la proteccion contra caidas de altura;', 'fracc.16.2,INC.b. ,  NOM-009-STPS-2001', 100.00, 15000.00, 350, 1, 1, '0000-00-00 00:00:00', '0000-00-00 00:00:00', NULL),
	(787, 1, 4, 'Default', 'Default', 'b) La composicion, caracteristicas y funcionamiento del sistema o equipo utilizado;', 'fracc.16.2,INC.c. ,  NOM-009-STPS-2001', 100.00, 15000.00, 351, 1, 1, '0000-00-00 00:00:00', '0000-00-00 00:00:00', NULL),
	(788, 1, 4, 'Default', 'Default', 'c) Los aspectos relacionados con:', 'fracc.16.2,INC.c. 1,  NOM-009-STPS-2001', 100.00, 15000.00, 352, 1, 1, '0000-00-00 00:00:00', '0000-00-00 00:00:00', NULL),
	(789, 1, 4, 'Default', 'Default', '1) La seleccion e instalacion de los puntos y dispositivos de anclaje seguros;', 'fracc.16.2,INC.c. 2,  NOM-009-STPS-2001', 100.00, 15000.00, 353, 1, 1, '0000-00-00 00:00:00', '0000-00-00 00:00:00', NULL),
	(790, 1, 4, 'Default', 'Default', '2) La forma correcta de instalar, colocar, ajustar y utilizar el sistema o equipo;', 'fracc.16.2,INC.c. 3,  NOM-009-STPS-2001', 100.00, 15000.00, 354, 1, 1, '0000-00-00 00:00:00', '0000-00-00 00:00:00', NULL),
	(791, 1, 4, 'Default', 'Default', '3) Las conexiones y atados correctos;', 'fracc.16.2,INC.c. 4,  NOM-009-STPS-2001', 100.00, 15000.00, 355, 1, 1, '0000-00-00 00:00:00', '0000-00-00 00:00:00', NULL),
	(792, 1, 4, 'Default', 'Default', '4) Las revisiones rutinarias que requiere el sistema o equipo, su periodicidad, asi como los criterios para retirarlos del servicio, de conformidad con las instrucciones del fabricante;', 'fracc.16.2,INC.c. 5,  NOM-009-STPS-2001', 100.00, 15000.00, 356, 1, 1, '0000-00-00 00:00:00', '0000-00-00 00:00:00', NULL),
	(793, 1, 4, 'Default', 'Default', '5) Las limitantes y posibles restricciones en el uso del sistema o equipo;', 'fracc.16.2,INC.c. 6,  NOM-009-STPS-2001', 100.00, 15000.00, 357, 1, 1, '0000-00-00 00:00:00', '0000-00-00 00:00:00', NULL),
	(794, 1, 4, 'Default', 'Default', '6) La estimacion de la distancia total de caida, incluyendo la distancia de desaceleracion del absorbedor de energia, a efecto de prevenir colision o golpe en un nivel inferior o contra algun objeto que se encuentre en la trayectoria de una posible caida;', 'fracc.16.2,INC.c. 7,  NOM-009-STPS-2001', 100.00, 15000.00, 358, 1, 1, '0000-00-00 00:00:00', '0000-00-00 00:00:00', NULL),
	(795, 1, 4, 'Default', 'Default', '7) La catenaria formada en las lineas de vida horizontales, en su caso;', 'fracc.16.2,INC.c. 8,  NOM-009-STPS-2001', 100.00, 15000.00, 359, 1, 1, '0000-00-00 00:00:00', '0000-00-00 00:00:00', NULL),
	(796, 1, 4, 'Default', 'Default', '8) La forma de prevenir el efecto pendular, y', 'fracc.16.2,INC.c. 9,  NOM-009-STPS-2001', 100.00, 15000.00, 360, 1, 1, '0000-00-00 00:00:00', '0000-00-00 00:00:00', NULL),
	(797, 1, 4, 'Default', 'Default', '9) Los metodos de uso, revision, limpieza y resguardo del sistema o equipo, entre otros;', 'fracc.16.2,INC.d. ,  NOM-009-STPS-2001', 100.00, 15000.00, 361, 1, 1, '0000-00-00 00:00:00', '0000-00-00 00:00:00', NULL),
	(798, 1, 4, 'Default', 'Default', 'd) Las condiciones de uso que deberan evitarse para no disminuir las capacidades de resistencia o seguridad en general de los sistemas o equipos, como:', 'fracc.16.2,INC.d. 1,  NOM-009-STPS-2001', 100.00, 15000.00, 362, 1, 1, '0000-00-00 00:00:00', '0000-00-00 00:00:00', NULL),
	(799, 1, 4, 'Default', 'Default', '1) Ensamble de componentes incompatibles de diferentes fabricantes;', 'fracc.16.2,INC.d. 2,  NOM-009-STPS-2001', 100.00, 15000.00, 363, 1, 1, '0000-00-00 00:00:00', '0000-00-00 00:00:00', NULL),
	(800, 1, 4, 'Default', 'Default', '2) Alteraciones o adiciones no autorizadas por los fabricantes;', 'fracc.16.2,INC.d. 3,  NOM-009-STPS-2001', 100.00, 15000.00, 364, 1, 1, '0000-00-00 00:00:00', '0000-00-00 00:00:00', NULL),
	(801, 1, 4, 'Default', 'Default', '3) Posibles sobreesfuerzos localizados en ciertos componentes del sistema o equipo, cuando no se ha efectuado una adecuada instalacion de este;', 'fracc.16.2,INC.d. 4,  NOM-009-STPS-2001', 100.00, 15000.00, 365, 1, 1, '0000-00-00 00:00:00', '0000-00-00 00:00:00', NULL),
	(802, 1, 4, 'Default', 'Default', '4) Exposicion de las cuerdas al efecto cortante de aristas u objetos puntiagudos, y', 'fracc.16.2,INC.d. 5,  NOM-009-STPS-2001', 100.00, 15000.00, 366, 1, 1, '0000-00-00 00:00:00', '0000-00-00 00:00:00', NULL),
	(803, 1, 4, 'Default', 'Default', '5) Exposicion del sistema o de alguna de sus partes a sustancias corrosivas u otras condiciones que puedan llegar a degradar los materiales, como calor, fuego, radiacion solar, entre otras;', 'fracc.16.2,INC.e. ,  NOM-009-STPS-2001', 100.00, 15000.00, 367, 1, 1, '0000-00-00 00:00:00', '0000-00-00 00:00:00', NULL),
	(804, 1, 4, 'Default', 'Default', 'e) La forma correcta de ensamblar el sistema con otros tipos de sistemas o equipos complementarios, en su caso. Por ejemplo, sistemas para interrumpir caidas con sistemas de ascenso/descenso controlado, de posicionamiento, de rescate, entre otros;', 'fracc.16.2,INC.f. ,  NOM-009-STPS-2001', 100.00, 15000.00, 368, 1, 1, '0000-00-00 00:00:00', '0000-00-00 00:00:00', NULL),
	(805, 1, 4, 'Default', 'Default', 'f) Las condiciones bajo las cuales los sistemas o equipos deberan ser puestos fuera de servicio para su reparacion o reemplazo, por personal capacitado y autorizado por el patron, de acuerdo con lo establecido por el fabricante;', 'fracc.16.2,INC.g. ,  NOM-009-STPS-2001', 100.00, 15000.00, 369, 1, 1, '0000-00-00 00:00:00', '0000-00-00 00:00:00', NULL),
	(806, 1, 4, 'Default', 'Default', 'g) Las medidas de seguridad establecidas en esta Norma, aplicables a las actividades por realizar;', 'fracc.16.2,INC.h. ,  NOM-009-STPS-2001', 100.00, 15000.00, 370, 1, 1, '0000-00-00 00:00:00', '0000-00-00 00:00:00', NULL),
	(807, 1, 4, 'Default', 'Default', 'h) Las condiciones climaticas u otros factores desfavorables que obligarian a interrumpir los trabajos en altura;', 'fracc.16.2,INC.i. ,  NOM-009-STPS-2001', 100.00, 15000.00, 371, 1, 1, '0000-00-00 00:00:00', '0000-00-00 00:00:00', NULL),
	(808, 1, 4, 'Default', 'Default', 'i) La descripcion general sobre los efectos en el organismo durante la detencion de una caida y la suspension posterior a esta, con enfasis en las condiciones que deberan evitarse para prevenir lesiones u otro tipo de da', 'fracc.16.2,INC.j. ,  NOM-009-STPS-2001', 100.00, 15000.00, 372, 1, 1, '0000-00-00 00:00:00', '0000-00-00 00:00:00', NULL),
	(809, 1, 4, 'Default', 'Default', 'j) El contenido del plan de atencion a emergencias y otras acciones que se desprendan de las situaciones de emergencia que puedan presentarse durante la realizacion de los trabajos en altura, y', 'fracc.16.2,INC.k. ,  NOM-009-STPS-2001', 100.00, 15000.00, 373, 1, 1, '0000-00-00 00:00:00', '0000-00-00 00:00:00', NULL),
	(810, 1, 4, 'Default', 'Default', 'k) La teoria y practica sobre tecnicas y uso de equipos de rescate en altura.', 'fracc.16.3,INC.,  NOM-009-STPS-2001', 100.00, 15000.00, 374, 1, 1, '0000-00-00 00:00:00', '0000-00-00 00:00:00', NULL),
	(811, 1, 4, 'Default', 'Default', '16.3 La capacitacion y adiestramiento de los trabajadores que laboren en andamios tipo torre o estructura, debera comprender al menos lo siguiente:', 'fracc.16.3,INC.a. ,  NOM-009-STPS-2001', 100.00, 15000.00, 375, 1, 1, '0000-00-00 00:00:00', '0000-00-00 00:00:00', NULL),
	(812, 1, 4, 'Default', 'Default', 'a) Los procedimientos de ensamblado y desensamblado del andamio utilizado, cuando los trabajadores realicen o participen en esta actividad;', 'fracc.16.3,INC.b. ,  NOM-009-STPS-2001', 100.00, 15000.00, 376, 1, 1, '0000-00-00 00:00:00', '0000-00-00 00:00:00', NULL),
	(813, 1, 4, 'Default', 'Default', 'b) Los aspectos fundamentales de la seguridad y revision del andamio;', 'fracc.16.3,INC.c. ,  NOM-009-STPS-2001', 100.00, 15000.00, 377, 1, 1, '0000-00-00 00:00:00', '0000-00-00 00:00:00', NULL),
	(814, 1, 4, 'Default', 'Default', 'c) Las condiciones de estabilidad del andamio en aspectos como superficie de colocacion, altura maxima, nivelacion y sujecion;', 'fracc.16.3,INC.d. ,  NOM-009-STPS-2001', 100.00, 15000.00, 378, 1, 1, '0000-00-00 00:00:00', '0000-00-00 00:00:00', NULL),
	(815, 1, 4, 'Default', 'Default', 'd) El contenido de las medidas de seguridad establecidas en la presente Norma;', 'fracc.16.3,INC.e. ,  NOM-009-STPS-2001', 100.00, 15000.00, 379, 1, 1, '0000-00-00 00:00:00', '0000-00-00 00:00:00', NULL),
	(816, 1, 4, 'Default', 'Default', 'e) El contenido del manual o instructivo que, en su caso, se tenga del fabricante;', 'fracc.16.3,INC.f. ,  NOM-009-STPS-2001', 100.00, 15000.00, 380, 1, 1, '0000-00-00 00:00:00', '0000-00-00 00:00:00', NULL),
	(817, 1, 4, 'Default', 'Default', 'f) El uso correcto del sistema de proteccion personal para interrumpir caidas de altura;', 'fracc.16.3,INC.g. ,  NOM-009-STPS-2001', 100.00, 15000.00, 381, 1, 1, '0000-00-00 00:00:00', '0000-00-00 00:00:00', NULL),
	(818, 1, 4, 'Default', 'Default', 'g) El uso de equipo de proteccion personal de acuerdo con los riesgos de la actividad que realice;', 'fracc.16.3,INC.h. ,  NOM-009-STPS-2001', 100.00, 15000.00, 382, 1, 1, '0000-00-00 00:00:00', '0000-00-00 00:00:00', NULL),
	(819, 1, 4, 'Default', 'Default', 'h) La se', 'fracc.16.3,INC.i. ,  NOM-009-STPS-2001', 100.00, 15000.00, 383, 1, 1, '0000-00-00 00:00:00', '0000-00-00 00:00:00', NULL),
	(820, 1, 4, 'Default', 'Default', 'i) Las limitaciones de uso por condiciones climaticas adversas, la proximidad de lineas electricas y la capacidad de carga del andamio;', 'fracc.16.3,INC.j. ,  NOM-009-STPS-2001', 100.00, 15000.00, 384, 1, 1, '0000-00-00 00:00:00', '0000-00-00 00:00:00', NULL),
	(821, 1, 4, 'Default', 'Default', 'j) La forma segura de ascender y descender de la plataforma de trabajo;', 'fracc.16.3,INC.k. ,  NOM-009-STPS-2001', 100.00, 15000.00, 385, 1, 1, '0000-00-00 00:00:00', '0000-00-00 00:00:00', NULL),
	(822, 1, 4, 'Default', 'Default', 'k) Los metodos seguros para subir o bajar equipos, herramientas y materiales de trabajo del andamio;', 'fracc.16.3,INC.l. ,  NOM-009-STPS-2001', 100.00, 15000.00, 386, 1, 1, '0000-00-00 00:00:00', '0000-00-00 00:00:00', NULL),
	(823, 1, 4, 'Default', 'Default', 'l) Los procedimientos para mover el andamio, y', 'fracc.16.3,INC.m. ,  NOM-009-STPS-2001', 100.00, 15000.00, 387, 1, 1, '0000-00-00 00:00:00', '0000-00-00 00:00:00', NULL),
	(824, 1, 4, 'Default', 'Default', 'm) El contenido y aplicacion del plan de atencion a emergencias.', 'fracc.16.4,INC.,  NOM-009-STPS-2001', 100.00, 15000.00, 388, 1, 1, '0000-00-00 00:00:00', '0000-00-00 00:00:00', NULL),
	(825, 1, 4, 'Default', 'Default', '16.4 La capacitacion y adiestramiento de los trabajadores que laboren en andamios suspendidos, debera comprender, al menos, lo siguiente:', 'fracc.16.4,INC.a. ,  NOM-009-STPS-2001', 100.00, 15000.00, 389, 1, 1, '0000-00-00 00:00:00', '0000-00-00 00:00:00', NULL),
	(826, 1, 4, 'Default', 'Default', 'a) Los procedimientos de instalacion que consideren la colocacion de soportes y anclajes, ensamble de la hamaca, colocacion de cuerdas o cables de suspension, calculo y colocacion de contrapesos, entre otros;', 'fracc.16.4,INC.b. ,  NOM-009-STPS-2001', 100.00, 15000.00, 390, 1, 1, '0000-00-00 00:00:00', '0000-00-00 00:00:00', NULL),
	(827, 1, 4, 'Default', 'Default', 'b) Los aspectos fundamentales de la seguridad y revision del andamio suspendido;', 'fracc.16.4,INC.c. ,  NOM-009-STPS-2001', 100.00, 15000.00, 391, 1, 1, '0000-00-00 00:00:00', '0000-00-00 00:00:00', NULL),
	(828, 1, 4, 'Default', 'Default', 'c) El contenido de las medidas de seguridad establecidas en esta Norma;', 'fracc.16.4,INC.d. ,  NOM-009-STPS-2001', 100.00, 15000.00, 392, 1, 1, '0000-00-00 00:00:00', '0000-00-00 00:00:00', NULL),
	(829, 1, 4, 'Default', 'Default', 'd) El contenido del manual o instructivo que, en su caso, se tenga del fabricante;', 'fracc.16.4,INC.e. ,  NOM-009-STPS-2001', 100.00, 15000.00, 393, 1, 1, '0000-00-00 00:00:00', '0000-00-00 00:00:00', NULL),
	(830, 1, 4, 'Default', 'Default', 'e) Los metodos de revision de las condiciones de seguridad de los cables y cuerdas de suspension del andamio;', 'fracc.16.4,INC.f. ,  NOM-009-STPS-2001', 100.00, 15000.00, 394, 1, 1, '0000-00-00 00:00:00', '0000-00-00 00:00:00', NULL),
	(831, 1, 4, 'Default', 'Default', 'f) El uso y prueba de los dispositivos de seguridad que contiene el andamio;', 'fracc.16.4,INC.g. ,  NOM-009-STPS-2001', 100.00, 15000.00, 395, 1, 1, '0000-00-00 00:00:00', '0000-00-00 00:00:00', NULL),
	(832, 1, 4, 'Default', 'Default', 'g) El uso de sistemas restrictivos en los cables de suspension;', 'fracc.16.4,INC.h. ,  NOM-009-STPS-2001', 100.00, 15000.00, 396, 1, 1, '0000-00-00 00:00:00', '0000-00-00 00:00:00', NULL),
	(833, 1, 4, 'Default', 'Default', 'h) Los procedimientos de operacion general del andamio;', 'fracc.16.4,INC.i. ,  NOM-009-STPS-2001', 100.00, 15000.00, 397, 1, 1, '0000-00-00 00:00:00', '0000-00-00 00:00:00', NULL),
	(834, 1, 4, 'Default', 'Default', 'i) El uso correcto del sistema de proteccion personal para interrumpir caidas de altura;', 'fracc.16.4,INC.j. ,  NOM-009-STPS-2001', 100.00, 15000.00, 398, 1, 1, '0000-00-00 00:00:00', '0000-00-00 00:00:00', NULL),
	(835, 1, 4, 'Default', 'Default', 'j) El uso del equipo de proteccion personal de acuerdo con los riesgos de la actividad que realice;', 'fracc.16.4,INC.k. ,  NOM-009-STPS-2001', 100.00, 15000.00, 399, 1, 1, '0000-00-00 00:00:00', '0000-00-00 00:00:00', NULL),
	(836, 1, 4, 'Default', 'Default', 'k) La se', 'fracc.16.4,INC.l. ,  NOM-009-STPS-2001', 100.00, 15000.00, 400, 1, 1, '0000-00-00 00:00:00', '0000-00-00 00:00:00', NULL),
	(837, 1, 4, 'Default', 'Default', 'l) Las limitaciones de uso por condiciones climaticas adversas, la proximidad de lineas electricas y la capacidad de carga;', 'fracc.16.4,INC.m. ,  NOM-009-STPS-2001', 100.00, 15000.00, 401, 1, 1, '0000-00-00 00:00:00', '0000-00-00 00:00:00', NULL),
	(838, 1, 4, 'Default', 'Default', 'm) La forma segura de ascender y descender de la plataforma de trabajo;', 'fracc.16.4,INC.n. ,  NOM-009-STPS-2001', 100.00, 15000.00, 402, 1, 1, '0000-00-00 00:00:00', '0000-00-00 00:00:00', NULL),
	(839, 1, 4, 'Default', 'Default', 'n) Los metodos seguros para subir o bajar equipos, herramientas y materiales de trabajo del andamio;', 'fracc.16.4,INC.o. ,  NOM-009-STPS-2001', 100.00, 15000.00, 403, 1, 1, '0000-00-00 00:00:00', '0000-00-00 00:00:00', NULL),
	(840, 1, 4, 'Default', 'Default', 'o) Los procedimientos para mover el andamio, como en el caso de los sistemas que emplean monorrieles u otros elementos, y', 'fracc.16.4,INC.p. ,  NOM-009-STPS-2001', 100.00, 15000.00, 404, 1, 1, '0000-00-00 00:00:00', '0000-00-00 00:00:00', NULL),
	(841, 1, 4, 'Default', 'Default', 'p) El contenido y aplicacion del plan de atencion a emergencias.', 'fracc.16.5,INC.,  NOM-009-STPS-2001', 100.00, 15000.00, 405, 1, 1, '0000-00-00 00:00:00', '0000-00-00 00:00:00', NULL),
	(842, 1, 4, 'Default', 'Default', '16.5 La capacitacion y adiestramiento de los trabajadores que laboren en plataformas de elevacion, debera comprender, al menos, lo siguiente:', 'fracc.16.5,INC.a. ,  NOM-009-STPS-2001', 100.00, 15000.00, 406, 1, 1, '0000-00-00 00:00:00', '0000-00-00 00:00:00', NULL),
	(843, 1, 4, 'Default', 'Default', 'a) El uso especifico del modelo por utilizar, en su propio lugar de trabajo o en un lugar con condiciones similares;', 'fracc.16.5,INC.b. ,  NOM-009-STPS-2001', 100.00, 15000.00, 407, 1, 1, '0000-00-00 00:00:00', '0000-00-00 00:00:00', NULL),
	(844, 1, 4, 'Default', 'Default', 'b) El contenido del programa de entrenamiento previsto por el fabricante del equipo por utilizar;', 'fracc.16.5,INC.c. ,  NOM-009-STPS-2001', 100.00, 15000.00, 408, 1, 1, '0000-00-00 00:00:00', '0000-00-00 00:00:00', NULL),
	(845, 1, 4, 'Default', 'Default', 'c) Los aspectos fundamentales de la seguridad, operacion, funcionamiento y revision, en concordanciacon dicho equipo y los medios de uso previstos; Viernes 6 de mayo de 2011 DIARIO OFICIAL (Primera Seccion)', 'fracc.16.5,INC.d. ,  NOM-009-STPS-2001', 100.00, 15000.00, 409, 1, 1, '0000-00-00 00:00:00', '0000-00-00 00:00:00', NULL),
	(846, 1, 4, 'Default', 'Default', 'd) La evaluacion teorica y practica de los conocimientos y habilidades adquiridos por el evaluado;', 'fracc.16.5,INC.e. ,  NOM-009-STPS-2001', 100.00, 15000.00, 410, 1, 1, '0000-00-00 00:00:00', '0000-00-00 00:00:00', NULL),
	(847, 1, 4, 'Default', 'Default', 'e) El uso correcto del sistema de proteccion personal para interrumpir caidas de altura, y', 'fracc.16.5,INC.f. ,  NOM-009-STPS-2001', 100.00, 15000.00, 411, 1, 1, '0000-00-00 00:00:00', '0000-00-00 00:00:00', NULL),
	(848, 1, 4, 'Default', 'Default', 'f) El contenido y aplicacion del plan de atencion a emergencias.', 'fracc.16..6,INC.,  NOM-009-STPS-2001', 100.00, 15000.00, 412, 1, 1, '0000-00-00 00:00:00', '0000-00-00 00:00:00', NULL),
	(849, 1, 4, 'Default', 'Default', '16.6 La informacion que se proporcione a los trabajadores que utilicen escaleras de mano, debera comprender, al menos, lo siguiente:', '', 100.00, 15000.00, 413, 1, 1, '0000-00-00 00:00:00', '0000-00-00 00:00:00', NULL),
	(850, 1, 4, 'Default', 'Default', 'a) La seleccion adecuada del tipo de escalera;', 'fracc.16..6,INC.a. ,  NOM-009-STPS-2001', 100.00, 15000.00, 414, 1, 1, '0000-00-00 00:00:00', '0000-00-00 00:00:00', NULL),
	(851, 1, 4, 'Default', 'Default', 'b) Las instrucciones del fabricante, en su caso;', 'fracc.16..6,INC.b. ,  NOM-009-STPS-2001', 100.00, 15000.00, 415, 1, 1, '0000-00-00 00:00:00', '0000-00-00 00:00:00', NULL),
	(852, 1, 4, 'Default', 'Default', 'c) El uso y cuidado de estas, antes de su empleo;', 'fracc.16..6,INC.c. ,  NOM-009-STPS-2001', 100.00, 15000.00, 416, 1, 1, '0000-00-00 00:00:00', '0000-00-00 00:00:00', NULL),
	(853, 1, 4, 'Default', 'Default', 'd) La revision de las condiciones que guarda la escalera;', 'fracc.16..6,INC.d. ,  NOM-009-STPS-2001', 100.00, 15000.00, 417, 1, 1, '0000-00-00 00:00:00', '0000-00-00 00:00:00', NULL),
	(854, 1, 4, 'Default', 'Default', 'e) Su ensamble y desensamble adecuados;', 'fracc.16..6,INC.e. ,  NOM-009-STPS-2001', 100.00, 15000.00, 418, 1, 1, '0000-00-00 00:00:00', '0000-00-00 00:00:00', NULL),
	(855, 1, 4, 'Default', 'Default', 'f) La transportacion, movimiento, ascenso y descenso;', 'fracc.16..6,INC.f. ,  NOM-009-STPS-2001', 100.00, 15000.00, 419, 1, 1, '0000-00-00 00:00:00', '0000-00-00 00:00:00', NULL),
	(856, 1, 4, 'Default', 'Default', 'g) La comprension absoluta de las condiciones seguras de trabajo y situaciones de riesgo que pueden llegar a presentarse, como el uso con superficies mojadas o resbaladizas o por la presencia de vientos intensos, y', 'fracc.16..6,INC.g. ,  NOM-009-STPS-2001', 100.00, 15000.00, 420, 1, 1, '0000-00-00 00:00:00', '0000-00-00 00:00:00', NULL),
	(857, 1, 4, 'Default', 'Default', 'h) El uso correcto del sistema de proteccion personal para interrumpir caidas de altura.', 'fracc.16..6,INC.h. ,  NOM-009-STPS-2001', 0.00, 0.00, 421, 1, 1, '0000-00-00 00:00:00', '0000-00-00 00:00:00', NULL);
/*!40000 ALTER TABLE `mchecks` ENABLE KEYS */;


-- Volcando estructura para tabla siam_scribe.menus
CREATE TABLE IF NOT EXISTS `menus` (
  `id` int(10) unsigned NOT NULL AUTO_INCREMENT,
  `item` varchar(255) COLLATE utf8_unicode_ci NOT NULL,
  `orden` int(11) NOT NULL,
  `depende_de` int(11) NOT NULL,
  `link` varchar(255) COLLATE utf8_unicode_ci NOT NULL,
  `permiso_id` varchar(255) COLLATE utf8_unicode_ci NOT NULL,
  `target` varchar(255) COLLATE utf8_unicode_ci NOT NULL,
  `created_at` timestamp NOT NULL DEFAULT '0000-00-00 00:00:00',
  `updated_at` timestamp NOT NULL DEFAULT '0000-00-00 00:00:00',
  `deleted_at` timestamp NULL DEFAULT NULL,
  `usu_alta_id` int(10) unsigned NOT NULL,
  `usu_mod_id` int(10) unsigned NOT NULL,
  PRIMARY KEY (`id`),
  KEY `menus_usu_alta_id_foreign` (`usu_alta_id`),
  KEY `menus_usu_mod_id_foreign` (`usu_mod_id`),
  CONSTRAINT `menus_usu_alta_id_foreign` FOREIGN KEY (`usu_alta_id`) REFERENCES `users` (`id`),
  CONSTRAINT `menus_usu_mod_id_foreign` FOREIGN KEY (`usu_mod_id`) REFERENCES `users` (`id`)
) ENGINE=InnoDB AUTO_INCREMENT=151 DEFAULT CHARSET=utf8 COLLATE=utf8_unicode_ci;

-- Volcando datos para la tabla siam_scribe.menus: ~110 rows (aproximadamente)
/*!40000 ALTER TABLE `menus` DISABLE KEYS */;
INSERT INTO `menus` (`id`, `item`, `orden`, `depende_de`, `link`, `permiso_id`, `target`, `created_at`, `updated_at`, `deleted_at`, `usu_alta_id`, `usu_mod_id`) VALUES
	(1, 'Administración', 10000, 0, 'inicio', 'inicio', '_parent', '2014-08-21 23:45:32', '2014-09-11 22:43:10', NULL, 1, 1),
	(2, 'Control de Permisos', 11000, 1, 'inicio', 'inicio', '_parent', '2014-08-22 02:11:25', '2014-09-21 18:27:22', NULL, 1, 1),
	(3, 'Catálogos', 20000, 0, 'inicio', 'inicio', '_parent', '2014-08-22 17:54:33', '2014-09-23 19:50:20', NULL, 1, 1),
	(4, 'Permisos', 11100, 2, 'permission.index', 'permissions-index', '_parent', '0000-00-00 00:00:00', '0000-00-00 00:00:00', NULL, 1, 1),
	(5, 'Menu', 12000, 1, 'menus.index', 'menus-index', '_parent', '2014-08-22 17:55:30', '2014-08-22 17:55:30', NULL, 1, 1),
	(6, 'Grupos', 11200, 2, 'group.index', 'groups-index', '_parent', '0000-00-00 00:00:00', '0000-00-00 00:00:00', NULL, 1, 1),
	(7, 'Entidades', 13000, 1, 'entidad.index', 'entidades-index', '_parent', '0000-00-00 00:00:00', '0000-00-00 00:00:00', NULL, 1, 1),
	(8, 'Usuarios', 11400, 2, 'user.index', 'users-index', '_parent', '0000-00-00 00:00:00', '0000-00-00 00:00:00', NULL, 1, 1),
	(9, 'Operación', 30000, 0, 'inicio', 'inicio', '_parent', '0000-00-00 00:00:00', '0000-00-00 00:00:00', NULL, 1, 1),
	(37, 'Factores', 20001, 53, 'factor.index', 'factors-index', '_parent', '0000-00-00 00:00:00', '0000-00-00 00:00:00', NULL, 1, 1),
	(38, 'Rubros', 20002, 53, 'rubro.index', 'rubros-index', '_parent', '0000-00-00 00:00:00', '0000-00-00 00:00:00', NULL, 1, 1),
	(39, 'Especificos', 20003, 53, 'especifico.index', 'especificos-index', '_parent', '0000-00-00 00:00:00', '0000-00-00 00:00:00', NULL, 1, 1),
	(40, 'Matriz', 20005, 53, 'matriz.index', 'matrizs-index', '_parent', '0000-00-00 00:00:00', '0000-00-00 00:00:00', NULL, 1, 1),
	(41, 'Caracteristicas', 20004, 53, 'caracteristica.index', 'caracteristicas-index', '_parent', '0000-00-00 00:00:00', '0000-00-00 00:00:00', NULL, 1, 1),
	(42, 'Clientes', 20003, 3, 'cliente.index', 'clientes-index', '_parent', '0000-00-00 00:00:00', '0000-00-00 00:00:00', NULL, 1, 1),
	(43, 'Efectos', 20007, 53, 'efecto.index', 'efectos-index', '_parent', '0000-00-00 00:00:00', '0000-00-00 00:00:00', NULL, 1, 1),
	(44, 'Registro de Impacto', 30001, 9, 'enc_impacto.index', 'enc_impactos-index', '_parent', '0000-00-00 00:00:00', '0000-00-00 00:00:00', NULL, 1, 1),
	(45, 'Tipos de Impacto', 20008, 53, 'tipo_impacto.index', 'tipo_impactos-index', '_parent', '0000-00-00 00:00:00', '0000-00-00 00:00:00', NULL, 1, 1),
	(46, 'Salario mínimo', 20009, 54, 'sm.index', 'sms_index', '_parent', '0000-00-00 00:00:00', '0000-00-00 00:00:00', NULL, 1, 1),
	(47, 'Areas de Chequeo', 20010, 54, 'acheck.index', 'acheck-index', '_parent', '0000-00-00 00:00:00', '0000-00-00 00:00:00', NULL, 1, 1),
	(48, 'Cumplimiento en Check List', 20011, 54, 'cumplimiento.index', 'cumplimientos-index', '_parent', '0000-00-00 00:00:00', '0000-00-00 00:00:00', '2015-01-21 20:49:20', 1, 1),
	(49, 'Matriz de Chequeo', 20012, 54, 'mcheck.index', 'mchecks-index', '_parent', '0000-00-00 00:00:00', '0000-00-00 00:00:00', NULL, 1, 1),
	(50, 'Check List', 30002, 9, 'check.index', 'check-index', '_parent', '0000-00-00 00:00:00', '0000-00-00 00:00:00', NULL, 1, 1),
	(52, 'Normas', 20013, 54, 'norma.index', 'normas-index', '_parent', '0000-00-00 00:00:00', '0000-00-00 00:00:00', NULL, 1, 1),
	(53, 'Impacto', 21001, 3, 'inicio', 'inicio', '_parent', '0000-00-00 00:00:00', '0000-00-00 00:00:00', NULL, 1, 1),
	(54, 'Ckequeo', 22001, 3, 'inicio', 'inicio', '_parent', '0000-00-00 00:00:00', '0000-00-00 00:00:00', NULL, 1, 1),
	(58, 'Areas', 20004, 3, 'area.index', 'areas-index', '_parent', '0000-00-00 00:00:00', '0000-00-00 00:00:00', NULL, 1, 1),
	(59, 'Ambiente', 23001, 3, 'inicio', 'inicio', '_parent', '0000-00-00 00:00:00', '0000-00-00 00:00:00', NULL, 1, 1),
	(60, 'Docs. Calidad Ambiental', 23002, 59, 'ca_ca_doc.index', 'ca_ca_docs-index', '_parent', '0000-00-00 00:00:00', '0000-00-00 00:00:00', NULL, 1, 1),
	(64, 'Tipos Materiales', 23004, 59, 'ca_material.index', 'ca_materials-index', '_parent', '0000-00-00 00:00:00', '0000-00-00 00:00:00', NULL, 1, 1),
	(65, 'Listado Procedimientos', 23003, 59, 'ca_procedimiento.index', 'ca_procedimientos-index', '_parent', '0000-00-00 00:00:00', '0000-00-00 00:00:00', NULL, 1, 1),
	(66, 'Categorias', 23005, 59, 'ca_categoria.index', 'ca_categorias-index', '_parent', '0000-00-00 00:00:00', '0000-00-00 00:00:00', NULL, 1, 1),
	(67, 'Documentos de Registro', 23006, 59, 'ca_aa_doc.index', 'ca_aa_docs-index', '_parent', '0000-00-00 00:00:00', '0000-00-00 00:00:00', NULL, 1, 1),
	(68, 'Fuentes Fijas', 23007, 59, 'ca_fuentes_fija.index', 'ca_fuentes_fijas-index', '_parent', '0000-00-00 00:00:00', '0000-00-00 00:00:00', NULL, 1, 1),
	(69, 'Plantas tratadoras', 23008, 59, 'ca_planta.index', 'ca_plantas-index', '_parent', '0000-00-00 00:00:00', '0000-00-00 00:00:00', NULL, 1, 1),
	(70, 'Residuos', 23009, 59, 'ca_residuo.index', 'ca_residuos-index', '_parent', '0000-00-00 00:00:00', '0000-00-00 00:00:00', NULL, 1, 1),
	(71, 'Consumibles', 23010, 59, 'ca_consumible.index', 'ca_consumibles-index', '_parent', '0000-00-00 00:00:00', '0000-00-00 00:00:00', NULL, 1, 1),
	(72, 'Tipos Inconformidades', 23011, 59, 'ca_tpo_inconformidad.index', 'ca_tpo_inconformidads-index', '_parent', '0000-00-00 00:00:00', '0000-00-00 00:00:00', NULL, 1, 1),
	(73, 'Seguridad', 24001, 3, 'inicio', 'inicio', '_parent', '0000-00-00 00:00:00', '0000-00-00 00:00:00', NULL, 1, 1),
	(75, 'Procedimientos', 24002, 73, 'cs_tpo_procedimiento.index', 'cs_tpo_procedimientos-index', '_parent', '0000-00-00 00:00:00', '0000-00-00 00:00:00', NULL, 1, 1),
	(76, 'Documentos', 24003, 73, 'cs_tpo_doc.index', 'cs_tpo_docs.index', '_parent', '0000-00-00 00:00:00', '0000-00-00 00:00:00', NULL, 1, 1),
	(77, 'Grupo Normas', 24004, 73, 'cs_grupo_norma.index', 'cs_grupo_normas-index', '_parent', '0000-00-00 00:00:00', '0000-00-00 00:00:00', NULL, 1, 1),
	(78, 'Normas', 24005, 73, 'cs_norma.index', 'cs_normas-index', '_parent', '0000-00-00 00:00:00', '0000-00-00 00:00:00', NULL, 1, 1),
	(79, 'Elementos a inspeccionar', 24006, 73, 'cs_elementos_inspeccion.index', 'cs_elementos_inspeccions-index', '_parent', '0000-00-00 00:00:00', '0000-00-00 00:00:00', NULL, 1, 1),
	(80, 'Documentos Seguridad', 24007, 73, 'cs_cat_doc.index', 'cs_cat_docs-index', '_parent', '0000-00-00 00:00:00', '0000-00-00 00:00:00', NULL, 1, 1),
	(81, 'Accidentes', 24008, 73, 'cs_accidente.index', 'cs_accidentes-index', '', '0000-00-00 00:00:00', '0000-00-00 00:00:00', NULL, 1, 1),
	(82, 'Acciones', 24009, 73, 'cs_accione.index', 'cs_acciones-index', '_parent', '0000-00-00 00:00:00', '0000-00-00 00:00:00', NULL, 1, 1),
	(83, 'Enfermedades', 24010, 73, 'cs_enfermedade.index', 'cs_enfermedades-index', '_parent', '0000-00-00 00:00:00', '0000-00-00 00:00:00', NULL, 1, 1),
	(84, 'Tipo Inconformidades', 24011, 73, 'cs_tpo_inconformidade.index', 'cs_tpo_inconformidades-index', '_parent', '0000-00-00 00:00:00', '0000-00-00 00:00:00', NULL, 1, 1),
	(85, 'Puestos', 20001, 3, 'puesto.index', 'puestos-index', '_parent', '0000-00-00 00:00:00', '0000-00-00 00:00:00', NULL, 1, 1),
	(86, 'Empleados', 20002, 3, 'empleado.index', 'empleados-index', '_parent', '0000-00-00 00:00:00', '0000-00-00 00:00:00', NULL, 1, 1),
	(87, 'D. Manual Calidad Ambiental', 31003, 90, 'a_archivo.index', 'a_archivo-index', '_parent', '0000-00-00 00:00:00', '0000-00-00 00:00:00', NULL, 1, 1),
	(88, 'Procedimientos Ambientales', 31002, 90, 'a_procedimiento.index', 'a_procedimientos-index', '_parent', '0000-00-00 00:00:00', '0000-00-00 00:00:00', NULL, 1, 1),
	(90, 'Ambiental', 31001, 9, 'inicio', 'inicio', '_parent', '0000-00-00 00:00:00', '0000-00-00 00:00:00', NULL, 1, 1),
	(91, 'Reg. y Req. Ambientales', 31004, 90, 'a_rr_ambientale.index', 'a_rr_ambientales-index', '_parent', '0000-00-00 00:00:00', '0000-00-00 00:00:00', NULL, 1, 1),
	(92, 'Bitacoras', 31101, 90, 'inicio', 'inicio', '_parent', '0000-00-00 00:00:00', '0000-00-00 00:00:00', NULL, 1, 1),
	(93, 'B. Fuentes Fijas', 31102, 92, 'bitacora_ff.index', 'bitacora_ffs-index', '_parent', '0000-00-00 00:00:00', '0000-00-00 00:00:00', NULL, 1, 1),
	(94, 'B. Plantas', 31103, 92, 'bitacora_planta.index', 'bitacora_plantas-index', '_parent', '0000-00-00 00:00:00', '0000-00-00 00:00:00', NULL, 1, 1),
	(95, 'B. Residuos', 31104, 92, 'bitacora_residuo.index', 'bitacora_residuos-index', '_parent', '0000-00-00 00:00:00', '0000-00-00 00:00:00', NULL, 1, 1),
	(96, 'B. Consumibles', 31105, 92, 'bitacora_consumible.index', 'bitacora_consumibles-index', '_parent', '0000-00-00 00:00:00', '0000-00-00 00:00:00', NULL, 1, 1),
	(101, 'B. Pendientes', 31106, 92, 'bitacora_pendiente.index', 'bitacora_pendientes-index', '_parent', '0000-00-00 00:00:00', '0000-00-00 00:00:00', NULL, 1, 1),
	(102, 'No Conformidades', 31005, 90, 'a_no_conformidade.index', 'a_no_conformidades-index', '_parent', '0000-00-00 00:00:00', '0000-00-00 00:00:00', NULL, 1, 1),
	(103, 'Seguridad', 41001, 9, 'inicio', 'inicio', '_parent', '0000-00-00 00:00:00', '0000-00-00 00:00:00', NULL, 1, 1),
	(104, 'Procedimientos y Protocolos', 41002, 103, 's_procedimiento.index', 's_procedimientos-index', '_parent', '0000-00-00 00:00:00', '0000-00-00 00:00:00', NULL, 1, 1),
	(105, 'Reg. y Req. de Seguridad', 41003, 103, 's_registro.index', 's_registros-index', '_parent', '0000-00-00 00:00:00', '0000-00-00 00:00:00', NULL, 1, 1),
	(106, 'No conformidades', 41004, 103, 'bitacora_seguridad.index', 'bitacora_seguridad-index', '_parent', '0000-00-00 00:00:00', '0000-00-00 00:00:00', NULL, 1, 1),
	(107, 'Documentos de Seguridad', 41005, 103, 's_documento.index', 's_documentos-index', '_parent', '0000-00-00 00:00:00', '0000-00-00 00:00:00', NULL, 1, 1),
	(108, 'Bitacora Accidentes', 41006, 103, 'bitacora_accidente.index', 'bitacora_accidentes-index', '_parent', '0000-00-00 00:00:00', '0000-00-00 00:00:00', NULL, 1, 1),
	(109, 'Bitacora Enfermedades', 41007, 103, 'bitacora_enfermedade.index', 'bitacora_enfermedades-index', '_parent', '0000-00-00 00:00:00', '0000-00-00 00:00:00', NULL, 1, 1),
	(110, 'Consultas', 50000, 0, 'inicio', 'inicio', '_parent', '0000-00-00 00:00:00', '0000-00-00 00:00:00', NULL, 1, 1),
	(111, 'Cubos de Consulta', 51001, 110, 'inicio', 'inicio', '_parent', '0000-00-00 00:00:00', '0000-00-00 00:00:00', NULL, 1, 1),
	(112, 'Fuentes fijas', 51002, 111, 'cubo.fuenteFija', 'cubos-fuenteFija', '_parent', '0000-00-00 00:00:00', '0000-00-00 00:00:00', NULL, 1, 1),
	(113, 'Plantas', 51003, 111, 'cubo.planta', 'cubos-planta', '_parent', '0000-00-00 00:00:00', '0000-00-00 00:00:00', NULL, 1, 1),
	(114, 'Residuos', 51004, 111, 'cubo.residuo', 'cubos-residuo', '_parent', '0000-00-00 00:00:00', '0000-00-00 00:00:00', NULL, 1, 1),
	(115, 'Consumibles', 51005, 111, 'cubo.consumible', 'cubos-consumible', '_parent', '0000-00-00 00:00:00', '0000-00-00 00:00:00', NULL, 1, 1),
	(116, 'No Conformidades', 51006, 111, 'cubo.noConformidades', 'cubo-noConformidades', '_parent', '0000-00-00 00:00:00', '0000-00-00 00:00:00', NULL, 1, 1),
	(117, 'Accidentes', 51007, 111, 'cubo.accidentes', 'cubo-accidentes', '_parent', '0000-00-00 00:00:00', '0000-00-00 00:00:00', NULL, 1, 1),
	(118, 'Enfermedades', 51008, 111, 'cubo.enfermedades', 'cubo-enfermedades', '_parent', '0000-00-00 00:00:00', '0000-00-00 00:00:00', NULL, 1, 1),
	(119, 'Reportes', 52001, 110, 'inicio', 'inicio', '_parent', '0000-00-00 00:00:00', '0000-00-00 00:00:00', NULL, 1, 1),
	(120, 'Fuentes Fijas', 52002, 119, 'consulta.fuenteFija', 'consultas-fuenteFija', '_parent', '0000-00-00 00:00:00', '0000-00-00 00:00:00', NULL, 1, 1),
	(121, 'Plantas', 52003, 119, 'consulta.planta', 'consultas-planta', '_parent', '0000-00-00 00:00:00', '0000-00-00 00:00:00', NULL, 1, 1),
	(122, 'Residuos', 52004, 119, 'consulta.residuo', 'consultas-residuo', '_parent', '0000-00-00 00:00:00', '0000-00-00 00:00:00', NULL, 1, 1),
	(123, 'Consumibles', 52005, 119, 'consulta.consumible', 'consultas-consumible', '_parent', '0000-00-00 00:00:00', '0000-00-00 00:00:00', NULL, 1, 1),
	(124, 'No conformidades', 52006, 119, 'consulta.noConformidad', 'consultas-noConformidad', '_parent', '0000-00-00 00:00:00', '0000-00-00 00:00:00', NULL, 1, 1),
	(125, 'Accidentes', 52007, 119, 'consulta.accidente', 'consultas-accidente', '_parent', '0000-00-00 00:00:00', '0000-00-00 00:00:00', NULL, 1, 1),
	(126, 'Enfermedades', 52008, 119, 'consulta.enfermedad', 'consultas-enfermedad', '_parent', '0000-00-00 00:00:00', '0000-00-00 00:00:00', NULL, 1, 1),
	(127, 'Mail Bitacoras', 15000, 1, 'p_correo_bitacora.index', 'p_correo_bitacoras-index', '_parent', '0000-00-00 00:00:00', '0000-00-00 00:00:00', NULL, 1, 1),
	(128, 'T. Bitacoras', 24012, 73, 'cs_tpo_bitacora.index', 'cs_tpo_bitacoras-index', '_parent', '0000-00-00 00:00:00', '0000-00-00 00:00:00', NULL, 1, 1),
	(129, 'T. Bitacora', 23012, 59, 'ca_tpo_bitacora.index', 'ca_tpo_bitacoras-index', '_parent', '0000-00-00 00:00:00', '0000-00-00 00:00:00', NULL, 1, 1),
	(130, 'T. inconformidades', 23013, 59, 'ca_tpo_noconformidade.index', 'ca_tpo_noconformidades-index', '_parent', '0000-00-00 00:00:00', '0000-00-00 00:00:00', NULL, 1, 1),
	(131, 'Aspectos Ambientales', 25001, 3, 'inicio', 'inicio', '_parent', '0000-00-00 00:00:00', '0000-00-00 00:00:00', NULL, 1, 1),
	(132, 'Procesos', 25002, 131, 'aa_proceso.index', 'aa_procesos-index', '_parent', '0000-00-00 00:00:00', '0000-00-00 00:00:00', NULL, 1, 1),
	(133, 'Aspectos', 25003, 131, 'aa_aspecto.index', 'aa_aspectos-index', '_parent', '0000-00-00 00:00:00', '0000-00-00 00:00:00', NULL, 1, 1),
	(134, 'Impacto', 25004, 131, 'aa_impacto.index', 'aa_impactos-index', '_parent', '0000-00-00 00:00:00', '0000-00-00 00:00:00', NULL, 1, 1),
	(135, 'M. de Impactos Ambientales', 30003, 9, 'aspectos_ambientale.index', 'aspectos_ambientales-index', '_parent', '0000-00-00 00:00:00', '0000-00-00 00:00:00', NULL, 1, 1),
	(136, 'C. Aspectos Ambientales', 52009, 119, 'consulta.aspectosAmbientale', 'consultas-aspectosAmbientale', '_parent', '0000-00-00 00:00:00', '0000-00-00 00:00:00', NULL, 1, 1),
	(137, 'Revision Documental', 26001, 3, 'inicio', 'inicio', '_parent', '0000-00-00 00:00:00', '0000-00-00 00:00:00', NULL, 1, 1),
	(138, 'Tipo Documentos', 26002, 137, 'tpo_doc.index', 'tpo_docs-index', '_parent', '0000-00-00 00:00:00', '0000-00-00 00:00:00', NULL, 1, 1),
	(139, 'Revision Condiciones Fisicas', 30004, 9, 'rev_requisito.index', 'rev_requisitos-index', '_parent', '0000-00-00 00:00:00', '0000-00-00 00:00:00', NULL, 1, 1),
	(140, 'Revision Documental', 30005, 9, 'rev_documental.index', 'rev_documentals-index', '_parent', '0000-00-00 00:00:00', '0000-00-00 00:00:00', NULL, 1, 1),
	(141, 'Documentos', 26003, 137, 'r_documento.index', 'r_documentos-index', '_parent', '0000-00-00 00:00:00', '0000-00-00 00:00:00', NULL, 1, 1),
	(142, 'Revision de Condiciones', 27001, 3, 'inicio', 'inicio', '_parent', '0000-00-00 00:00:00', '0000-00-00 00:00:00', NULL, 1, 1),
	(143, 'Condiciones', 27002, 142, 'condicione.index', 'condiciones-index', '_parent', '0000-00-00 00:00:00', '0000-00-00 00:00:00', NULL, 1, 1),
	(144, 'Mantenimiento', 28000, 3, 'inicio', 'inicio', '_parent', '0000-00-00 00:00:00', '0000-00-00 00:00:00', NULL, 1, 1),
	(145, 'Equipo', 28001, 144, 'm_objetivo.index', 'm_objetivos-index', '_parent', '0000-00-00 00:00:00', '0000-00-00 00:00:00', NULL, 1, 1),
	(146, 'Clases', 28002, 144, 'm_clase_manto.index', 'm_clase_mantos-index', '_parent', '0000-00-00 00:00:00', '0000-00-00 00:00:00', NULL, 1, 1),
	(147, 'Tipo', 28003, 144, 'm_tpo_manto.index', 'm_tpo_mantos-index', '_parent', '0000-00-00 00:00:00', '0000-00-00 00:00:00', NULL, 1, 1),
	(148, 'Mantenimiento', 30006, 9, 'm_mantenimiento.index', 'm_mantenimientos-index', '_parent', '0000-00-00 00:00:00', '0000-00-00 00:00:00', NULL, 1, 1),
	(149, 'Mantenimiento', 52010, 119, 'consulta.manto', 'consultas-manto', '_parent', '0000-00-00 00:00:00', '0000-00-00 00:00:00', NULL, 1, 1),
	(150, 'Subequipo', 28004, 144, 'subequipos.index', 'subequipos-index', '_parent', '0000-00-00 00:00:00', '0000-00-00 00:00:00', NULL, 1, 1);
/*!40000 ALTER TABLE `menus` ENABLE KEYS */;


-- Volcando estructura para tabla siam_scribe.meses
CREATE TABLE IF NOT EXISTS `meses` (
  `id` int(10) unsigned NOT NULL AUTO_INCREMENT,
  `mes` varchar(255) COLLATE utf8_unicode_ci NOT NULL,
  `usu_alta_id` int(10) unsigned NOT NULL,
  `usu_mod_id` int(10) unsigned NOT NULL,
  `created_at` timestamp NOT NULL DEFAULT '0000-00-00 00:00:00',
  `updated_at` timestamp NOT NULL DEFAULT '0000-00-00 00:00:00',
  `deleted_at` timestamp NULL DEFAULT NULL,
  PRIMARY KEY (`id`),
  KEY `meses_usu_alta_id_foreign` (`usu_alta_id`),
  KEY `meses_usu_mod_id_foreign` (`usu_mod_id`),
  CONSTRAINT `meses_usu_alta_id_foreign` FOREIGN KEY (`usu_alta_id`) REFERENCES `users` (`id`),
  CONSTRAINT `meses_usu_mod_id_foreign` FOREIGN KEY (`usu_mod_id`) REFERENCES `users` (`id`)
) ENGINE=InnoDB AUTO_INCREMENT=13 DEFAULT CHARSET=utf8 COLLATE=utf8_unicode_ci;

-- Volcando datos para la tabla siam_scribe.meses: ~12 rows (aproximadamente)
/*!40000 ALTER TABLE `meses` DISABLE KEYS */;
INSERT INTO `meses` (`id`, `mes`, `usu_alta_id`, `usu_mod_id`, `created_at`, `updated_at`, `deleted_at`) VALUES
	(1, 'Enero', 1, 1, '0000-00-00 00:00:00', '0000-00-00 00:00:00', NULL),
	(2, 'Febrero', 1, 1, '0000-00-00 00:00:00', '0000-00-00 00:00:00', NULL),
	(3, 'Marzo', 1, 1, '0000-00-00 00:00:00', '0000-00-00 00:00:00', NULL),
	(4, 'Abril', 1, 1, '0000-00-00 00:00:00', '0000-00-00 00:00:00', NULL),
	(5, 'Mayo', 1, 1, '0000-00-00 00:00:00', '0000-00-00 00:00:00', NULL),
	(6, 'Junio', 1, 1, '0000-00-00 00:00:00', '0000-00-00 00:00:00', NULL),
	(7, 'Julio', 1, 1, '0000-00-00 00:00:00', '0000-00-00 00:00:00', NULL),
	(8, 'Agosto', 1, 1, '0000-00-00 00:00:00', '0000-00-00 00:00:00', NULL),
	(9, 'Septiembre', 1, 1, '0000-00-00 00:00:00', '0000-00-00 00:00:00', NULL),
	(10, 'Octubre', 1, 1, '0000-00-00 00:00:00', '0000-00-00 00:00:00', NULL),
	(11, 'Noviembre', 1, 1, '0000-00-00 00:00:00', '0000-00-00 00:00:00', NULL),
	(12, 'Diciembre', 1, 1, '0000-00-00 00:00:00', '0000-00-00 00:00:00', NULL);
/*!40000 ALTER TABLE `meses` ENABLE KEYS */;


-- Volcando estructura para tabla siam_scribe.migrations
CREATE TABLE IF NOT EXISTS `migrations` (
  `migration` varchar(255) COLLATE utf8_unicode_ci NOT NULL,
  `batch` int(11) NOT NULL
) ENGINE=InnoDB DEFAULT CHARSET=utf8 COLLATE=utf8_unicode_ci;

-- Volcando datos para la tabla siam_scribe.migrations: ~423 rows (aproximadamente)
/*!40000 ALTER TABLE `migrations` DISABLE KEYS */;
INSERT INTO `migrations` (`migration`, `batch`) VALUES
	('2012_12_06_225921_migration_cartalyst_sentry_install_users', 1),
	('2012_12_06_225929_migration_cartalyst_sentry_install_groups', 1),
	('2012_12_06_225945_migration_cartalyst_sentry_install_users_groups_pivot', 1),
	('2012_12_06_225988_migration_cartalyst_sentry_install_throttle', 1),
	('2013_07_16_172358_alter_user_table', 2),
	('2013_09_02_072804_create_permission_table', 2),
	('2013_09_08_191339_update_admin_group_permission', 2),
	('2014_08_21_192130_create_menus_table', 3),
	('2014_08_21_210624_create_menus_table', 4),
	('2014_08_21_233833_soft_delete_menus_table', 5),
	('2014_09_11_225705_users_menus_table', 6),
	('2014_09_11_231022_users_foreign_menus_table', 7),
	('2014_09_15_144731_create_entidades_table', 9),
	('2014_09_17_225945_users_entidades_pivot', 10),
	('2014_09_18_144212_create_bnds_table', 10),
	('2014_09_27_014327_entity_theme', 11),
	('2014_10_06_194659_create_emision_efectos_table', 12),
	('2014_10_06_194818_create_duracion_accions_table', 12),
	('2014_10_06_194857_create_continuidad_efectos_table', 12),
	('2014_10_06_195012_create_probabilidads_table', 12),
	('2014_10_06_195049_create_intensidad_impactos_table', 12),
	('2014_10_06_195123_create_factors_table', 12),
	('2014_10_06_195209_create_rubros_table', 12),
	('2014_10_06_195243_create_especificos_table', 12),
	('2014_10_06_195337_create_caracteristicas_table', 12),
	('2014_10_06_195556_create_matrizs_table', 13),
	('2014_10_06_194934_create_reversibilidads_table', 14),
	('2014_10_06_204437_create_mitigacions_table', 15),
	('2014_10_07_134242_pivot_caracteristica_matriz_table', 16),
	('2014_10_07_173415_create_clientes_table', 17),
	('2014_10_07_193351_create_efectos_table', 18),
	('2014_10_07_201912_create_tipo_impactos_table', 20),
	('2014_10_07_201913_create_enc_impactos_table', 21),
	('2014_10_07_201914_create_st_reg_impactos_table', 26),
	('2014_10_17_210131_edit1_enc_impacto_table', 27),
	('2014_10_17_210132_edit2_enc_impacto_table', 28),
	('2014_10_17_225704_create_doc_proyectos_table', 29),
	('2014_10_17_230135_create_documentos_table', 29),
	('2014_10_21_013205_create_ln_dossiers_table', 30),
	('2015_01_15_231537_create_sms_table', 31),
	('2015_01_22_003912_create_achecks_table', 32),
	('2015_01_22_004100_create_cumplimientos_table', 32),
	('2015_01_22_005014_create_checks_table', 33),
	('2015_02_06_170536_create_normas_table', 34),
	('2015_02_06_170720_pivot_check_norma_table', 34),
	('2015_01_22_004823_create_mchecks_table', 35),
	('2015_02_23_213240_create_areas_table', 36),
	('2015_02_23_230008_create_ca_ca_docs_table', 37),
	('2015_02_24_014150_create_ca_procedimientos_table', 38),
	('2015_02_24_022324_create_ca_materiales_table', 39),
	('2015_02_24_031021_create_ca_categoria_table', 40),
	('2015_02_24_050021_create_ca_aa_docs_table', 41),
	('2015_02_24_073706_create_ca_plantas_table', 42),
	('2015_02_24_073950_create_ca_fuentes_fijas_table', 42),
	('2015_02_24_085042_create_ca_residuos_table', 43),
	('2015_02_24_093537_create_ca_consumibles_table', 44),
	('2015_02_24_093715_create_ca_tpo_inconformidades_table', 44),
	('2015_02_24_105610_create_cs_tpo_procedimientos_table', 45),
	('2015_02_24_105758_create_cs_tpo_docs_table', 45),
	('2015_02_24_121026_create_cs_grupo_normas_table', 46),
	('2015_02_24_121210_create_cs_normas_table', 46),
	('2015_02_24_121436_create_cs_elementos_inspeccions_table', 46),
	('2015_02_25_143315_create_cs_cat_docs_table', 47),
	('2015_02_25_143408_create_cs_accidentes_table', 47),
	('2015_02_25_143509_create_cs_acciones_table', 47),
	('2015_02_25_143730_create_cs_enfermedades_table', 47),
	('2015_02_25_143907_create_cs_tpo_bitacoras_table', 47),
	('2015_02_25_144017_create_cs_tpo_inconformidades_table', 47),
	('2015_02_25_170414_create_puestos_table', 48),
	('2015_02_25_170728_create_empleados_table', 49),
	('2015_02_25_231336_create_a_st_archivos_table', 50),
	('2015_02_28_003814_create_turnos_table', 54),
	('2015_02_28_003815_create_bitacora_ffs_table', 54),
	('2015_02_28_035612_create_bitacora_plantas_table', 55),
	('2015_02_28_173803_create_bitacora_residuos_table', 56),
	('2015_03_02_210855_create_bitacora_consumibles_table', 57),
	('2015_03_03_003324_create_bit_sts_table', 58),
	('2015_03_03_003325_create_bitacora_pendientes_table', 58),
	('2015_03_03_003635_create_mapeo_historicos_table', 58),
	('2015_03_03_005604_create_bitacora_pendientes_hs_table', 59),
	('2013_04_09_062329_create_revisions_table', 60),
	('2015_03_04_003326_create_a_comentarios_pendientes_table', 61),
	('2015_03_04_011854_create_cs_tpo_deteccions_table', 61),
	('2015_03_04_011855_create_a_st_ncs_table', 61),
	('2015_03_04_011856_create_a_no_conformidades_table', 62),
	('2015_03_04_014610_create_a_comentarios_ncs_table', 62),
	('2015_03_04_083153_create_s_estatus_procedimientos_table', 63),
	('2015_03_05_1737443_create_s_st_bs_table', 65),
	('2015_03_05_173744_create_bitacora_seguridads_table', 66),
	('2015_03_05_174157_create_comentarios_bs_table', 66),
	('2015_03_06_205034_create_bitacora_accidentes_table', 69),
	('2015_03_06_205536_create_bitacora_enfermedades_table', 70),
	('2015_03_10_010428_create_p_ambiental_correos_table', 71),
	('2015_03_19_050714_create_bitacoras_table', 72),
	('2015_03_19_050715_create_p_correo_bitacoras_table', 73),
	('2015_02_25_231337_create_a_archivos_table', 74),
	('2015_02_25_235942_create_a_comentarios_archivos_table', 75),
	('2015_02_27_235941_create_a_procedimientos_table', 76),
	('2015_02_27_235942_create_a_comentarios_procedimientos_table', 76),
	('2015_02_27_191130_create_a_rr_ambientales_table', 77),
	('2015_02_27_191330_create_a_comentarios_rrs_table', 77),
	('2015_03_04_083154_create_s_procedimientos_table', 78),
	('2015_03_04_083824_create_s_comentarios_procedimientos_table', 78),
	('2015_03_05_230055_create_s_documentos_table', 79),
	('2015_03_05_230201_create_s_comentarios_documentos_table', 79),
	('2015_03_04_235752_create_s_registros_table', 80),
	('2015_03_05_000029_create_s_comentarios_registros_table', 80),
	('2015_03_21_185923_create_ca_tpo_bitacoras_table', 81),
	('2015_03_21_190626_create_ca_tpo_noconformidades_table', 81),
	('2015_03_24_190644_create_imp_reals_table', 82),
	('2015_03_24_190710_create_imp_potencials_table', 82),
	('2015_03_24_191014_create_m_imp_potencials_table', 83),
	('2015_03_24_191113_create_m_imp_reals_table', 84),
	('2014_10_07_201915_create_reg_impactos_table', 85),
	('2014_10_09_134927_create_ln_caracteristicas_table', 85),
	('2015_03_24_204021_edit3_enc_impacto', 86),
	('2015_03_30_215526_create_aa_procesos_table', 87),
	('2015_03_30_215605_create_aa_aspectos_table', 87),
	('2015_03_30_215606_create_aa_emes_table', 87),
	('2015_03_30_215607_create_aa_condiciones_table', 87),
	('2015_03_30_215608_create_aa_condiciones_table', 88),
	('2015_03_30_215610_create_aa_impactos_table', 88),
	('2015_04_01_025835_create_meses_table', 89),
	('2015_04_01_030152_create_estatus_condiciones_table', 89),
	('2015_04_01_030310_create_importancia_table', 89),
	('2015_04_01_030557_create_rev_requisitos_table', 89),
	('2015_04_01_031320_create_estatus_requisitos_table', 90),
	('2015_04_01_032612_create_tpo_docs_table', 90),
	('2015_04_01_032815_create_rev_documentals_table', 90),
	('2015_03_30_215611_create_aspectos_ambientales_table', 91),
	('2015_04_08_163043_create_condiciones_table', 92),
	('2015_04_08_163209_create_r_documentos_table', 92),
	('2015_04_01_031206_create_rev_requisitos_lns_table', 93),
	('2015_04_16_043615_create_m_estatuses_table', 94),
	('2015_04_16_042357_create_m_clase_mantos_table', 95),
	('2015_04_16_042646_create_m_tpo_mantos_table', 95),
	('2015_04_01_033114_create_rev_documentoal_lns_table', 97),
	('2015_01_22_005650_create_checkls_table', 98),
	('2012_12_06_225921_migration_cartalyst_sentry_install_users', 1),
	('2012_12_06_225929_migration_cartalyst_sentry_install_groups', 1),
	('2012_12_06_225945_migration_cartalyst_sentry_install_users_groups_pivot', 1),
	('2012_12_06_225988_migration_cartalyst_sentry_install_throttle', 1),
	('2013_07_16_172358_alter_user_table', 2),
	('2013_09_02_072804_create_permission_table', 2),
	('2013_09_08_191339_update_admin_group_permission', 2),
	('2014_08_21_192130_create_menus_table', 3),
	('2014_08_21_210624_create_menus_table', 4),
	('2014_08_21_233833_soft_delete_menus_table', 5),
	('2014_09_11_225705_users_menus_table', 6),
	('2014_09_11_231022_users_foreign_menus_table', 7),
	('2014_09_15_144731_create_entidades_table', 9),
	('2014_09_17_225945_users_entidades_pivot', 10),
	('2014_09_18_144212_create_bnds_table', 10),
	('2014_09_27_014327_entity_theme', 11),
	('2014_10_06_194659_create_emision_efectos_table', 12),
	('2014_10_06_194818_create_duracion_accions_table', 12),
	('2014_10_06_194857_create_continuidad_efectos_table', 12),
	('2014_10_06_195012_create_probabilidads_table', 12),
	('2014_10_06_195049_create_intensidad_impactos_table', 12),
	('2014_10_06_195123_create_factors_table', 12),
	('2014_10_06_195209_create_rubros_table', 12),
	('2014_10_06_195243_create_especificos_table', 12),
	('2014_10_06_195337_create_caracteristicas_table', 12),
	('2014_10_06_195556_create_matrizs_table', 13),
	('2014_10_06_194934_create_reversibilidads_table', 14),
	('2014_10_06_204437_create_mitigacions_table', 15),
	('2014_10_07_134242_pivot_caracteristica_matriz_table', 16),
	('2014_10_07_173415_create_clientes_table', 17),
	('2014_10_07_193351_create_efectos_table', 18),
	('2014_10_07_201912_create_tipo_impactos_table', 20),
	('2014_10_07_201913_create_enc_impactos_table', 21),
	('2014_10_07_201914_create_st_reg_impactos_table', 26),
	('2014_10_17_210131_edit1_enc_impacto_table', 27),
	('2014_10_17_210132_edit2_enc_impacto_table', 28),
	('2014_10_17_225704_create_doc_proyectos_table', 29),
	('2014_10_17_230135_create_documentos_table', 29),
	('2014_10_21_013205_create_ln_dossiers_table', 30),
	('2015_01_15_231537_create_sms_table', 31),
	('2015_01_22_003912_create_achecks_table', 32),
	('2015_01_22_004100_create_cumplimientos_table', 32),
	('2015_01_22_005014_create_checks_table', 33),
	('2015_02_06_170536_create_normas_table', 34),
	('2015_02_06_170720_pivot_check_norma_table', 34),
	('2015_01_22_004823_create_mchecks_table', 35),
	('2015_02_23_213240_create_areas_table', 36),
	('2015_02_23_230008_create_ca_ca_docs_table', 37),
	('2015_02_24_014150_create_ca_procedimientos_table', 38),
	('2015_02_24_022324_create_ca_materiales_table', 39),
	('2015_02_24_031021_create_ca_categoria_table', 40),
	('2015_02_24_050021_create_ca_aa_docs_table', 41),
	('2015_02_24_073706_create_ca_plantas_table', 42),
	('2015_02_24_073950_create_ca_fuentes_fijas_table', 42),
	('2015_02_24_085042_create_ca_residuos_table', 43),
	('2015_02_24_093537_create_ca_consumibles_table', 44),
	('2015_02_24_093715_create_ca_tpo_inconformidades_table', 44),
	('2015_02_24_105610_create_cs_tpo_procedimientos_table', 45),
	('2015_02_24_105758_create_cs_tpo_docs_table', 45),
	('2015_02_24_121026_create_cs_grupo_normas_table', 46),
	('2015_02_24_121210_create_cs_normas_table', 46),
	('2015_02_24_121436_create_cs_elementos_inspeccions_table', 46),
	('2015_02_25_143315_create_cs_cat_docs_table', 47),
	('2015_02_25_143408_create_cs_accidentes_table', 47),
	('2015_02_25_143509_create_cs_acciones_table', 47),
	('2015_02_25_143730_create_cs_enfermedades_table', 47),
	('2015_02_25_143907_create_cs_tpo_bitacoras_table', 47),
	('2015_02_25_144017_create_cs_tpo_inconformidades_table', 47),
	('2015_02_25_170414_create_puestos_table', 48),
	('2015_02_25_170728_create_empleados_table', 49),
	('2015_02_25_231336_create_a_st_archivos_table', 50),
	('2015_02_28_003814_create_turnos_table', 54),
	('2015_02_28_003815_create_bitacora_ffs_table', 54),
	('2015_02_28_035612_create_bitacora_plantas_table', 55),
	('2015_02_28_173803_create_bitacora_residuos_table', 56),
	('2015_03_02_210855_create_bitacora_consumibles_table', 57),
	('2015_03_03_003324_create_bit_sts_table', 58),
	('2015_03_03_003325_create_bitacora_pendientes_table', 58),
	('2015_03_03_003635_create_mapeo_historicos_table', 58),
	('2015_03_03_005604_create_bitacora_pendientes_hs_table', 59),
	('2013_04_09_062329_create_revisions_table', 60),
	('2015_03_04_003326_create_a_comentarios_pendientes_table', 61),
	('2015_03_04_011854_create_cs_tpo_deteccions_table', 61),
	('2015_03_04_011855_create_a_st_ncs_table', 61),
	('2015_03_04_011856_create_a_no_conformidades_table', 62),
	('2015_03_04_014610_create_a_comentarios_ncs_table', 62),
	('2015_03_04_083153_create_s_estatus_procedimientos_table', 63),
	('2015_03_05_1737443_create_s_st_bs_table', 65),
	('2015_03_05_173744_create_bitacora_seguridads_table', 66),
	('2015_03_05_174157_create_comentarios_bs_table', 66),
	('2015_03_06_205034_create_bitacora_accidentes_table', 69),
	('2015_03_06_205536_create_bitacora_enfermedades_table', 70),
	('2015_03_10_010428_create_p_ambiental_correos_table', 71),
	('2015_03_19_050714_create_bitacoras_table', 72),
	('2015_03_19_050715_create_p_correo_bitacoras_table', 73),
	('2015_02_25_231337_create_a_archivos_table', 74),
	('2015_02_25_235942_create_a_comentarios_archivos_table', 75),
	('2015_02_27_235941_create_a_procedimientos_table', 76),
	('2015_02_27_235942_create_a_comentarios_procedimientos_table', 76),
	('2015_02_27_191130_create_a_rr_ambientales_table', 77),
	('2015_02_27_191330_create_a_comentarios_rrs_table', 77),
	('2015_03_04_083154_create_s_procedimientos_table', 78),
	('2015_03_04_083824_create_s_comentarios_procedimientos_table', 78),
	('2015_03_05_230055_create_s_documentos_table', 79),
	('2015_03_05_230201_create_s_comentarios_documentos_table', 79),
	('2015_03_04_235752_create_s_registros_table', 80),
	('2015_03_05_000029_create_s_comentarios_registros_table', 80),
	('2015_03_21_185923_create_ca_tpo_bitacoras_table', 81),
	('2015_03_21_190626_create_ca_tpo_noconformidades_table', 81),
	('2015_03_24_190644_create_imp_reals_table', 82),
	('2015_03_24_190710_create_imp_potencials_table', 82),
	('2015_03_24_191014_create_m_imp_potencials_table', 83),
	('2015_03_24_191113_create_m_imp_reals_table', 84),
	('2014_10_07_201915_create_reg_impactos_table', 85),
	('2014_10_09_134927_create_ln_caracteristicas_table', 85),
	('2015_03_24_204021_edit3_enc_impacto', 86),
	('2015_03_30_215526_create_aa_procesos_table', 87),
	('2015_03_30_215605_create_aa_aspectos_table', 87),
	('2015_03_30_215606_create_aa_emes_table', 87),
	('2015_03_30_215607_create_aa_condiciones_table', 87),
	('2015_03_30_215608_create_aa_condiciones_table', 88),
	('2015_03_30_215610_create_aa_impactos_table', 88),
	('2015_04_01_025835_create_meses_table', 89),
	('2015_04_01_030152_create_estatus_condiciones_table', 89),
	('2015_04_01_030310_create_importancia_table', 89),
	('2015_04_01_030557_create_rev_requisitos_table', 89),
	('2015_04_01_031320_create_estatus_requisitos_table', 90),
	('2015_04_01_032612_create_tpo_docs_table', 90),
	('2015_04_01_032815_create_rev_documentals_table', 90),
	('2015_03_30_215611_create_aspectos_ambientales_table', 91),
	('2015_04_08_163043_create_condiciones_table', 92),
	('2015_04_08_163209_create_r_documentos_table', 92),
	('2015_04_01_031206_create_rev_requisitos_lns_table', 93),
	('2015_04_16_043615_create_m_estatuses_table', 94),
	('2015_04_16_042357_create_m_clase_mantos_table', 95),
	('2015_04_16_042646_create_m_tpo_mantos_table', 95),
	('2015_04_01_033114_create_rev_documentoal_lns_table', 97),
	('2015_01_22_005650_create_checkls_table', 98),
	('2012_12_06_225921_migration_cartalyst_sentry_install_users', 1),
	('2012_12_06_225929_migration_cartalyst_sentry_install_groups', 1),
	('2012_12_06_225945_migration_cartalyst_sentry_install_users_groups_pivot', 1),
	('2012_12_06_225988_migration_cartalyst_sentry_install_throttle', 1),
	('2013_07_16_172358_alter_user_table', 2),
	('2013_09_02_072804_create_permission_table', 2),
	('2013_09_08_191339_update_admin_group_permission', 2),
	('2014_08_21_192130_create_menus_table', 3),
	('2014_08_21_210624_create_menus_table', 4),
	('2014_08_21_233833_soft_delete_menus_table', 5),
	('2014_09_11_225705_users_menus_table', 6),
	('2014_09_11_231022_users_foreign_menus_table', 7),
	('2014_09_15_144731_create_entidades_table', 9),
	('2014_09_17_225945_users_entidades_pivot', 10),
	('2014_09_18_144212_create_bnds_table', 10),
	('2014_09_27_014327_entity_theme', 11),
	('2014_10_06_194659_create_emision_efectos_table', 12),
	('2014_10_06_194818_create_duracion_accions_table', 12),
	('2014_10_06_194857_create_continuidad_efectos_table', 12),
	('2014_10_06_195012_create_probabilidads_table', 12),
	('2014_10_06_195049_create_intensidad_impactos_table', 12),
	('2014_10_06_195123_create_factors_table', 12),
	('2014_10_06_195209_create_rubros_table', 12),
	('2014_10_06_195243_create_especificos_table', 12),
	('2014_10_06_195337_create_caracteristicas_table', 12),
	('2014_10_06_195556_create_matrizs_table', 13),
	('2014_10_06_194934_create_reversibilidads_table', 14),
	('2014_10_06_204437_create_mitigacions_table', 15),
	('2014_10_07_134242_pivot_caracteristica_matriz_table', 16),
	('2014_10_07_173415_create_clientes_table', 17),
	('2014_10_07_193351_create_efectos_table', 18),
	('2014_10_07_201912_create_tipo_impactos_table', 20),
	('2014_10_07_201913_create_enc_impactos_table', 21),
	('2014_10_07_201914_create_st_reg_impactos_table', 26),
	('2014_10_17_210131_edit1_enc_impacto_table', 27),
	('2014_10_17_210132_edit2_enc_impacto_table', 28),
	('2014_10_17_225704_create_doc_proyectos_table', 29),
	('2014_10_17_230135_create_documentos_table', 29),
	('2014_10_21_013205_create_ln_dossiers_table', 30),
	('2015_01_15_231537_create_sms_table', 31),
	('2015_01_22_003912_create_achecks_table', 32),
	('2015_01_22_004100_create_cumplimientos_table', 32),
	('2015_01_22_005014_create_checks_table', 33),
	('2015_02_06_170536_create_normas_table', 34),
	('2015_02_06_170720_pivot_check_norma_table', 34),
	('2015_01_22_004823_create_mchecks_table', 35),
	('2015_02_23_213240_create_areas_table', 36),
	('2015_02_23_230008_create_ca_ca_docs_table', 37),
	('2015_02_24_014150_create_ca_procedimientos_table', 38),
	('2015_02_24_022324_create_ca_materiales_table', 39),
	('2015_02_24_031021_create_ca_categoria_table', 40),
	('2015_02_24_050021_create_ca_aa_docs_table', 41),
	('2015_02_24_073706_create_ca_plantas_table', 42),
	('2015_02_24_073950_create_ca_fuentes_fijas_table', 42),
	('2015_02_24_085042_create_ca_residuos_table', 43),
	('2015_02_24_093537_create_ca_consumibles_table', 44),
	('2015_02_24_093715_create_ca_tpo_inconformidades_table', 44),
	('2015_02_24_105610_create_cs_tpo_procedimientos_table', 45),
	('2015_02_24_105758_create_cs_tpo_docs_table', 45),
	('2015_02_24_121026_create_cs_grupo_normas_table', 46),
	('2015_02_24_121210_create_cs_normas_table', 46),
	('2015_02_24_121436_create_cs_elementos_inspeccions_table', 46),
	('2015_02_25_143315_create_cs_cat_docs_table', 47),
	('2015_02_25_143408_create_cs_accidentes_table', 47),
	('2015_02_25_143509_create_cs_acciones_table', 47),
	('2015_02_25_143730_create_cs_enfermedades_table', 47),
	('2015_02_25_143907_create_cs_tpo_bitacoras_table', 47),
	('2015_02_25_144017_create_cs_tpo_inconformidades_table', 47),
	('2015_02_25_170414_create_puestos_table', 48),
	('2015_02_25_170728_create_empleados_table', 49),
	('2015_02_25_231336_create_a_st_archivos_table', 50),
	('2015_02_28_003814_create_turnos_table', 54),
	('2015_02_28_003815_create_bitacora_ffs_table', 54),
	('2015_02_28_035612_create_bitacora_plantas_table', 55),
	('2015_02_28_173803_create_bitacora_residuos_table', 56),
	('2015_03_02_210855_create_bitacora_consumibles_table', 57),
	('2015_03_03_003324_create_bit_sts_table', 58),
	('2015_03_03_003325_create_bitacora_pendientes_table', 58),
	('2015_03_03_003635_create_mapeo_historicos_table', 58),
	('2015_03_03_005604_create_bitacora_pendientes_hs_table', 59),
	('2013_04_09_062329_create_revisions_table', 60),
	('2015_03_04_003326_create_a_comentarios_pendientes_table', 61),
	('2015_03_04_011854_create_cs_tpo_deteccions_table', 61),
	('2015_03_04_011855_create_a_st_ncs_table', 61),
	('2015_03_04_011856_create_a_no_conformidades_table', 62),
	('2015_03_04_014610_create_a_comentarios_ncs_table', 62),
	('2015_03_04_083153_create_s_estatus_procedimientos_table', 63),
	('2015_03_05_1737443_create_s_st_bs_table', 65),
	('2015_03_05_173744_create_bitacora_seguridads_table', 66),
	('2015_03_05_174157_create_comentarios_bs_table', 66),
	('2015_03_06_205034_create_bitacora_accidentes_table', 69),
	('2015_03_06_205536_create_bitacora_enfermedades_table', 70),
	('2015_03_10_010428_create_p_ambiental_correos_table', 71),
	('2015_03_19_050714_create_bitacoras_table', 72),
	('2015_03_19_050715_create_p_correo_bitacoras_table', 73),
	('2015_02_25_231337_create_a_archivos_table', 74),
	('2015_02_25_235942_create_a_comentarios_archivos_table', 75),
	('2015_02_27_235941_create_a_procedimientos_table', 76),
	('2015_02_27_235942_create_a_comentarios_procedimientos_table', 76),
	('2015_02_27_191130_create_a_rr_ambientales_table', 77),
	('2015_02_27_191330_create_a_comentarios_rrs_table', 77),
	('2015_03_04_083154_create_s_procedimientos_table', 78),
	('2015_03_04_083824_create_s_comentarios_procedimientos_table', 78),
	('2015_03_05_230055_create_s_documentos_table', 79),
	('2015_03_05_230201_create_s_comentarios_documentos_table', 79),
	('2015_03_04_235752_create_s_registros_table', 80),
	('2015_03_05_000029_create_s_comentarios_registros_table', 80),
	('2015_03_21_185923_create_ca_tpo_bitacoras_table', 81),
	('2015_03_21_190626_create_ca_tpo_noconformidades_table', 81),
	('2015_03_24_190644_create_imp_reals_table', 82),
	('2015_03_24_190710_create_imp_potencials_table', 82),
	('2015_03_24_191014_create_m_imp_potencials_table', 83),
	('2015_03_24_191113_create_m_imp_reals_table', 84),
	('2014_10_07_201915_create_reg_impactos_table', 85),
	('2014_10_09_134927_create_ln_caracteristicas_table', 85),
	('2015_03_24_204021_edit3_enc_impacto', 86),
	('2015_03_30_215526_create_aa_procesos_table', 87),
	('2015_03_30_215605_create_aa_aspectos_table', 87),
	('2015_03_30_215606_create_aa_emes_table', 87),
	('2015_03_30_215607_create_aa_condiciones_table', 87),
	('2015_03_30_215608_create_aa_condiciones_table', 88),
	('2015_03_30_215610_create_aa_impactos_table', 88),
	('2015_04_01_025835_create_meses_table', 89),
	('2015_04_01_030152_create_estatus_condiciones_table', 89),
	('2015_04_01_030310_create_importancia_table', 89),
	('2015_04_01_030557_create_rev_requisitos_table', 89),
	('2015_04_01_031320_create_estatus_requisitos_table', 90),
	('2015_04_01_032612_create_tpo_docs_table', 90),
	('2015_04_01_032815_create_rev_documentals_table', 90),
	('2015_03_30_215611_create_aspectos_ambientales_table', 91),
	('2015_04_08_163043_create_condiciones_table', 92),
	('2015_04_08_163209_create_r_documentos_table', 92),
	('2015_04_01_031206_create_rev_requisitos_lns_table', 93),
	('2015_04_16_043615_create_m_estatuses_table', 94),
	('2015_04_16_042357_create_m_clase_mantos_table', 95),
	('2015_04_16_042646_create_m_tpo_mantos_table', 95),
	('2015_04_01_033114_create_rev_documentoal_lns_table', 97),
	('2015_01_22_005650_create_checkls_table', 98),
	('2015_04_18_141235_create_m_mantenimientos_table', 99),
	('2015_04_18_141231_create_m_objetivos_table', 100),
	('2017_01_15_174333_create_subequipos_table', 101),
	('2017_01_15_204102_create_m_tpo_riesgos_table', 102),
	('2017_01_16_141235_create_m_mantenimientos_table', 103),
	('2017_02_07_011941_create_tweets_table', 104),
	('2017_02_07_012109_create_manto_docs_table', 104),
	('2017_02_13_001738_create_bit_doc_accidentes_table', 105),
	('2017_05_26_172747_create_a_rr_amb_docs_table', 106);
/*!40000 ALTER TABLE `migrations` ENABLE KEYS */;


-- Volcando estructura para tabla siam_scribe.mitigacions
CREATE TABLE IF NOT EXISTS `mitigacions` (
  `id` int(10) unsigned NOT NULL AUTO_INCREMENT,
  `mitigacion` varchar(255) COLLATE utf8_unicode_ci NOT NULL,
  `usu_alta_id` int(10) unsigned NOT NULL,
  `usu_mod_id` int(10) unsigned NOT NULL,
  `created_at` timestamp NOT NULL DEFAULT '0000-00-00 00:00:00',
  `updated_at` timestamp NOT NULL DEFAULT '0000-00-00 00:00:00',
  `deleted_at` timestamp NULL DEFAULT NULL,
  PRIMARY KEY (`id`),
  KEY `mitigacions_usu_alta_id_foreign` (`usu_alta_id`),
  KEY `mitigacions_usu_mod_id_foreign` (`usu_mod_id`),
  CONSTRAINT `mitigacions_usu_alta_id_foreign` FOREIGN KEY (`usu_alta_id`) REFERENCES `users` (`id`),
  CONSTRAINT `mitigacions_usu_mod_id_foreign` FOREIGN KEY (`usu_mod_id`) REFERENCES `users` (`id`)
) ENGINE=InnoDB AUTO_INCREMENT=4 DEFAULT CHARSET=utf8 COLLATE=utf8_unicode_ci;

-- Volcando datos para la tabla siam_scribe.mitigacions: ~3 rows (aproximadamente)
/*!40000 ALTER TABLE `mitigacions` DISABLE KEYS */;
INSERT INTO `mitigacions` (`id`, `mitigacion`, `usu_alta_id`, `usu_mod_id`, `created_at`, `updated_at`, `deleted_at`) VALUES
	(1, 'FACTIBILIDAD ALTA\r\n', 1, 1, '0000-00-00 00:00:00', '0000-00-00 00:00:00', NULL),
	(2, 'FACTIBILIDAD MEDIA\r\n', 1, 1, '0000-00-00 00:00:00', '0000-00-00 00:00:00', NULL),
	(3, 'FACTIBILIDAD BAJA\r\n', 1, 1, '0000-00-00 00:00:00', '0000-00-00 00:00:00', NULL);
/*!40000 ALTER TABLE `mitigacions` ENABLE KEYS */;


-- Volcando estructura para tabla siam_scribe.m_clase_mantos
CREATE TABLE IF NOT EXISTS `m_clase_mantos` (
  `id` int(10) unsigned NOT NULL AUTO_INCREMENT,
  `clase_manto` varchar(255) COLLATE utf8_unicode_ci NOT NULL,
  `usu_alta_id` int(10) unsigned NOT NULL,
  `usu_mod_id` int(10) unsigned NOT NULL,
  `created_at` timestamp NOT NULL DEFAULT '0000-00-00 00:00:00',
  `updated_at` timestamp NOT NULL DEFAULT '0000-00-00 00:00:00',
  `deleted_at` timestamp NULL DEFAULT NULL,
  PRIMARY KEY (`id`),
  KEY `m_clase_mantos_usu_alta_id_foreign` (`usu_alta_id`),
  KEY `m_clase_mantos_usu_mod_id_foreign` (`usu_mod_id`),
  CONSTRAINT `m_clase_mantos_usu_alta_id_foreign` FOREIGN KEY (`usu_alta_id`) REFERENCES `users` (`id`),
  CONSTRAINT `m_clase_mantos_usu_mod_id_foreign` FOREIGN KEY (`usu_mod_id`) REFERENCES `users` (`id`)
) ENGINE=InnoDB AUTO_INCREMENT=4 DEFAULT CHARSET=utf8 COLLATE=utf8_unicode_ci;

-- Volcando datos para la tabla siam_scribe.m_clase_mantos: ~3 rows (aproximadamente)
/*!40000 ALTER TABLE `m_clase_mantos` DISABLE KEYS */;
INSERT INTO `m_clase_mantos` (`id`, `clase_manto`, `usu_alta_id`, `usu_mod_id`, `created_at`, `updated_at`, `deleted_at`) VALUES
	(1, 'Electrico', 1, 1, '2015-04-18 21:44:56', '2015-04-18 21:45:07', NULL),
	(2, 'Limpieza', 1, 1, '0000-00-00 00:00:00', '0000-00-00 00:00:00', NULL),
	(3, 'Mecanico', 1, 1, '0000-00-00 00:00:00', '0000-00-00 00:00:00', NULL);
/*!40000 ALTER TABLE `m_clase_mantos` ENABLE KEYS */;


-- Volcando estructura para tabla siam_scribe.m_estatuses
CREATE TABLE IF NOT EXISTS `m_estatuses` (
  `id` int(10) unsigned NOT NULL AUTO_INCREMENT,
  `estatus` varchar(255) COLLATE utf8_unicode_ci NOT NULL,
  `usu_mod_id` int(11) NOT NULL,
  `usu_alta_id` int(11) NOT NULL,
  `created_at` timestamp NOT NULL DEFAULT '0000-00-00 00:00:00',
  `updated_at` timestamp NOT NULL DEFAULT '0000-00-00 00:00:00',
  PRIMARY KEY (`id`)
) ENGINE=InnoDB AUTO_INCREMENT=6 DEFAULT CHARSET=utf8 COLLATE=utf8_unicode_ci;

-- Volcando datos para la tabla siam_scribe.m_estatuses: ~5 rows (aproximadamente)
/*!40000 ALTER TABLE `m_estatuses` DISABLE KEYS */;
INSERT INTO `m_estatuses` (`id`, `estatus`, `usu_mod_id`, `usu_alta_id`, `created_at`, `updated_at`) VALUES
	(1, 'RECEPCIÓN DEL TRABAJO', 1, 1, '0000-00-00 00:00:00', '0000-00-00 00:00:00'),
	(2, 'TEXTO\r\n', 1, 1, '0000-00-00 00:00:00', '0000-00-00 00:00:00'),
	(3, 'TERMINADO\r\n', 1, 1, '0000-00-00 00:00:00', '0000-00-00 00:00:00'),
	(4, 'CONTINUA\r\n', 1, 1, '0000-00-00 00:00:00', '0000-00-00 00:00:00'),
	(5, 'SUSPENDIDO\r\n', 1, 1, '0000-00-00 00:00:00', '0000-00-00 00:00:00');
/*!40000 ALTER TABLE `m_estatuses` ENABLE KEYS */;


-- Volcando estructura para tabla siam_scribe.m_imp_potencials
CREATE TABLE IF NOT EXISTS `m_imp_potencials` (
  `id` int(10) unsigned NOT NULL AUTO_INCREMENT,
  `efecto_id` int(10) unsigned NOT NULL,
  `duracion_accion_id` int(10) unsigned NOT NULL,
  `imp_potencial_id` int(10) unsigned NOT NULL,
  `usu_alta_id` int(10) unsigned NOT NULL,
  `usu_mod_id` int(10) unsigned NOT NULL,
  `created_at` timestamp NOT NULL DEFAULT '0000-00-00 00:00:00',
  `updated_at` timestamp NOT NULL DEFAULT '0000-00-00 00:00:00',
  `deleted_at` timestamp NULL DEFAULT NULL,
  PRIMARY KEY (`id`),
  KEY `m_imp_potencials_usu_alta_id_foreign` (`usu_alta_id`),
  KEY `m_imp_potencials_usu_mod_id_foreign` (`usu_mod_id`),
  KEY `m_imp_potencials_imp_potencial_id_foreign` (`imp_potencial_id`),
  KEY `m_imp_potencials_duracion_accion_id_foreign` (`duracion_accion_id`),
  KEY `m_imp_potencials_efecto_id_foreign` (`efecto_id`),
  CONSTRAINT `m_imp_potencials_duracion_accion_id_foreign` FOREIGN KEY (`duracion_accion_id`) REFERENCES `duracion_accions` (`id`),
  CONSTRAINT `m_imp_potencials_efecto_id_foreign` FOREIGN KEY (`efecto_id`) REFERENCES `efectos` (`id`),
  CONSTRAINT `m_imp_potencials_imp_potencial_id_foreign` FOREIGN KEY (`imp_potencial_id`) REFERENCES `imp_potencials` (`id`),
  CONSTRAINT `m_imp_potencials_usu_alta_id_foreign` FOREIGN KEY (`usu_alta_id`) REFERENCES `users` (`id`),
  CONSTRAINT `m_imp_potencials_usu_mod_id_foreign` FOREIGN KEY (`usu_mod_id`) REFERENCES `users` (`id`)
) ENGINE=InnoDB AUTO_INCREMENT=30 DEFAULT CHARSET=utf8 COLLATE=utf8_unicode_ci;

-- Volcando datos para la tabla siam_scribe.m_imp_potencials: ~29 rows (aproximadamente)
/*!40000 ALTER TABLE `m_imp_potencials` DISABLE KEYS */;
INSERT INTO `m_imp_potencials` (`id`, `efecto_id`, `duracion_accion_id`, `imp_potencial_id`, `usu_alta_id`, `usu_mod_id`, `created_at`, `updated_at`, `deleted_at`) VALUES
	(1, 8, 1, 1, 1, 1, '0000-00-00 00:00:00', '0000-00-00 00:00:00', '0000-00-00 00:00:00'),
	(2, 9, 1, 1, 1, 1, '0000-00-00 00:00:00', '0000-00-00 00:00:00', '0000-00-00 00:00:00'),
	(3, 10, 1, 1, 1, 1, '0000-00-00 00:00:00', '0000-00-00 00:00:00', '0000-00-00 00:00:00'),
	(4, 11, 1, 2, 1, 1, '0000-00-00 00:00:00', '0000-00-00 00:00:00', '0000-00-00 00:00:00'),
	(5, 12, 1, 2, 1, 1, '0000-00-00 00:00:00', '0000-00-00 00:00:00', '0000-00-00 00:00:00'),
	(6, 13, 1, 2, 1, 1, '0000-00-00 00:00:00', '0000-00-00 00:00:00', '0000-00-00 00:00:00'),
	(7, 8, 2, 1, 1, 1, '0000-00-00 00:00:00', '0000-00-00 00:00:00', '0000-00-00 00:00:00'),
	(8, 9, 2, 2, 1, 1, '0000-00-00 00:00:00', '0000-00-00 00:00:00', '0000-00-00 00:00:00'),
	(9, 10, 2, 2, 1, 1, '0000-00-00 00:00:00', '0000-00-00 00:00:00', '0000-00-00 00:00:00'),
	(10, 11, 2, 3, 1, 1, '0000-00-00 00:00:00', '0000-00-00 00:00:00', '0000-00-00 00:00:00'),
	(11, 12, 2, 3, 1, 1, '0000-00-00 00:00:00', '0000-00-00 00:00:00', '0000-00-00 00:00:00'),
	(12, 13, 2, 3, 1, 1, '0000-00-00 00:00:00', '0000-00-00 00:00:00', '0000-00-00 00:00:00'),
	(13, 8, 3, 1, 1, 1, '0000-00-00 00:00:00', '0000-00-00 00:00:00', '0000-00-00 00:00:00'),
	(14, 10, 3, 2, 1, 1, '0000-00-00 00:00:00', '0000-00-00 00:00:00', '0000-00-00 00:00:00'),
	(15, 9, 3, 2, 1, 1, '0000-00-00 00:00:00', '0000-00-00 00:00:00', '0000-00-00 00:00:00'),
	(16, 11, 3, 3, 1, 1, '0000-00-00 00:00:00', '0000-00-00 00:00:00', '0000-00-00 00:00:00'),
	(17, 12, 3, 3, 1, 1, '0000-00-00 00:00:00', '0000-00-00 00:00:00', '0000-00-00 00:00:00'),
	(18, 13, 3, 3, 1, 1, '0000-00-00 00:00:00', '0000-00-00 00:00:00', '0000-00-00 00:00:00'),
	(19, 8, 4, 2, 1, 1, '0000-00-00 00:00:00', '0000-00-00 00:00:00', '0000-00-00 00:00:00'),
	(20, 10, 4, 3, 1, 1, '0000-00-00 00:00:00', '0000-00-00 00:00:00', '0000-00-00 00:00:00'),
	(21, 9, 4, 3, 1, 1, '0000-00-00 00:00:00', '0000-00-00 00:00:00', '0000-00-00 00:00:00'),
	(22, 11, 4, 3, 1, 1, '0000-00-00 00:00:00', '0000-00-00 00:00:00', '0000-00-00 00:00:00'),
	(23, 12, 4, 3, 1, 1, '0000-00-00 00:00:00', '0000-00-00 00:00:00', '0000-00-00 00:00:00'),
	(24, 13, 4, 3, 1, 1, '0000-00-00 00:00:00', '0000-00-00 00:00:00', '0000-00-00 00:00:00'),
	(25, 8, 5, 4, 1, 1, '0000-00-00 00:00:00', '0000-00-00 00:00:00', NULL),
	(26, 9, 5, 4, 1, 1, '0000-00-00 00:00:00', '0000-00-00 00:00:00', NULL),
	(27, 10, 5, 4, 1, 1, '0000-00-00 00:00:00', '0000-00-00 00:00:00', NULL),
	(28, 11, 5, 4, 1, 1, '0000-00-00 00:00:00', '0000-00-00 00:00:00', NULL),
	(29, 12, 4, 3, 1, 1, '0000-00-00 00:00:00', '0000-00-00 00:00:00', NULL);
/*!40000 ALTER TABLE `m_imp_potencials` ENABLE KEYS */;


-- Volcando estructura para tabla siam_scribe.m_imp_reals
CREATE TABLE IF NOT EXISTS `m_imp_reals` (
  `id` int(10) unsigned NOT NULL AUTO_INCREMENT,
  `efecto_id` int(10) unsigned NOT NULL,
  `probabilidad_id` int(10) unsigned NOT NULL,
  `imp_real_id` int(10) unsigned NOT NULL,
  `usu_alta_id` int(10) unsigned NOT NULL,
  `usu_mod_id` int(10) unsigned NOT NULL,
  `created_at` timestamp NOT NULL DEFAULT '0000-00-00 00:00:00',
  `updated_at` timestamp NOT NULL DEFAULT '0000-00-00 00:00:00',
  `deleted_at` timestamp NULL DEFAULT NULL,
  PRIMARY KEY (`id`),
  KEY `m_imp_reals_usu_alta_id_foreign` (`usu_alta_id`),
  KEY `m_imp_reals_usu_mod_id_foreign` (`usu_mod_id`),
  KEY `m_imp_reals_imp_real_id_foreign` (`imp_real_id`),
  KEY `m_imp_reals_probabilidad_id_foreign` (`probabilidad_id`),
  KEY `m_imp_reals_efecto_id_foreign` (`efecto_id`),
  CONSTRAINT `m_imp_reals_efecto_id_foreign` FOREIGN KEY (`efecto_id`) REFERENCES `efectos` (`id`),
  CONSTRAINT `m_imp_reals_imp_real_id_foreign` FOREIGN KEY (`imp_real_id`) REFERENCES `imp_reals` (`id`),
  CONSTRAINT `m_imp_reals_probabilidad_id_foreign` FOREIGN KEY (`probabilidad_id`) REFERENCES `probabilidads` (`id`),
  CONSTRAINT `m_imp_reals_usu_alta_id_foreign` FOREIGN KEY (`usu_alta_id`) REFERENCES `users` (`id`),
  CONSTRAINT `m_imp_reals_usu_mod_id_foreign` FOREIGN KEY (`usu_mod_id`) REFERENCES `users` (`id`)
) ENGINE=InnoDB AUTO_INCREMENT=30 DEFAULT CHARSET=utf8 COLLATE=utf8_unicode_ci;

-- Volcando datos para la tabla siam_scribe.m_imp_reals: ~29 rows (aproximadamente)
/*!40000 ALTER TABLE `m_imp_reals` DISABLE KEYS */;
INSERT INTO `m_imp_reals` (`id`, `efecto_id`, `probabilidad_id`, `imp_real_id`, `usu_alta_id`, `usu_mod_id`, `created_at`, `updated_at`, `deleted_at`) VALUES
	(1, 8, 1, 1, 1, 1, '0000-00-00 00:00:00', '0000-00-00 00:00:00', '0000-00-00 00:00:00'),
	(2, 9, 1, 1, 1, 1, '0000-00-00 00:00:00', '0000-00-00 00:00:00', '0000-00-00 00:00:00'),
	(3, 10, 1, 1, 1, 1, '0000-00-00 00:00:00', '0000-00-00 00:00:00', '0000-00-00 00:00:00'),
	(4, 11, 1, 2, 1, 1, '0000-00-00 00:00:00', '0000-00-00 00:00:00', '0000-00-00 00:00:00'),
	(5, 12, 1, 2, 1, 1, '0000-00-00 00:00:00', '0000-00-00 00:00:00', '0000-00-00 00:00:00'),
	(6, 13, 1, 2, 1, 1, '0000-00-00 00:00:00', '0000-00-00 00:00:00', '0000-00-00 00:00:00'),
	(7, 8, 2, 1, 1, 1, '0000-00-00 00:00:00', '0000-00-00 00:00:00', '0000-00-00 00:00:00'),
	(8, 9, 2, 2, 1, 1, '0000-00-00 00:00:00', '0000-00-00 00:00:00', '0000-00-00 00:00:00'),
	(9, 10, 2, 2, 1, 1, '0000-00-00 00:00:00', '0000-00-00 00:00:00', '0000-00-00 00:00:00'),
	(10, 11, 2, 3, 1, 1, '0000-00-00 00:00:00', '0000-00-00 00:00:00', '0000-00-00 00:00:00'),
	(11, 12, 2, 3, 1, 1, '0000-00-00 00:00:00', '0000-00-00 00:00:00', '0000-00-00 00:00:00'),
	(12, 13, 2, 3, 1, 1, '0000-00-00 00:00:00', '0000-00-00 00:00:00', '0000-00-00 00:00:00'),
	(13, 8, 3, 1, 1, 1, '0000-00-00 00:00:00', '0000-00-00 00:00:00', '0000-00-00 00:00:00'),
	(14, 9, 3, 2, 1, 1, '0000-00-00 00:00:00', '0000-00-00 00:00:00', '0000-00-00 00:00:00'),
	(15, 10, 3, 2, 1, 1, '0000-00-00 00:00:00', '0000-00-00 00:00:00', '0000-00-00 00:00:00'),
	(16, 11, 3, 3, 1, 1, '0000-00-00 00:00:00', '0000-00-00 00:00:00', '0000-00-00 00:00:00'),
	(17, 12, 3, 3, 1, 1, '0000-00-00 00:00:00', '0000-00-00 00:00:00', '0000-00-00 00:00:00'),
	(18, 13, 3, 3, 1, 1, '0000-00-00 00:00:00', '0000-00-00 00:00:00', '0000-00-00 00:00:00'),
	(19, 8, 4, 2, 1, 1, '0000-00-00 00:00:00', '0000-00-00 00:00:00', '0000-00-00 00:00:00'),
	(20, 9, 4, 3, 1, 1, '0000-00-00 00:00:00', '0000-00-00 00:00:00', '0000-00-00 00:00:00'),
	(21, 10, 4, 3, 1, 1, '0000-00-00 00:00:00', '0000-00-00 00:00:00', '0000-00-00 00:00:00'),
	(22, 11, 4, 3, 1, 1, '0000-00-00 00:00:00', '0000-00-00 00:00:00', '0000-00-00 00:00:00'),
	(23, 12, 4, 3, 1, 1, '0000-00-00 00:00:00', '0000-00-00 00:00:00', '0000-00-00 00:00:00'),
	(24, 13, 4, 3, 1, 1, '0000-00-00 00:00:00', '0000-00-00 00:00:00', '0000-00-00 00:00:00'),
	(25, 8, 5, 4, 1, 1, '0000-00-00 00:00:00', '0000-00-00 00:00:00', NULL),
	(26, 9, 5, 4, 1, 1, '0000-00-00 00:00:00', '0000-00-00 00:00:00', NULL),
	(27, 10, 5, 3, 1, 1, '0000-00-00 00:00:00', '0000-00-00 00:00:00', NULL),
	(28, 11, 5, 3, 1, 1, '0000-00-00 00:00:00', '0000-00-00 00:00:00', NULL),
	(29, 12, 5, 3, 1, 1, '0000-00-00 00:00:00', '0000-00-00 00:00:00', NULL);
/*!40000 ALTER TABLE `m_imp_reals` ENABLE KEYS */;


-- Volcando estructura para tabla siam_scribe.m_mantenimientos
CREATE TABLE IF NOT EXISTS `m_mantenimientos` (
  `id` int(10) unsigned NOT NULL AUTO_INCREMENT,
  `no_orden` varchar(255) COLLATE utf8_unicode_ci NOT NULL,
  `codigo` varchar(255) COLLATE utf8_unicode_ci NOT NULL,
  `m_tpo_manto_id` int(10) unsigned NOT NULL,
  `objetivo_id` int(10) unsigned NOT NULL,
  `subequipo_id` int(10) unsigned NOT NULL,
  `solicitante_id` int(10) unsigned NOT NULL,
  `fec_planeada` date NOT NULL,
  `aviso_bnd` int(10) unsigned NOT NULL,
  `dias_aviso` int(11) NOT NULL,
  `fec_inicio` datetime NOT NULL,
  `descripcion` varchar(255) COLLATE utf8_unicode_ci NOT NULL,
  `lugar` varchar(255) COLLATE utf8_unicode_ci NOT NULL,
  `ejecutor_id` int(10) unsigned NOT NULL,
  `responsable_id` int(10) unsigned NOT NULL,
  `recomendaciones` varchar(255) COLLATE utf8_unicode_ci NOT NULL,
  `materiales` varchar(255) COLLATE utf8_unicode_ci NOT NULL,
  `horas_inv` float(8,2) NOT NULL,
  `costo` float(8,2) NOT NULL,
  `tpp_bnd` int(10) unsigned NOT NULL,
  `riesgos` varchar(255) COLLATE utf8_unicode_ci NOT NULL,
  `supervision_bnd` int(10) unsigned NOT NULL,
  `conoce_procedimiento_bnd` int(10) unsigned NOT NULL,
  `lleva_equipo_bnd` int(10) unsigned NOT NULL,
  `cumple_puntos_bnd` int(10) unsigned NOT NULL,
  `estatus_id` int(10) unsigned NOT NULL,
  `eventualidades_bnd` int(10) unsigned NOT NULL,
  `levantar_formato_bnd` int(10) unsigned NOT NULL,
  `registro_bitacora_bnd` int(10) unsigned NOT NULL,
  `accion` varchar(255) COLLATE utf8_unicode_ci NOT NULL,
  `resultado` varchar(255) COLLATE utf8_unicode_ci NOT NULL,
  `fec_final` datetime NOT NULL,
  `observaciones` varchar(255) COLLATE utf8_unicode_ci NOT NULL,
  `cia_id` int(10) unsigned NOT NULL,
  `usu_alta_id` int(10) unsigned NOT NULL,
  `usu_mod_id` int(10) unsigned NOT NULL,
  `created_at` timestamp NOT NULL DEFAULT '0000-00-00 00:00:00',
  `updated_at` timestamp NOT NULL DEFAULT '0000-00-00 00:00:00',
  `deleted_at` timestamp NULL DEFAULT NULL,
  PRIMARY KEY (`id`),
  KEY `m_mantenimientos_usu_alta_id_foreign` (`usu_alta_id`),
  KEY `m_mantenimientos_usu_mod_id_foreign` (`usu_mod_id`),
  KEY `m_mantenimientos_cia_id_foreign` (`cia_id`),
  KEY `m_mantenimientos_registro_bitacora_bnd_foreign` (`registro_bitacora_bnd`),
  KEY `m_mantenimientos_levantar_formato_bnd_foreign` (`levantar_formato_bnd`),
  KEY `m_mantenimientos_eventualidades_bnd_foreign` (`eventualidades_bnd`),
  KEY `m_mantenimientos_estatus_id_foreign` (`estatus_id`),
  KEY `m_mantenimientos_cumple_puntos_bnd_foreign` (`cumple_puntos_bnd`),
  KEY `m_mantenimientos_lleva_equipo_bnd_foreign` (`lleva_equipo_bnd`),
  KEY `m_mantenimientos_conoce_procedimiento_bnd_foreign` (`conoce_procedimiento_bnd`),
  KEY `m_mantenimientos_supervision_bnd_foreign` (`supervision_bnd`),
  KEY `m_mantenimientos_tpp_bnd_foreign` (`tpp_bnd`),
  KEY `m_mantenimientos_responsable_id_foreign` (`responsable_id`),
  KEY `m_mantenimientos_ejecutor_id_foreign` (`ejecutor_id`),
  KEY `m_mantenimientos_aviso_bnd_foreign` (`aviso_bnd`),
  KEY `m_mantenimientos_solicitante_id_foreign` (`solicitante_id`),
  KEY `m_mantenimientos_subequipo_id_foreign` (`subequipo_id`),
  KEY `m_mantenimientos_objetivo_id_foreign` (`objetivo_id`),
  KEY `m_mantenimientos_m_tpo_manto_id_foreign` (`m_tpo_manto_id`),
  CONSTRAINT `m_mantenimientos_aviso_bnd_foreign` FOREIGN KEY (`aviso_bnd`) REFERENCES `bnds` (`id`),
  CONSTRAINT `m_mantenimientos_cia_id_foreign` FOREIGN KEY (`cia_id`) REFERENCES `entidades` (`id`),
  CONSTRAINT `m_mantenimientos_conoce_procedimiento_bnd_foreign` FOREIGN KEY (`conoce_procedimiento_bnd`) REFERENCES `bnds` (`id`),
  CONSTRAINT `m_mantenimientos_cumple_puntos_bnd_foreign` FOREIGN KEY (`cumple_puntos_bnd`) REFERENCES `bnds` (`id`),
  CONSTRAINT `m_mantenimientos_ejecutor_id_foreign` FOREIGN KEY (`ejecutor_id`) REFERENCES `empleados` (`id`),
  CONSTRAINT `m_mantenimientos_estatus_id_foreign` FOREIGN KEY (`estatus_id`) REFERENCES `m_estatuses` (`id`),
  CONSTRAINT `m_mantenimientos_eventualidades_bnd_foreign` FOREIGN KEY (`eventualidades_bnd`) REFERENCES `bnds` (`id`),
  CONSTRAINT `m_mantenimientos_levantar_formato_bnd_foreign` FOREIGN KEY (`levantar_formato_bnd`) REFERENCES `bnds` (`id`),
  CONSTRAINT `m_mantenimientos_lleva_equipo_bnd_foreign` FOREIGN KEY (`lleva_equipo_bnd`) REFERENCES `bnds` (`id`),
  CONSTRAINT `m_mantenimientos_m_tpo_manto_id_foreign` FOREIGN KEY (`m_tpo_manto_id`) REFERENCES `m_tpo_mantos` (`id`),
  CONSTRAINT `m_mantenimientos_objetivo_id_foreign` FOREIGN KEY (`objetivo_id`) REFERENCES `m_objetivos` (`id`),
  CONSTRAINT `m_mantenimientos_registro_bitacora_bnd_foreign` FOREIGN KEY (`registro_bitacora_bnd`) REFERENCES `bnds` (`id`),
  CONSTRAINT `m_mantenimientos_responsable_id_foreign` FOREIGN KEY (`responsable_id`) REFERENCES `empleados` (`id`),
  CONSTRAINT `m_mantenimientos_solicitante_id_foreign` FOREIGN KEY (`solicitante_id`) REFERENCES `empleados` (`id`),
  CONSTRAINT `m_mantenimientos_subequipo_id_foreign` FOREIGN KEY (`subequipo_id`) REFERENCES `subequipos` (`id`),
  CONSTRAINT `m_mantenimientos_supervision_bnd_foreign` FOREIGN KEY (`supervision_bnd`) REFERENCES `bnds` (`id`),
  CONSTRAINT `m_mantenimientos_tpp_bnd_foreign` FOREIGN KEY (`tpp_bnd`) REFERENCES `bnds` (`id`),
  CONSTRAINT `m_mantenimientos_usu_alta_id_foreign` FOREIGN KEY (`usu_alta_id`) REFERENCES `users` (`id`),
  CONSTRAINT `m_mantenimientos_usu_mod_id_foreign` FOREIGN KEY (`usu_mod_id`) REFERENCES `users` (`id`)
) ENGINE=InnoDB AUTO_INCREMENT=3 DEFAULT CHARSET=utf8 COLLATE=utf8_unicode_ci;

-- Volcando datos para la tabla siam_scribe.m_mantenimientos: ~2 rows (aproximadamente)
/*!40000 ALTER TABLE `m_mantenimientos` DISABLE KEYS */;
INSERT INTO `m_mantenimientos` (`id`, `no_orden`, `codigo`, `m_tpo_manto_id`, `objetivo_id`, `subequipo_id`, `solicitante_id`, `fec_planeada`, `aviso_bnd`, `dias_aviso`, `fec_inicio`, `descripcion`, `lugar`, `ejecutor_id`, `responsable_id`, `recomendaciones`, `materiales`, `horas_inv`, `costo`, `tpp_bnd`, `riesgos`, `supervision_bnd`, `conoce_procedimiento_bnd`, `lleva_equipo_bnd`, `cumple_puntos_bnd`, `estatus_id`, `eventualidades_bnd`, `levantar_formato_bnd`, `registro_bitacora_bnd`, `accion`, `resultado`, `fec_final`, `observaciones`, `cia_id`, `usu_alta_id`, `usu_mod_id`, `created_at`, `updated_at`, `deleted_at`) VALUES
	(1, '1', '$2y$10$kEknquZfhpvobGGkai0mLegJimIRPg/bImVgxorojqH4nTMNT2FWC', 1, 1, 1, 1, '2016-01-01', 1, 2, '2017-02-09 09:05:00', 'des', 'lug', 1, 2, 'rec', 'mat', 3.00, 1254.00, 1, '', 2, 2, 2, 2, 1, 2, 2, 2, '', '', '2017-02-09 15:04:00', 'Sin observaciones', 1, 1, 1, '2017-01-16 01:38:35', '2017-02-10 04:25:53', NULL),
	(2, '2', '$2y$10$o2GIWbErpqol3lLW.hAkSeqq7bhjdVFl0oT26.cCWgG.taUqDFKDG', 1, 1, 1, 1, '2017-02-09', 0, 0, '2017-02-12 00:00:00', 'Descripcion', 'lugar', 1, 1, 'recomendaciones', 'materiales', 15.00, 123.00, 2, '', 2, 2, 2, 2, 3, 2, 2, 2, '', '', '2017-02-12 00:00:00', 'obs', 1, 1, 1, '2017-02-10 04:51:56', '2017-02-12 15:55:25', NULL);
/*!40000 ALTER TABLE `m_mantenimientos` ENABLE KEYS */;


-- Volcando estructura para tabla siam_scribe.m_objetivos
CREATE TABLE IF NOT EXISTS `m_objetivos` (
  `id` int(10) unsigned NOT NULL AUTO_INCREMENT,
  `objetivo` varchar(255) COLLATE utf8_unicode_ci NOT NULL,
  `usu_alta_id` int(10) unsigned NOT NULL,
  `usu_mod_id` int(10) unsigned NOT NULL,
  `created_at` timestamp NOT NULL DEFAULT '0000-00-00 00:00:00',
  `updated_at` timestamp NOT NULL DEFAULT '0000-00-00 00:00:00',
  `deleted_at` timestamp NULL DEFAULT NULL,
  PRIMARY KEY (`id`),
  KEY `m_objetivos_usu_alta_id_foreign` (`usu_alta_id`),
  KEY `m_objetivos_usu_mod_id_foreign` (`usu_mod_id`),
  CONSTRAINT `m_objetivos_usu_alta_id_foreign` FOREIGN KEY (`usu_alta_id`) REFERENCES `users` (`id`),
  CONSTRAINT `m_objetivos_usu_mod_id_foreign` FOREIGN KEY (`usu_mod_id`) REFERENCES `users` (`id`)
) ENGINE=InnoDB AUTO_INCREMENT=2 DEFAULT CHARSET=utf8 COLLATE=utf8_unicode_ci;

-- Volcando datos para la tabla siam_scribe.m_objetivos: ~0 rows (aproximadamente)
/*!40000 ALTER TABLE `m_objetivos` DISABLE KEYS */;
INSERT INTO `m_objetivos` (`id`, `objetivo`, `usu_alta_id`, `usu_mod_id`, `created_at`, `updated_at`, `deleted_at`) VALUES
	(1, 'Tanque', 1, 1, '2017-01-15 18:45:49', '2017-01-15 18:45:49', NULL);
/*!40000 ALTER TABLE `m_objetivos` ENABLE KEYS */;


-- Volcando estructura para tabla siam_scribe.m_tpo_mantos
CREATE TABLE IF NOT EXISTS `m_tpo_mantos` (
  `id` int(10) unsigned NOT NULL AUTO_INCREMENT,
  `tpo_manto` varchar(255) COLLATE utf8_unicode_ci NOT NULL,
  `usu_alta_id` int(10) unsigned NOT NULL,
  `usu_mod_id` int(10) unsigned NOT NULL,
  `created_at` timestamp NOT NULL DEFAULT '0000-00-00 00:00:00',
  `updated_at` timestamp NOT NULL DEFAULT '0000-00-00 00:00:00',
  `deleted_at` timestamp NULL DEFAULT NULL,
  PRIMARY KEY (`id`),
  KEY `m_tpo_mantos_usu_alta_id_foreign` (`usu_alta_id`),
  KEY `m_tpo_mantos_usu_mod_id_foreign` (`usu_mod_id`),
  CONSTRAINT `m_tpo_mantos_usu_alta_id_foreign` FOREIGN KEY (`usu_alta_id`) REFERENCES `users` (`id`),
  CONSTRAINT `m_tpo_mantos_usu_mod_id_foreign` FOREIGN KEY (`usu_mod_id`) REFERENCES `users` (`id`)
) ENGINE=InnoDB AUTO_INCREMENT=4 DEFAULT CHARSET=utf8 COLLATE=utf8_unicode_ci;

-- Volcando datos para la tabla siam_scribe.m_tpo_mantos: ~3 rows (aproximadamente)
/*!40000 ALTER TABLE `m_tpo_mantos` DISABLE KEYS */;
INSERT INTO `m_tpo_mantos` (`id`, `tpo_manto`, `usu_alta_id`, `usu_mod_id`, `created_at`, `updated_at`, `deleted_at`) VALUES
	(1, 'Preventivo', 1, 1, '2015-04-18 21:54:50', '2015-04-18 21:58:21', NULL),
	(2, 'Correctivo', 1, 1, '0000-00-00 00:00:00', '0000-00-00 00:00:00', NULL),
	(3, 'Predictivo', 1, 1, '0000-00-00 00:00:00', '0000-00-00 00:00:00', NULL);
/*!40000 ALTER TABLE `m_tpo_mantos` ENABLE KEYS */;


-- Volcando estructura para tabla siam_scribe.m_tpo_riesgos
CREATE TABLE IF NOT EXISTS `m_tpo_riesgos` (
  `id` int(10) unsigned NOT NULL AUTO_INCREMENT,
  `tpo_riesgo` varchar(255) COLLATE utf8_unicode_ci NOT NULL,
  `usu_alta_id` int(11) NOT NULL,
  `usu_mod_id` int(11) NOT NULL,
  `created_at` timestamp NOT NULL DEFAULT '0000-00-00 00:00:00',
  `updated_at` timestamp NOT NULL DEFAULT '0000-00-00 00:00:00',
  PRIMARY KEY (`id`)
) ENGINE=InnoDB AUTO_INCREMENT=13 DEFAULT CHARSET=utf8 COLLATE=utf8_unicode_ci;

-- Volcando datos para la tabla siam_scribe.m_tpo_riesgos: ~12 rows (aproximadamente)
/*!40000 ALTER TABLE `m_tpo_riesgos` DISABLE KEYS */;
INSERT INTO `m_tpo_riesgos` (`id`, `tpo_riesgo`, `usu_alta_id`, `usu_mod_id`, `created_at`, `updated_at`) VALUES
	(1, 'INCENDIO', 1, 1, '0000-00-00 00:00:00', '0000-00-00 00:00:00'),
	(2, 'CONTAMINACIÓN DE SUELO\r\n', 1, 1, '0000-00-00 00:00:00', '0000-00-00 00:00:00'),
	(3, 'FUGA DE GAS TOXICO\r\n', 1, 1, '0000-00-00 00:00:00', '0000-00-00 00:00:00'),
	(4, 'PERDIDA DE CONCIENCIA\r\n', 1, 1, '0000-00-00 00:00:00', '0000-00-00 00:00:00'),
	(5, 'EXPLOSIÓN\r\n', 1, 1, '0000-00-00 00:00:00', '0000-00-00 00:00:00'),
	(6, 'INTOXICACIÓN\r\n', 1, 1, '0000-00-00 00:00:00', '0000-00-00 00:00:00'),
	(7, 'DAÑO A PIEL\r\n', 1, 1, '0000-00-00 00:00:00', '0000-00-00 00:00:00'),
	(8, 'CAIDA DE ALTURA\r\n', 1, 1, '0000-00-00 00:00:00', '0000-00-00 00:00:00'),
	(9, 'DERRAME\r\n', 1, 1, '0000-00-00 00:00:00', '0000-00-00 00:00:00'),
	(10, 'CONGELAMIENTO\r\n', 1, 1, '0000-00-00 00:00:00', '0000-00-00 00:00:00'),
	(11, 'DAÑO A OJOS\r\n', 1, 1, '0000-00-00 00:00:00', '0000-00-00 00:00:00'),
	(12, 'RESBALON\r\n', 1, 1, '0000-00-00 00:00:00', '0000-00-00 00:00:00');
/*!40000 ALTER TABLE `m_tpo_riesgos` ENABLE KEYS */;


-- Volcando estructura para tabla siam_scribe.normas
CREATE TABLE IF NOT EXISTS `normas` (
  `id` int(10) unsigned NOT NULL AUTO_INCREMENT,
  `norma` varchar(255) COLLATE utf8_unicode_ci NOT NULL,
  `usu_alta_id` int(10) unsigned NOT NULL,
  `usu_mod_id` int(10) unsigned NOT NULL,
  `created_at` timestamp NOT NULL DEFAULT '0000-00-00 00:00:00',
  `updated_at` timestamp NOT NULL DEFAULT '0000-00-00 00:00:00',
  `deleted_at` timestamp NULL DEFAULT NULL,
  PRIMARY KEY (`id`),
  KEY `normas_usu_alta_id_foreign` (`usu_alta_id`),
  KEY `normas_usu_mod_id_foreign` (`usu_mod_id`),
  CONSTRAINT `normas_usu_alta_id_foreign` FOREIGN KEY (`usu_alta_id`) REFERENCES `users` (`id`),
  CONSTRAINT `normas_usu_mod_id_foreign` FOREIGN KEY (`usu_mod_id`) REFERENCES `users` (`id`)
) ENGINE=InnoDB AUTO_INCREMENT=5 DEFAULT CHARSET=utf8 COLLATE=utf8_unicode_ci;

-- Volcando datos para la tabla siam_scribe.normas: ~4 rows (aproximadamente)
/*!40000 ALTER TABLE `normas` DISABLE KEYS */;
INSERT INTO `normas` (`id`, `norma`, `usu_alta_id`, `usu_mod_id`, `created_at`, `updated_at`, `deleted_at`) VALUES
	(1, 'NOM-006-STPS-2000', 1, 1, '2015-02-06 18:23:45', '2015-02-06 18:24:15', NULL),
	(2, 'NOM-007-STPS-2000', 1, 1, '2015-02-06 19:39:15', '2015-02-06 19:39:15', NULL),
	(3, 'NOM-008-STPS-2001', 1, 1, '2015-02-06 19:39:52', '2015-02-06 19:39:52', NULL),
	(4, 'NOM-010-STPS-1999', 1, 1, '2015-02-07 00:14:53', '2015-02-07 00:14:53', NULL);
/*!40000 ALTER TABLE `normas` ENABLE KEYS */;


-- Volcando estructura para tabla siam_scribe.permissions
CREATE TABLE IF NOT EXISTS `permissions` (
  `id` int(10) unsigned NOT NULL AUTO_INCREMENT,
  `name` varchar(100) COLLATE utf8_unicode_ci NOT NULL,
  `value` varchar(100) COLLATE utf8_unicode_ci NOT NULL,
  `description` varchar(255) COLLATE utf8_unicode_ci NOT NULL,
  `created_at` timestamp NOT NULL DEFAULT '0000-00-00 00:00:00',
  `updated_at` timestamp NOT NULL DEFAULT '0000-00-00 00:00:00',
  `deleted_at` timestamp NULL DEFAULT NULL,
  PRIMARY KEY (`id`),
  UNIQUE KEY `permissions_value_unique` (`value`)
) ENGINE=InnoDB AUTO_INCREMENT=755 DEFAULT CHARSET=utf8 COLLATE=utf8_unicode_ci;

-- Volcando datos para la tabla siam_scribe.permissions: ~737 rows (aproximadamente)
/*!40000 ALTER TABLE `permissions` DISABLE KEYS */;
INSERT INTO `permissions` (`id`, `name`, `value`, `description`, `created_at`, `updated_at`, `deleted_at`) VALUES
	(9, 'menus-index', 'menus-index', 'Lista de menus', '0000-00-00 00:00:00', '0000-00-00 00:00:00', NULL),
	(10, 'menus-create', 'menus-create', 'Crear menus', '0000-00-00 00:00:00', '0000-00-00 00:00:00', NULL),
	(11, 'menus-store', 'menus-store', 'Guardar menus', '0000-00-00 00:00:00', '0000-00-00 00:00:00', NULL),
	(12, 'menus-show', 'menus-show', 'Mostrar menus', '0000-00-00 00:00:00', '0000-00-00 00:00:00', NULL),
	(13, 'menus-edit', 'menus-edit', 'Edicion de menus', '0000-00-00 00:00:00', '0000-00-00 00:00:00', NULL),
	(14, 'menus-update', 'menus-update', 'Actualizar menus', '0000-00-00 00:00:00', '0000-00-00 00:00:00', NULL),
	(15, 'menus-destroy', 'menus-destroy', 'Eliminar menus', '0000-00-00 00:00:00', '0000-00-00 00:00:00', NULL),
	(16, 'menus-recover', 'menus-recover', 'Recuperar menus', '0000-00-00 00:00:00', '0000-00-00 00:00:00', NULL),
	(17, 'menus-contentListIndex', 'menus-contentListIndex', 'Llena lista de menus', '0000-00-00 00:00:00', '0000-00-00 00:00:00', NULL),
	(18, 'entidades-index', 'entidades-index', 'Lista de entidades', '0000-00-00 00:00:00', '0000-00-00 00:00:00', NULL),
	(19, 'entidades-create', 'entidades-create', 'Crear entidades', '0000-00-00 00:00:00', '0000-00-00 00:00:00', NULL),
	(20, 'entidades-store', 'entidades-store', 'Guardar entidades', '0000-00-00 00:00:00', '0000-00-00 00:00:00', NULL),
	(21, 'entidades-show', 'entidades-show', 'Mostrar entidades', '0000-00-00 00:00:00', '0000-00-00 00:00:00', NULL),
	(22, 'entidades-edit', 'entidades-edit', 'Edicion de entidades', '0000-00-00 00:00:00', '0000-00-00 00:00:00', NULL),
	(23, 'entidades-update', 'entidades-update', 'Actualizar entidades', '0000-00-00 00:00:00', '0000-00-00 00:00:00', NULL),
	(24, 'entidades-destroy', 'entidades-destroy', 'Eliminar entidades', '0000-00-00 00:00:00', '0000-00-00 00:00:00', NULL),
	(25, 'entidades-recover', 'entidades-recover', 'Recuperar entidades', '0000-00-00 00:00:00', '0000-00-00 00:00:00', NULL),
	(26, 'entidades-contentListIndex', 'entidades-contentListIndex', 'Llena lista de entidades', '0000-00-00 00:00:00', '0000-00-00 00:00:00', NULL),
	(27, 'users-getPerfil', 'users-getPerfil', 'users-getPerfil', '0000-00-00 00:00:00', '0000-00-00 00:00:00', NULL),
	(28, 'factors-index', 'factors-index', 'Lista de factors', '0000-00-00 00:00:00', '0000-00-00 00:00:00', NULL),
	(29, 'factors-create', 'factors-create', 'Crear factors', '0000-00-00 00:00:00', '0000-00-00 00:00:00', NULL),
	(30, 'factors-store', 'factors-store', 'Guardar factors', '0000-00-00 00:00:00', '0000-00-00 00:00:00', NULL),
	(31, 'factors-show', 'factors-show', 'Mostrar factors', '0000-00-00 00:00:00', '0000-00-00 00:00:00', NULL),
	(32, 'factors-edit', 'factors-edit', 'Edicion de factors', '0000-00-00 00:00:00', '0000-00-00 00:00:00', NULL),
	(33, 'factors-update', 'factors-update', 'Actualizar factors', '0000-00-00 00:00:00', '0000-00-00 00:00:00', NULL),
	(34, 'factors-destroy', 'factors-destroy', 'Eliminar factors', '0000-00-00 00:00:00', '0000-00-00 00:00:00', NULL),
	(35, 'factors-recover', 'factors-recover', 'Recuperar factors', '0000-00-00 00:00:00', '0000-00-00 00:00:00', NULL),
	(36, 'factors-contentListIndex', 'factors-contentListIndex', 'Llena lista de factors', '0000-00-00 00:00:00', '0000-00-00 00:00:00', NULL),
	(37, 'rubros-index', 'rubros-index', 'Lista de rubros', '0000-00-00 00:00:00', '0000-00-00 00:00:00', NULL),
	(38, 'rubros-create', 'rubros-create', 'Crear rubros', '0000-00-00 00:00:00', '0000-00-00 00:00:00', NULL),
	(39, 'rubros-store', 'rubros-store', 'Guardar rubros', '0000-00-00 00:00:00', '0000-00-00 00:00:00', NULL),
	(40, 'rubros-show', 'rubros-show', 'Mostrar rubros', '0000-00-00 00:00:00', '0000-00-00 00:00:00', NULL),
	(41, 'rubros-edit', 'rubros-edit', 'Edicion de rubros', '0000-00-00 00:00:00', '0000-00-00 00:00:00', NULL),
	(42, 'rubros-update', 'rubros-update', 'Actualizar rubros', '0000-00-00 00:00:00', '0000-00-00 00:00:00', NULL),
	(43, 'rubros-destroy', 'rubros-destroy', 'Eliminar rubros', '0000-00-00 00:00:00', '0000-00-00 00:00:00', NULL),
	(44, 'rubros-recover', 'rubros-recover', 'Recuperar rubros', '0000-00-00 00:00:00', '0000-00-00 00:00:00', NULL),
	(45, 'rubros-contentListIndex', 'rubros-contentListIndex', 'Llena lista de rubros', '0000-00-00 00:00:00', '0000-00-00 00:00:00', NULL),
	(46, 'especificos-index', 'especificos-index', 'Lista de especificos', '0000-00-00 00:00:00', '0000-00-00 00:00:00', NULL),
	(47, 'especificos-create', 'especificos-create', 'Crear especificos', '0000-00-00 00:00:00', '0000-00-00 00:00:00', NULL),
	(48, 'especificos-store', 'especificos-store', 'Guardar especificos', '0000-00-00 00:00:00', '0000-00-00 00:00:00', NULL),
	(49, 'especificos-show', 'especificos-show', 'Mostrar especificos', '0000-00-00 00:00:00', '0000-00-00 00:00:00', NULL),
	(50, 'especificos-edit', 'especificos-edit', 'Edicion de especificos', '0000-00-00 00:00:00', '0000-00-00 00:00:00', NULL),
	(51, 'especificos-update', 'especificos-update', 'Actualizar especificos', '0000-00-00 00:00:00', '0000-00-00 00:00:00', NULL),
	(52, 'especificos-destroy', 'especificos-destroy', 'Eliminar especificos', '0000-00-00 00:00:00', '0000-00-00 00:00:00', NULL),
	(53, 'especificos-recover', 'especificos-recover', 'Recuperar especificos', '0000-00-00 00:00:00', '0000-00-00 00:00:00', NULL),
	(54, 'especificos-contentListIndex', 'especificos-contentListIndex', 'Llena lista de especificos', '0000-00-00 00:00:00', '0000-00-00 00:00:00', NULL),
	(55, 'matrizs-index', 'matrizs-index', 'Lista de matrizs', '0000-00-00 00:00:00', '0000-00-00 00:00:00', NULL),
	(56, 'matrizs-create', 'matrizs-create', 'Crear matrizs', '0000-00-00 00:00:00', '0000-00-00 00:00:00', NULL),
	(57, 'matrizs-store', 'matrizs-store', 'Guardar matrizs', '0000-00-00 00:00:00', '0000-00-00 00:00:00', NULL),
	(58, 'matrizs-show', 'matrizs-show', 'Mostrar matrizs', '0000-00-00 00:00:00', '0000-00-00 00:00:00', NULL),
	(59, 'matrizs-edit', 'matrizs-edit', 'Edicion de matrizs', '0000-00-00 00:00:00', '0000-00-00 00:00:00', NULL),
	(60, 'matrizs-update', 'matrizs-update', 'Actualizar matrizs', '0000-00-00 00:00:00', '0000-00-00 00:00:00', NULL),
	(61, 'matrizs-destroy', 'matrizs-destroy', 'Eliminar matrizs', '0000-00-00 00:00:00', '0000-00-00 00:00:00', NULL),
	(62, 'matrizs-recover', 'matrizs-recover', 'Recuperar matrizs', '0000-00-00 00:00:00', '0000-00-00 00:00:00', NULL),
	(63, 'matrizs-contentListIndex', 'matrizs-contentListIndex', 'Llena lista de matrizs', '0000-00-00 00:00:00', '0000-00-00 00:00:00', NULL),
	(64, 'caracteristicas-index', 'caracteristicas-index', 'Lista de caracteristicas', '0000-00-00 00:00:00', '0000-00-00 00:00:00', NULL),
	(65, 'caracteristicas-create', 'caracteristicas-create', 'Crear caracteristicas', '0000-00-00 00:00:00', '0000-00-00 00:00:00', NULL),
	(66, 'caracteristicas-store', 'caracteristicas-store', 'Guardar caracteristicas', '0000-00-00 00:00:00', '0000-00-00 00:00:00', NULL),
	(67, 'caracteristicas-show', 'caracteristicas-show', 'Mostrar caracteristicas', '0000-00-00 00:00:00', '0000-00-00 00:00:00', NULL),
	(68, 'caracteristicas-edit', 'caracteristicas-edit', 'Edicion de caracteristicas', '0000-00-00 00:00:00', '0000-00-00 00:00:00', NULL),
	(69, 'caracteristicas-update', 'caracteristicas-update', 'Actualizar caracteristicas', '0000-00-00 00:00:00', '0000-00-00 00:00:00', NULL),
	(70, 'caracteristicas-destroy', 'caracteristicas-destroy', 'Eliminar caracteristicas', '0000-00-00 00:00:00', '0000-00-00 00:00:00', NULL),
	(71, 'caracteristicas-recover', 'caracteristicas-recover', 'Recuperar caracteristicas', '0000-00-00 00:00:00', '0000-00-00 00:00:00', NULL),
	(72, 'caracteristicas-contentListIndex', 'caracteristicas-contentListIndex', 'Llena lista de caracteristicas', '0000-00-00 00:00:00', '0000-00-00 00:00:00', NULL),
	(73, 'clientes-index', 'clientes-index', 'Lista de clientes', '0000-00-00 00:00:00', '0000-00-00 00:00:00', NULL),
	(74, 'clientes-create', 'clientes-create', 'Crear clientes', '0000-00-00 00:00:00', '0000-00-00 00:00:00', NULL),
	(75, 'clientes-store', 'clientes-store', 'Guardar clientes', '0000-00-00 00:00:00', '0000-00-00 00:00:00', NULL),
	(76, 'clientes-show', 'clientes-show', 'Mostrar clientes', '0000-00-00 00:00:00', '0000-00-00 00:00:00', NULL),
	(77, 'clientes-edit', 'clientes-edit', 'Edicion de clientes', '0000-00-00 00:00:00', '0000-00-00 00:00:00', NULL),
	(78, 'clientes-update', 'clientes-update', 'Actualizar clientes', '0000-00-00 00:00:00', '0000-00-00 00:00:00', NULL),
	(79, 'clientes-destroy', 'clientes-destroy', 'Eliminar clientes', '0000-00-00 00:00:00', '0000-00-00 00:00:00', NULL),
	(80, 'clientes-recover', 'clientes-recover', 'Recuperar clientes', '0000-00-00 00:00:00', '0000-00-00 00:00:00', NULL),
	(81, 'clientes-contentListIndex', 'clientes-contentListIndex', 'Llena lista de clientes', '0000-00-00 00:00:00', '0000-00-00 00:00:00', NULL),
	(82, 'efectos-index', 'efectos-index', 'Lista de efectos', '0000-00-00 00:00:00', '0000-00-00 00:00:00', NULL),
	(83, 'efectos-create', 'efectos-create', 'Crear efectos', '0000-00-00 00:00:00', '0000-00-00 00:00:00', NULL),
	(84, 'efectos-store', 'efectos-store', 'Guardar efectos', '0000-00-00 00:00:00', '0000-00-00 00:00:00', NULL),
	(85, 'efectos-show', 'efectos-show', 'Mostrar efectos', '0000-00-00 00:00:00', '0000-00-00 00:00:00', NULL),
	(86, 'efectos-edit', 'efectos-edit', 'Edicion de efectos', '0000-00-00 00:00:00', '0000-00-00 00:00:00', NULL),
	(87, 'efectos-update', 'efectos-update', 'Actualizar efectos', '0000-00-00 00:00:00', '0000-00-00 00:00:00', NULL),
	(88, 'efectos-destroy', 'efectos-destroy', 'Eliminar efectos', '0000-00-00 00:00:00', '0000-00-00 00:00:00', NULL),
	(89, 'efectos-recover', 'efectos-recover', 'Recuperar efectos', '0000-00-00 00:00:00', '0000-00-00 00:00:00', NULL),
	(90, 'efectos-contentListIndex', 'efectos-contentListIndex', 'Llena lista de efectos', '0000-00-00 00:00:00', '0000-00-00 00:00:00', NULL),
	(91, 'reg_impactos-index', 'reg_impactos-index', 'Lista de reg_impactos', '0000-00-00 00:00:00', '0000-00-00 00:00:00', NULL),
	(92, 'reg_impactos-create', 'reg_impactos-create', 'Crear reg_impactos', '0000-00-00 00:00:00', '0000-00-00 00:00:00', NULL),
	(93, 'reg_impactos-store', 'reg_impactos-store', 'Guardar reg_impactos', '0000-00-00 00:00:00', '0000-00-00 00:00:00', NULL),
	(94, 'reg_impactos-show', 'reg_impactos-show', 'Mostrar reg_impactos', '0000-00-00 00:00:00', '0000-00-00 00:00:00', NULL),
	(95, 'reg_impactos-edit', 'reg_impactos-edit', 'Edicion de reg_impactos', '0000-00-00 00:00:00', '0000-00-00 00:00:00', NULL),
	(96, 'reg_impactos-update', 'reg_impactos-update', 'Actualizar reg_impactos', '0000-00-00 00:00:00', '0000-00-00 00:00:00', NULL),
	(97, 'reg_impactos-destroy', 'reg_impactos-destroy', 'Eliminar reg_impactos', '0000-00-00 00:00:00', '0000-00-00 00:00:00', NULL),
	(98, 'reg_impactos-recover', 'reg_impactos-recover', 'Recuperar reg_impactos', '0000-00-00 00:00:00', '0000-00-00 00:00:00', NULL),
	(99, 'reg_impactos-contentListIndex', 'reg_impactos-contentListIndex', 'Llena lista de reg_impactos', '0000-00-00 00:00:00', '0000-00-00 00:00:00', NULL),
	(100, 'tipo_impactos-index', 'tipo_impactos-index', 'Lista de tipo_impactos', '0000-00-00 00:00:00', '0000-00-00 00:00:00', NULL),
	(101, 'tipo_impactos-create', 'tipo_impactos-create', 'Crear tipo_impactos', '0000-00-00 00:00:00', '0000-00-00 00:00:00', NULL),
	(102, 'tipo_impactos-store', 'tipo_impactos-store', 'Guardar tipo_impactos', '0000-00-00 00:00:00', '0000-00-00 00:00:00', NULL),
	(103, 'tipo_impactos-show', 'tipo_impactos-show', 'Mostrar tipo_impactos', '0000-00-00 00:00:00', '0000-00-00 00:00:00', NULL),
	(104, 'tipo_impactos-edit', 'tipo_impactos-edit', 'Edicion de tipo_impactos', '0000-00-00 00:00:00', '0000-00-00 00:00:00', NULL),
	(105, 'tipo_impactos-update', 'tipo_impactos-update', 'Actualizar tipo_impactos', '0000-00-00 00:00:00', '0000-00-00 00:00:00', NULL),
	(106, 'tipo_impactos-destroy', 'tipo_impactos-destroy', 'Eliminar tipo_impactos', '0000-00-00 00:00:00', '0000-00-00 00:00:00', NULL),
	(107, 'tipo_impactos-recover', 'tipo_impactos-recover', 'Recuperar tipo_impactos', '0000-00-00 00:00:00', '0000-00-00 00:00:00', NULL),
	(108, 'tipo_impactos-contentListIndex', 'tipo_impactos-contentListIndex', 'Llena lista de tipo_impactos', '0000-00-00 00:00:00', '0000-00-00 00:00:00', NULL),
	(109, 'enc_impactos-index', 'enc_impactos-index', 'Lista de enc_impactos', '0000-00-00 00:00:00', '0000-00-00 00:00:00', NULL),
	(110, 'enc_impactos-create', 'enc_impactos-create', 'Crear enc_impactos', '0000-00-00 00:00:00', '0000-00-00 00:00:00', NULL),
	(111, 'enc_impactos-store', 'enc_impactos-store', 'Guardar enc_impactos', '0000-00-00 00:00:00', '0000-00-00 00:00:00', NULL),
	(112, 'enc_impactos-show', 'enc_impactos-show', 'Mostrar enc_impactos', '0000-00-00 00:00:00', '0000-00-00 00:00:00', NULL),
	(113, 'enc_impactos-edit', 'enc_impactos-edit', 'Edicion de enc_impactos', '0000-00-00 00:00:00', '0000-00-00 00:00:00', NULL),
	(114, 'enc_impactos-update', 'enc_impactos-update', 'Actualizar enc_impactos', '0000-00-00 00:00:00', '0000-00-00 00:00:00', NULL),
	(115, 'enc_impactos-destroy', 'enc_impactos-destroy', 'Eliminar enc_impactos', '0000-00-00 00:00:00', '0000-00-00 00:00:00', NULL),
	(116, 'enc_impactos-recover', 'enc_impactos-recover', 'Recuperar enc_impactos', '0000-00-00 00:00:00', '0000-00-00 00:00:00', NULL),
	(117, 'enc_impactos-contentListIndex', 'enc_impactos-contentListIndex', 'Llena lista de enc_impactos', '0000-00-00 00:00:00', '0000-00-00 00:00:00', NULL),
	(118, 'sms-show', 'sms-show', 'Muestra el salario minimo', '0000-00-00 00:00:00', '0000-00-00 00:00:00', NULL),
	(119, 'sms-edit', 'sms-edit', 'Edita el salario minimo', '0000-00-00 00:00:00', '0000-00-00 00:00:00', NULL),
	(120, 'sms-update', 'sms-update', 'Actualiza salario minimo', '0000-00-00 00:00:00', '0000-00-00 00:00:00', NULL),
	(121, 'sms-index', 'sms-index', 'Lista de salarios minimos', '0000-00-00 00:00:00', '0000-00-00 00:00:00', NULL),
	(122, 'sms-contentListIndex', 'sms-contentListIndex', 'Llena lista de salarios minimos', '0000-00-00 00:00:00', '0000-00-00 00:00:00', NULL),
	(123, 'achecks-index', 'achecks-index', 'Lista de achecks', '0000-00-00 00:00:00', '0000-00-00 00:00:00', NULL),
	(124, 'achecks-create', 'achecks-create', 'Crear achecks', '0000-00-00 00:00:00', '0000-00-00 00:00:00', NULL),
	(125, 'achecks-store', 'achecks-store', 'Guardar achecks', '0000-00-00 00:00:00', '0000-00-00 00:00:00', NULL),
	(126, 'achecks-show', 'achecks-show', 'Mostrar achecks', '0000-00-00 00:00:00', '0000-00-00 00:00:00', NULL),
	(127, 'achecks-edit', 'achecks-edit', 'Edicion de achecks', '0000-00-00 00:00:00', '0000-00-00 00:00:00', NULL),
	(128, 'achecks-update', 'achecks-update', 'Actualizar achecks', '0000-00-00 00:00:00', '0000-00-00 00:00:00', NULL),
	(129, 'achecks-destroy', 'achecks-destroy', 'Eliminar achecks', '0000-00-00 00:00:00', '0000-00-00 00:00:00', NULL),
	(130, 'achecks-recover', 'achecks-recover', 'Recuperar achecks', '0000-00-00 00:00:00', '0000-00-00 00:00:00', NULL),
	(131, 'achecks-contentListIndex', 'achecks-contentListIndex', 'Llena lista de achecks', '0000-00-00 00:00:00', '0000-00-00 00:00:00', NULL),
	(132, 'cumplimientos-index', 'cumplimientos-index', 'Lista de cumplimientos', '0000-00-00 00:00:00', '0000-00-00 00:00:00', NULL),
	(133, 'cumplimientos-create', 'cumplimientos-create', 'Crear cumplimientos', '0000-00-00 00:00:00', '0000-00-00 00:00:00', NULL),
	(134, 'cumplimientos-store', 'cumplimientos-store', 'Guardar cumplimientos', '0000-00-00 00:00:00', '0000-00-00 00:00:00', NULL),
	(135, 'cumplimientos-show', 'cumplimientos-show', 'Mostrar cumplimientos', '0000-00-00 00:00:00', '0000-00-00 00:00:00', NULL),
	(136, 'cumplimientos-edit', 'cumplimientos-edit', 'Edicion de cumplimientos', '0000-00-00 00:00:00', '0000-00-00 00:00:00', NULL),
	(137, 'cumplimientos-update', 'cumplimientos-update', 'Actualizar cumplimientos', '0000-00-00 00:00:00', '0000-00-00 00:00:00', NULL),
	(138, 'cumplimientos-destroy', 'cumplimientos-destroy', 'Eliminar cumplimientos', '0000-00-00 00:00:00', '0000-00-00 00:00:00', NULL),
	(139, 'cumplimientos-recover', 'cumplimientos-recover', 'Recuperar cumplimientos', '0000-00-00 00:00:00', '0000-00-00 00:00:00', NULL),
	(140, 'cumplimientos-contentListIndex', 'cumplimientos-contentListIndex', 'Llena lista de cumplimientos', '0000-00-00 00:00:00', '0000-00-00 00:00:00', NULL),
	(141, 'mchecks-index', 'mchecks-index', 'Lista de mchecks', '0000-00-00 00:00:00', '0000-00-00 00:00:00', NULL),
	(142, 'mchecks-create', 'mchecks-create', 'Crear mchecks', '0000-00-00 00:00:00', '0000-00-00 00:00:00', NULL),
	(143, 'mchecks-store', 'mchecks-store', 'Guardar mchecks', '0000-00-00 00:00:00', '0000-00-00 00:00:00', NULL),
	(144, 'mchecks-show', 'mchecks-show', 'Mostrar mchecks', '0000-00-00 00:00:00', '0000-00-00 00:00:00', NULL),
	(145, 'mchecks-edit', 'mchecks-edit', 'Edicion de mchecks', '0000-00-00 00:00:00', '0000-00-00 00:00:00', NULL),
	(146, 'mchecks-update', 'mchecks-update', 'Actualizar mchecks', '0000-00-00 00:00:00', '0000-00-00 00:00:00', NULL),
	(147, 'mchecks-destroy', 'mchecks-destroy', 'Eliminar mchecks', '0000-00-00 00:00:00', '0000-00-00 00:00:00', NULL),
	(148, 'mchecks-recover', 'mchecks-recover', 'Recuperar mchecks', '0000-00-00 00:00:00', '0000-00-00 00:00:00', NULL),
	(149, 'mchecks-contentListIndex', 'mchecks-contentListIndex', 'Llena lista de mchecks', '0000-00-00 00:00:00', '0000-00-00 00:00:00', NULL),
	(150, 'checks-index', 'checks-index', 'Lista de checks', '0000-00-00 00:00:00', '0000-00-00 00:00:00', NULL),
	(151, 'checks-create', 'checks-create', 'Crear checks', '0000-00-00 00:00:00', '0000-00-00 00:00:00', NULL),
	(152, 'checks-store', 'checks-store', 'Guardar checks', '0000-00-00 00:00:00', '0000-00-00 00:00:00', NULL),
	(153, 'checks-show', 'checks-show', 'Mostrar checks', '0000-00-00 00:00:00', '0000-00-00 00:00:00', NULL),
	(154, 'checks-edit', 'checks-edit', 'Edicion de checks', '0000-00-00 00:00:00', '0000-00-00 00:00:00', NULL),
	(155, 'checks-update', 'checks-update', 'Actualizar checks', '0000-00-00 00:00:00', '0000-00-00 00:00:00', NULL),
	(156, 'checks-destroy', 'checks-destroy', 'Eliminar checks', '0000-00-00 00:00:00', '0000-00-00 00:00:00', NULL),
	(157, 'checks-recover', 'checks-recover', 'Recuperar checks', '0000-00-00 00:00:00', '0000-00-00 00:00:00', NULL),
	(158, 'checks-contentListIndex', 'checks-contentListIndex', 'Llena lista de checks', '0000-00-00 00:00:00', '0000-00-00 00:00:00', NULL),
	(159, 'checkls-index', 'checkls-index', 'Lista de checkls', '0000-00-00 00:00:00', '0000-00-00 00:00:00', NULL),
	(160, 'checkls-create', 'checkls-create', 'Crear checkls', '0000-00-00 00:00:00', '0000-00-00 00:00:00', NULL),
	(161, 'checkls-store', 'checkls-store', 'Guardar checkls', '0000-00-00 00:00:00', '0000-00-00 00:00:00', NULL),
	(162, 'checkls-show', 'checkls-show', 'Mostrar checkls', '0000-00-00 00:00:00', '0000-00-00 00:00:00', NULL),
	(163, 'checkls-edit', 'checkls-edit', 'Edicion de checkls', '0000-00-00 00:00:00', '0000-00-00 00:00:00', NULL),
	(164, 'checkls-update', 'checkls-update', 'Actualizar checkls', '0000-00-00 00:00:00', '0000-00-00 00:00:00', NULL),
	(165, 'checkls-destroy', 'checkls-destroy', 'Eliminar checkls', '0000-00-00 00:00:00', '0000-00-00 00:00:00', NULL),
	(166, 'checkls-recover', 'checkls-recover', 'Recuperar checkls', '0000-00-00 00:00:00', '0000-00-00 00:00:00', NULL),
	(167, 'checkls-contentListIndex', 'checkls-contentListIndex', 'Llena lista de checkls', '0000-00-00 00:00:00', '0000-00-00 00:00:00', NULL),
	(168, 'checks-imprimir', 'checks-imprimir', 'impresion de reportes', '0000-00-00 00:00:00', '0000-00-00 00:00:00', NULL),
	(169, 'normas-index', 'normas-index', 'Lista de normas', '0000-00-00 00:00:00', '0000-00-00 00:00:00', NULL),
	(170, 'normas-create', 'normas-create', 'Crear normas', '0000-00-00 00:00:00', '0000-00-00 00:00:00', NULL),
	(171, 'normas-store', 'normas-store', 'Guardar normas', '0000-00-00 00:00:00', '0000-00-00 00:00:00', NULL),
	(172, 'normas-show', 'normas-show', 'Mostrar normas', '0000-00-00 00:00:00', '0000-00-00 00:00:00', NULL),
	(173, 'normas-edit', 'normas-edit', 'Edicion de normas', '0000-00-00 00:00:00', '0000-00-00 00:00:00', NULL),
	(174, 'normas-update', 'normas-update', 'Actualizar normas', '0000-00-00 00:00:00', '0000-00-00 00:00:00', NULL),
	(175, 'normas-destroy', 'normas-destroy', 'Eliminar normas', '0000-00-00 00:00:00', '0000-00-00 00:00:00', NULL),
	(176, 'normas-recover', 'normas-recover', 'Recuperar normas', '0000-00-00 00:00:00', '0000-00-00 00:00:00', NULL),
	(177, 'normas-contentListIndex', 'normas-contentListIndex', 'Llena lista de normas', '0000-00-00 00:00:00', '0000-00-00 00:00:00', NULL),
	(178, 'areas-index', 'areas_index', 'index areas', '0000-00-00 00:00:00', '0000-00-00 00:00:00', '0000-00-00 00:00:00'),
	(179, 'areas-create', 'areas-create', 'Crear areas', '0000-00-00 00:00:00', '0000-00-00 00:00:00', '0000-00-00 00:00:00'),
	(180, 'areas-store', 'areas-store', 'Guardar areas', '0000-00-00 00:00:00', '0000-00-00 00:00:00', '0000-00-00 00:00:00'),
	(181, 'areas-show', 'areas-show', 'Mostrar areas', '0000-00-00 00:00:00', '0000-00-00 00:00:00', '0000-00-00 00:00:00'),
	(182, 'areas-edit', 'areas-edit', 'Edicion de areas', '0000-00-00 00:00:00', '0000-00-00 00:00:00', '0000-00-00 00:00:00'),
	(183, 'areas-update', 'areas-update', 'Actualizar areas', '0000-00-00 00:00:00', '0000-00-00 00:00:00', '0000-00-00 00:00:00'),
	(184, 'areas-destroy', 'areas-destroy', 'Eliminar areas', '0000-00-00 00:00:00', '0000-00-00 00:00:00', '0000-00-00 00:00:00'),
	(185, 'areas-recover', 'areas-recover', 'Recuperar areas', '0000-00-00 00:00:00', '0000-00-00 00:00:00', '0000-00-00 00:00:00'),
	(186, 'areas-contentListIndex', 'areas-contentListIndex', 'Llena lista de areas', '0000-00-00 00:00:00', '0000-00-00 00:00:00', '0000-00-00 00:00:00'),
	(187, 'ca_ca_docs-index', 'ca_ca_docs-index', 'Lista de ca_ca_doc', '0000-00-00 00:00:00', '0000-00-00 00:00:00', '0000-00-00 00:00:00'),
	(188, 'ca_ca_docs-create', 'ca_ca_docs-create', 'Crear ca_ca_doc', '0000-00-00 00:00:00', '0000-00-00 00:00:00', '0000-00-00 00:00:00'),
	(189, 'ca_ca_docs-store', 'ca_ca_docs-store', 'Guardar ca_ca_doc', '0000-00-00 00:00:00', '0000-00-00 00:00:00', '0000-00-00 00:00:00'),
	(190, 'ca_ca_docs-show', 'ca_ca_docs-show', 'Mostrar ca_ca_doc', '0000-00-00 00:00:00', '0000-00-00 00:00:00', '0000-00-00 00:00:00'),
	(191, 'ca_ca_docs-edit', 'ca_ca_docs-edit', 'Edicion de ca_ca_doc', '0000-00-00 00:00:00', '0000-00-00 00:00:00', '0000-00-00 00:00:00'),
	(192, 'ca_ca_docs-update', 'ca_ca_docs-update', 'Actualizar ca_ca_doc', '0000-00-00 00:00:00', '0000-00-00 00:00:00', '0000-00-00 00:00:00'),
	(193, 'ca_ca_docs-destroy', 'ca_ca_docs-destroy', 'Eliminar ca_ca_doc', '0000-00-00 00:00:00', '0000-00-00 00:00:00', '0000-00-00 00:00:00'),
	(194, 'ca_ca_docs-recover', 'ca_ca_docs-recover', 'Recuperar ca_ca_doc', '0000-00-00 00:00:00', '0000-00-00 00:00:00', '0000-00-00 00:00:00'),
	(195, 'ca_ca_docs-contentListIndex', 'ca_ca_docs-contentListIndex', 'Llena lista de ca_ca_doc', '0000-00-00 00:00:00', '0000-00-00 00:00:00', '0000-00-00 00:00:00'),
	(196, 'ca_procedimientos-index', 'ca_procedimientos-index', 'Lista de ca_procedimientos', '0000-00-00 00:00:00', '0000-00-00 00:00:00', '0000-00-00 00:00:00'),
	(197, 'ca_procedimientos-create', 'ca_procedimientos-create', 'Crear ca_procedimientos', '0000-00-00 00:00:00', '0000-00-00 00:00:00', '0000-00-00 00:00:00'),
	(198, 'ca_procedimientos-store', 'ca_procedimientos-store', 'Guardar ca_procedimientos', '0000-00-00 00:00:00', '0000-00-00 00:00:00', '0000-00-00 00:00:00'),
	(199, 'ca_procedimientos-show', 'ca_procedimientos-show', 'Mostrar ca_procedimientos', '0000-00-00 00:00:00', '0000-00-00 00:00:00', '0000-00-00 00:00:00'),
	(200, 'ca_procedimientos-edit', 'ca_procedimientos-edit', 'Edicion de ca_procedimientos', '0000-00-00 00:00:00', '0000-00-00 00:00:00', '0000-00-00 00:00:00'),
	(201, 'ca_procedimientos-update', 'ca_procedimientos-update', 'Actualizar ca_procedimientos', '0000-00-00 00:00:00', '0000-00-00 00:00:00', '0000-00-00 00:00:00'),
	(202, 'ca_procedimientos-destroy', 'ca_procedimientos-destroy', 'Eliminar ca_procedimientos', '0000-00-00 00:00:00', '0000-00-00 00:00:00', '0000-00-00 00:00:00'),
	(203, 'ca_procedimientos-recover', 'ca_procedimientos-recover', 'Recuperar ca_procedimientos', '0000-00-00 00:00:00', '0000-00-00 00:00:00', '0000-00-00 00:00:00'),
	(204, 'ca_procedimientos-contentListIndex', 'ca_procedimientos-contentListIndex', 'Llena lista de ca_procedimientos', '0000-00-00 00:00:00', '0000-00-00 00:00:00', '0000-00-00 00:00:00'),
	(205, 'ca_materiales-index', 'ca_materials-index', 'Lista de ca_materiales', '0000-00-00 00:00:00', '0000-00-00 00:00:00', '0000-00-00 00:00:00'),
	(206, 'ca_materiales-create', 'ca_materials-create', 'Crear ca_materiales', '0000-00-00 00:00:00', '0000-00-00 00:00:00', '0000-00-00 00:00:00'),
	(207, 'ca_materiales-store', 'ca_materials-store', 'Guardar ca_materiales', '0000-00-00 00:00:00', '0000-00-00 00:00:00', '0000-00-00 00:00:00'),
	(208, 'ca_materiales-show', 'ca_materials-show', 'Mostrar ca_materiales', '0000-00-00 00:00:00', '0000-00-00 00:00:00', '0000-00-00 00:00:00'),
	(209, 'ca_materiales-edit', 'ca_materials-edit', 'Edicion de ca_materiales', '0000-00-00 00:00:00', '0000-00-00 00:00:00', '0000-00-00 00:00:00'),
	(210, 'ca_materiales-update', 'ca_materials-update', 'Actualizar ca_materiales', '0000-00-00 00:00:00', '0000-00-00 00:00:00', '0000-00-00 00:00:00'),
	(211, 'ca_materiales-destroy', 'ca_materials-destroy', 'Eliminar ca_materiales', '0000-00-00 00:00:00', '0000-00-00 00:00:00', '0000-00-00 00:00:00'),
	(212, 'ca_materiales-recover', 'ca_materials-recover', 'Recuperar ca_materiales', '0000-00-00 00:00:00', '0000-00-00 00:00:00', '0000-00-00 00:00:00'),
	(213, 'ca_materiales-contentListIndex', 'ca_materials-contentListIndex', 'Llena lista de ca_materiales', '0000-00-00 00:00:00', '0000-00-00 00:00:00', '0000-00-00 00:00:00'),
	(214, 'ca_categorias-index', 'ca_categorias-index', 'Lista de ca_material', '0000-00-00 00:00:00', '0000-00-00 00:00:00', '0000-00-00 00:00:00'),
	(215, 'ca_categorias-create', 'ca_categorias-create', 'Crear ca_material', '0000-00-00 00:00:00', '0000-00-00 00:00:00', '0000-00-00 00:00:00'),
	(216, 'ca_categorias-store', 'ca_categorias-store', 'Guardar ca_material', '0000-00-00 00:00:00', '0000-00-00 00:00:00', '0000-00-00 00:00:00'),
	(217, 'ca_categorias-show', 'ca_categorias-show', 'Mostrar ca_material', '0000-00-00 00:00:00', '0000-00-00 00:00:00', '0000-00-00 00:00:00'),
	(218, 'ca_categorias-edit', 'ca_categorias-edit', 'Edicion de ca_material', '0000-00-00 00:00:00', '0000-00-00 00:00:00', '0000-00-00 00:00:00'),
	(219, 'ca_categorias-update', 'ca_categorias-update', 'Actualizar ca_material', '0000-00-00 00:00:00', '0000-00-00 00:00:00', '0000-00-00 00:00:00'),
	(220, 'ca_categorias-destroy', 'ca_categorias-destroy', 'Eliminar ca_material', '0000-00-00 00:00:00', '0000-00-00 00:00:00', '0000-00-00 00:00:00'),
	(221, 'ca_categorias-recover', 'ca_categorias-recover', 'Recuperar ca_material', '0000-00-00 00:00:00', '0000-00-00 00:00:00', '0000-00-00 00:00:00'),
	(222, 'ca_categorias-contentListIndex', 'ca_categorias-contentListIndex', 'Llena lista de ca_material', '0000-00-00 00:00:00', '0000-00-00 00:00:00', '0000-00-00 00:00:00'),
	(223, 'ca_aa_docs-index', 'ca_aa_docs-index', 'Llena lista de ca_aa_docs-index', '0000-00-00 00:00:00', '0000-00-00 00:00:00', '0000-00-00 00:00:00'),
	(224, 'ca_aa_docs-create', 'ca_aa_docs-create', 'Crear ca_aa_docs-create', '0000-00-00 00:00:00', '0000-00-00 00:00:00', '0000-00-00 00:00:00'),
	(225, 'ca_aa_docs-store', 'ca_aa_docs-store', 'Guardarca_aa_docs-store', '0000-00-00 00:00:00', '0000-00-00 00:00:00', '0000-00-00 00:00:00'),
	(226, 'ca_aa_docs-show', 'ca_aa_docs-show', 'Mostrarca_aa_docs-show', '0000-00-00 00:00:00', '0000-00-00 00:00:00', '0000-00-00 00:00:00'),
	(227, 'ca_aa_docs-edit', 'ca_aa_docs-edit', 'Edicionca_aa_docs-edit', '0000-00-00 00:00:00', '0000-00-00 00:00:00', '0000-00-00 00:00:00'),
	(228, 'ca_aa_docs-update', 'ca_aa_docs-update', 'Actualizarca_aa_docs-update', '0000-00-00 00:00:00', '0000-00-00 00:00:00', '0000-00-00 00:00:00'),
	(229, 'ca_aa_docs-destroy', 'ca_aa_docs-destroy', 'Eliminarca_aa_docs-destroy', '0000-00-00 00:00:00', '0000-00-00 00:00:00', '0000-00-00 00:00:00'),
	(230, 'ca_aa_docs-recover', 'ca_aa_docs-recover', 'Recuperarca_aa_docs-recover', '0000-00-00 00:00:00', '0000-00-00 00:00:00', '0000-00-00 00:00:00'),
	(231, 'ca_aa_docs-contentListIndex', 'ca_aa_docs-contentListIndex', 'Llena listaca_aa_docs-contentListIndex', '0000-00-00 00:00:00', '0000-00-00 00:00:00', '0000-00-00 00:00:00'),
	(232, 'ca_plantas-index', 'ca_plantas-index', 'Llena lista de ca_plantas-index', '0000-00-00 00:00:00', '0000-00-00 00:00:00', '0000-00-00 00:00:00'),
	(233, 'ca_plantas-create', 'ca_plantas-create', 'Crear ca_plantas-create', '0000-00-00 00:00:00', '0000-00-00 00:00:00', '0000-00-00 00:00:00'),
	(234, 'ca_plantas-store', 'ca_plantas-store', 'Guardarca_plantas-store', '0000-00-00 00:00:00', '0000-00-00 00:00:00', '0000-00-00 00:00:00'),
	(235, 'ca_plantas-show', 'ca_plantas-show', 'Mostrarca_plantas-show', '0000-00-00 00:00:00', '0000-00-00 00:00:00', '0000-00-00 00:00:00'),
	(236, 'ca_plantas-edit', 'ca_plantas-edit', 'Edicionca_plantas-edit', '0000-00-00 00:00:00', '0000-00-00 00:00:00', '0000-00-00 00:00:00'),
	(237, 'ca_plantas-update', 'ca_plantas-update', 'Actualizarca_plantas-update', '0000-00-00 00:00:00', '0000-00-00 00:00:00', '0000-00-00 00:00:00'),
	(238, 'ca_plantas-destroy', 'ca_plantas-destroy', 'Eliminarca_plantas-destroy', '0000-00-00 00:00:00', '0000-00-00 00:00:00', '0000-00-00 00:00:00'),
	(239, 'ca_plantas-recover', 'ca_plantas-recover', 'Recuperarca_plantas-recover', '0000-00-00 00:00:00', '0000-00-00 00:00:00', '0000-00-00 00:00:00'),
	(240, 'ca_plantas-contentListIndex', 'ca_plantas-contentListIndex', 'Llena listaca_plantas-contentListIndex', '0000-00-00 00:00:00', '0000-00-00 00:00:00', '0000-00-00 00:00:00'),
	(241, 'ca_fuentes_fijas-index', 'ca_fuentes_fijas-index', 'Llena lista de ca_fuentes_fijas-index', '0000-00-00 00:00:00', '0000-00-00 00:00:00', '0000-00-00 00:00:00'),
	(242, 'ca_fuentes_fijas-create', 'ca_fuentes_fijas-create', 'Crear ca_fuentes_fijas-create', '0000-00-00 00:00:00', '0000-00-00 00:00:00', '0000-00-00 00:00:00'),
	(243, 'ca_fuentes_fijas-store', 'ca_fuentes_fijas-store', 'Guardar ca_fuentes_fijas-store', '0000-00-00 00:00:00', '0000-00-00 00:00:00', '0000-00-00 00:00:00'),
	(244, 'ca_fuentes_fijas-show', 'ca_fuentes_fijas-show', 'Mostrar ca_fuentes_fijas-show', '0000-00-00 00:00:00', '0000-00-00 00:00:00', '0000-00-00 00:00:00'),
	(245, 'ca_fuentes_fijas-edit', 'ca_fuentes_fijas-edit', 'Edicion ca_fuentes_fijas-edit', '0000-00-00 00:00:00', '0000-00-00 00:00:00', '0000-00-00 00:00:00'),
	(246, 'ca_fuentes_fijas-update', 'ca_fuentes_fijas-update', 'Actualizar ca_fuentes_fijas-update', '0000-00-00 00:00:00', '0000-00-00 00:00:00', '0000-00-00 00:00:00'),
	(247, 'ca_fuentes_fijas-destroy', 'ca_fuentes_fijas-destroy', 'Eliminar ca_fuentes_fijas-destroy', '0000-00-00 00:00:00', '0000-00-00 00:00:00', '0000-00-00 00:00:00'),
	(248, 'ca_fuentes_fijas-recover', 'ca_fuentes_fijas-recover', 'Recuperar ca_fuentes_fijas-recover', '0000-00-00 00:00:00', '0000-00-00 00:00:00', '0000-00-00 00:00:00'),
	(249, 'ca_fuentes_fijas-contentListIndex', 'ca_fuentes_fijas-contentListIndex', 'Llena lista ca_fuentes_fijas-contentListIndex', '0000-00-00 00:00:00', '0000-00-00 00:00:00', '0000-00-00 00:00:00'),
	(250, 'ca_residuos-index', 'ca_residuos-index', 'Llena lista de ca_residuos-index', '0000-00-00 00:00:00', '0000-00-00 00:00:00', '0000-00-00 00:00:00'),
	(251, 'ca_residuos-create', 'ca_residuos-create', 'Crear ca_residuos-create', '0000-00-00 00:00:00', '0000-00-00 00:00:00', '0000-00-00 00:00:00'),
	(252, 'ca_residuos-store', 'ca_residuos-store', 'Guardar ca_residuos-store', '0000-00-00 00:00:00', '0000-00-00 00:00:00', '0000-00-00 00:00:00'),
	(253, 'ca_residuos-show', 'ca_residuos-show', 'Mostrar ca_residuos-show', '0000-00-00 00:00:00', '0000-00-00 00:00:00', '0000-00-00 00:00:00'),
	(254, 'ca_residuos-edit', 'ca_residuos-edit', 'Edicion ca_residuos-edit', '0000-00-00 00:00:00', '0000-00-00 00:00:00', '0000-00-00 00:00:00'),
	(255, 'ca_residuos-update', 'ca_residuos-update', 'Actualizar ca_residuos-update', '0000-00-00 00:00:00', '0000-00-00 00:00:00', '0000-00-00 00:00:00'),
	(256, 'ca_residuos-destroy', 'ca_residuos-destroy', 'Eliminar ca_residuos-destroy', '0000-00-00 00:00:00', '0000-00-00 00:00:00', '0000-00-00 00:00:00'),
	(257, 'ca_residuos-recover', 'ca_residuos-recover', 'Recuperar ca_residuos-recover', '0000-00-00 00:00:00', '0000-00-00 00:00:00', '0000-00-00 00:00:00'),
	(258, 'ca_residuos-contentListIndex', 'ca_residuos-contentListIndex', 'Llena lista ca_residuos-contentListIndex', '0000-00-00 00:00:00', '0000-00-00 00:00:00', '0000-00-00 00:00:00'),
	(259, 'ca_consumibles-index', 'ca_consumibles-index', 'Llena lista de ca_consumibles-index', '0000-00-00 00:00:00', '0000-00-00 00:00:00', '0000-00-00 00:00:00'),
	(260, 'ca_consumibles-create', 'ca_consumibles-create', 'Crear ca_consumibles-create', '0000-00-00 00:00:00', '0000-00-00 00:00:00', '0000-00-00 00:00:00'),
	(261, 'ca_consumibles-store', 'ca_consumibles-store', 'Guardar ca_consumibles-store', '0000-00-00 00:00:00', '0000-00-00 00:00:00', '0000-00-00 00:00:00'),
	(262, 'ca_consumibles-show', 'ca_consumibles-show', 'Mostrar ca_consumibles-show', '0000-00-00 00:00:00', '0000-00-00 00:00:00', '0000-00-00 00:00:00'),
	(263, 'ca_consumibles-edit', 'ca_consumibles-edit', 'Edicion ca_consumibles-edit', '0000-00-00 00:00:00', '0000-00-00 00:00:00', '0000-00-00 00:00:00'),
	(264, 'ca_consumibles-update', 'ca_consumibles-update', 'Actualizar ca_consumibles-update', '0000-00-00 00:00:00', '0000-00-00 00:00:00', '0000-00-00 00:00:00'),
	(265, 'ca_consumibles-destroy', 'ca_consumibles-destroy', 'Eliminar ca_consumibles-destroy', '0000-00-00 00:00:00', '0000-00-00 00:00:00', '0000-00-00 00:00:00'),
	(266, 'ca_consumibles-recover', 'ca_consumibles-recover', 'Recuperar ca_consumibles-recover', '0000-00-00 00:00:00', '0000-00-00 00:00:00', '0000-00-00 00:00:00'),
	(267, 'ca_consumibles-contentListIndex', 'ca_consumibles-contentListIndex', 'Llena lista ca_consumibles-contentListIndex', '0000-00-00 00:00:00', '0000-00-00 00:00:00', '0000-00-00 00:00:00'),
	(268, 'ca_tpo_inconformidads-index', 'ca_tpo_inconformidads-index', 'Llena lista de ca_tpo_inconformidads-index', '0000-00-00 00:00:00', '0000-00-00 00:00:00', '0000-00-00 00:00:00'),
	(269, 'ca_tpo_inconformidads-create', 'ca_tpo_inconformidads-create', 'Crear ca_tpo_inconformidads-create', '0000-00-00 00:00:00', '0000-00-00 00:00:00', '0000-00-00 00:00:00'),
	(270, 'ca_tpo_inconformidads-store', 'ca_tpo_inconformidads-store', 'Guardar ca_tpo_inconformidads-store', '0000-00-00 00:00:00', '0000-00-00 00:00:00', '0000-00-00 00:00:00'),
	(271, 'ca_tpo_inconformidads-show', 'ca_tpo_inconformidads-show', 'Mostrar ca_tpo_inconformidads-show', '0000-00-00 00:00:00', '0000-00-00 00:00:00', '0000-00-00 00:00:00'),
	(272, 'ca_tpo_inconformidads-edit', 'ca_tpo_inconformidads-edit', 'Edicion ca_tpo_inconformidads-edit', '0000-00-00 00:00:00', '0000-00-00 00:00:00', '0000-00-00 00:00:00'),
	(273, 'ca_tpo_inconformidads-update', 'ca_tpo_inconformidads-update', 'Actualizar ca_tpo_inconformidads-update', '0000-00-00 00:00:00', '0000-00-00 00:00:00', '0000-00-00 00:00:00'),
	(274, 'ca_tpo_inconformidads-destroy', 'ca_tpo_inconformidads-destroy', 'Eliminar ca_tpo_inconformidads-destroy', '0000-00-00 00:00:00', '0000-00-00 00:00:00', '0000-00-00 00:00:00'),
	(275, 'ca_tpo_inconformidads-recover', 'ca_tpo_inconformidads-recover', 'Recuperar ca_tpo_inconformidads-recover', '0000-00-00 00:00:00', '0000-00-00 00:00:00', '0000-00-00 00:00:00'),
	(276, 'ca_tpo_inconformidads-contentListIndex', 'ca_tpo_inconformidads-contentListIndex', 'Llena lista ca_tpo_inconformidads-contentListIndex', '0000-00-00 00:00:00', '0000-00-00 00:00:00', '0000-00-00 00:00:00'),
	(277, 'cs_tpo_procedimientos-index', 'cs_tpo_procedimientos-index', 'Llena lista de cs_tpo_procedimientos-index', '0000-00-00 00:00:00', '0000-00-00 00:00:00', '0000-00-00 00:00:00'),
	(278, 'cs_tpo_procedimientos-create', 'cs_tpo_procedimientos-create', 'Crear cs_tpo_procedimientos-create', '0000-00-00 00:00:00', '0000-00-00 00:00:00', '0000-00-00 00:00:00'),
	(279, 'cs_tpo_procedimientos-store', 'cs_tpo_procedimientos-store', 'Guardar cs_tpo_procedimientos-store', '0000-00-00 00:00:00', '0000-00-00 00:00:00', '0000-00-00 00:00:00'),
	(280, 'cs_tpo_procedimientos-show', 'cs_tpo_procedimientos-show', 'Mostrar cs_tpo_procedimientos-show', '0000-00-00 00:00:00', '0000-00-00 00:00:00', '0000-00-00 00:00:00'),
	(281, 'cs_tpo_procedimientos-edit', 'cs_tpo_procedimientos-edit', 'Edicion cs_tpo_procedimientos-edit', '0000-00-00 00:00:00', '0000-00-00 00:00:00', '0000-00-00 00:00:00'),
	(282, 'cs_tpo_procedimientos-update', 'cs_tpo_procedimientos-update', 'Actualizar cs_tpo_procedimientos-update', '0000-00-00 00:00:00', '0000-00-00 00:00:00', '0000-00-00 00:00:00'),
	(283, 'cs_tpo_procedimientos-destroy', 'cs_tpo_procedimientos-destroy', 'Eliminar cs_tpo_procedimientos-destroy', '0000-00-00 00:00:00', '0000-00-00 00:00:00', '0000-00-00 00:00:00'),
	(284, 'cs_tpo_procedimientos-recover', 'cs_tpo_procedimientos-recover', 'Recuperar cs_tpo_procedimientos-recover', '0000-00-00 00:00:00', '0000-00-00 00:00:00', '0000-00-00 00:00:00'),
	(285, 'cs_tpo_procedimientos-contentListIndex', 'cs_tpo_procedimientos-contentListIndex', 'Llena lista cs_tpo_procedimientos-contentListIndex', '0000-00-00 00:00:00', '0000-00-00 00:00:00', '0000-00-00 00:00:00'),
	(286, 'cs_tpo_docs-index', 'cs_tpo_docs-index', 'Llena lista de cs_tpo_docs-index', '0000-00-00 00:00:00', '0000-00-00 00:00:00', '0000-00-00 00:00:00'),
	(287, 'cs_tpo_docs-create', 'cs_tpo_docs-create', 'Crear cs_tpo_docs-create', '0000-00-00 00:00:00', '0000-00-00 00:00:00', '0000-00-00 00:00:00'),
	(288, 'cs_tpo_docs-store', 'cs_tpo_docs-store', 'Guardar cs_tpo_docs-store', '0000-00-00 00:00:00', '0000-00-00 00:00:00', '0000-00-00 00:00:00'),
	(289, 'cs_tpo_docs-show', 'cs_tpo_docs-show', 'Mostrar cs_tpo_docs-show', '0000-00-00 00:00:00', '0000-00-00 00:00:00', '0000-00-00 00:00:00'),
	(290, 'cs_tpo_docs-edit', 'cs_tpo_docs-edit', 'Edicion cs_tpo_docs-edit', '0000-00-00 00:00:00', '0000-00-00 00:00:00', '0000-00-00 00:00:00'),
	(291, 'cs_tpo_docs-update', 'cs_tpo_docs-update', 'Actualizar cs_tpo_docs-update', '0000-00-00 00:00:00', '0000-00-00 00:00:00', '0000-00-00 00:00:00'),
	(292, 'cs_tpo_docs-destroy', 'cs_tpo_docs-destroy', 'Eliminar cs_tpo_docs-destroy', '0000-00-00 00:00:00', '0000-00-00 00:00:00', '0000-00-00 00:00:00'),
	(293, 'cs_tpo_docs-recover', 'cs_tpo_docs-recover', 'Recuperar cs_tpo_docs-recover', '0000-00-00 00:00:00', '0000-00-00 00:00:00', '0000-00-00 00:00:00'),
	(294, 'cs_tpo_docs-contentListIndex', 'cs_tpo_docs-contentListIndex', 'Llena lista cs_tpo_docs-contentListIndex', '0000-00-00 00:00:00', '0000-00-00 00:00:00', '0000-00-00 00:00:00'),
	(295, 'cs_grupo_normas-index', 'cs_grupo_normas-index', 'Llena lista de cs_grupo_normas-index', '0000-00-00 00:00:00', '0000-00-00 00:00:00', '0000-00-00 00:00:00'),
	(296, 'cs_grupo_normas-create', 'cs_grupo_normas-create', 'Crear cs_grupo_normas-create', '0000-00-00 00:00:00', '0000-00-00 00:00:00', '0000-00-00 00:00:00'),
	(297, 'cs_grupo_normas-store', 'cs_grupo_normas-store', 'Guardar cs_grupo_normas-store', '0000-00-00 00:00:00', '0000-00-00 00:00:00', '0000-00-00 00:00:00'),
	(298, 'cs_grupo_normas-show', 'cs_grupo_normas-show', 'Mostrar cs_grupo_normas-show', '0000-00-00 00:00:00', '0000-00-00 00:00:00', '0000-00-00 00:00:00'),
	(299, 'cs_grupo_normas-edit', 'cs_grupo_normas-edit', 'Edicion cs_grupo_normas-edit', '0000-00-00 00:00:00', '0000-00-00 00:00:00', '0000-00-00 00:00:00'),
	(300, 'cs_grupo_normas-update', 'cs_grupo_normas-update', 'Actualizar cs_grupo_normas-update', '0000-00-00 00:00:00', '0000-00-00 00:00:00', '0000-00-00 00:00:00'),
	(301, 'cs_grupo_normas-destroy', 'cs_grupo_normas-destroy', 'Eliminar cs_grupo_normas-destroy', '0000-00-00 00:00:00', '0000-00-00 00:00:00', '0000-00-00 00:00:00'),
	(302, 'cs_grupo_normas-recover', 'cs_grupo_normas-recover', 'Recuperar cs_grupo_normas-recover', '0000-00-00 00:00:00', '0000-00-00 00:00:00', '0000-00-00 00:00:00'),
	(303, 'cs_grupo_normas-contentListIndex', 'cs_grupo_normas-contentListIndex', 'Llena lista cs_grupo_normas-contentListIndex', '0000-00-00 00:00:00', '0000-00-00 00:00:00', '0000-00-00 00:00:00'),
	(304, 'cs_normas-index', 'cs_normas-index', 'Llena lista de cs_normas-index', '0000-00-00 00:00:00', '0000-00-00 00:00:00', '0000-00-00 00:00:00'),
	(305, 'cs_normas-create', 'cs_normas-create', 'Crear cs_normas-create', '0000-00-00 00:00:00', '0000-00-00 00:00:00', '0000-00-00 00:00:00'),
	(306, 'cs_normas-store', 'cs_normas-store', 'Guardar cs_normas-store', '0000-00-00 00:00:00', '0000-00-00 00:00:00', '0000-00-00 00:00:00'),
	(307, 'cs_normas-show', 'cs_normas-show', 'Mostrar cs_normas-show', '0000-00-00 00:00:00', '0000-00-00 00:00:00', '0000-00-00 00:00:00'),
	(308, 'cs_normas-edit', 'cs_normas-edit', 'Edicion cs_normas-edit', '0000-00-00 00:00:00', '0000-00-00 00:00:00', '0000-00-00 00:00:00'),
	(309, 'cs_normas-update', 'cs_normas-update', 'Actualizar cs_normas-update', '0000-00-00 00:00:00', '0000-00-00 00:00:00', '0000-00-00 00:00:00'),
	(310, 'cs_normas-destroy', 'cs_normas-destroy', 'Eliminar cs_normas-destroy', '0000-00-00 00:00:00', '0000-00-00 00:00:00', '0000-00-00 00:00:00'),
	(311, 'cs_normas-recover', 'cs_normas-recover', 'Recuperar cs_normas-recover', '0000-00-00 00:00:00', '0000-00-00 00:00:00', '0000-00-00 00:00:00'),
	(312, 'cs_normas-contentListIndex', 'cs_normas-contentListIndex', 'Llena lista cs_normas-contentListIndex', '0000-00-00 00:00:00', '0000-00-00 00:00:00', '0000-00-00 00:00:00'),
	(313, 'cs_elementos_inspeccions-index', 'cs_elementos_inspeccions-index', 'Llena lista de cs_elementos_inspeccions-index', '0000-00-00 00:00:00', '0000-00-00 00:00:00', '0000-00-00 00:00:00'),
	(314, 'cs_elementos_inspeccions-create', 'cs_elementos_inspeccions-create', 'Crear cs_elementos_inspeccions-create', '0000-00-00 00:00:00', '0000-00-00 00:00:00', '0000-00-00 00:00:00'),
	(315, 'cs_elementos_inspeccions-store', 'cs_elementos_inspeccions-store', 'Guardar cs_elementos_inspeccions-store', '0000-00-00 00:00:00', '0000-00-00 00:00:00', '0000-00-00 00:00:00'),
	(316, 'cs_elementos_inspeccions-show', 'cs_elementos_inspeccions-show', 'Mostrar cs_elementos_inspeccions-show', '0000-00-00 00:00:00', '0000-00-00 00:00:00', '0000-00-00 00:00:00'),
	(317, 'cs_elementos_inspeccions-edit', 'cs_elementos_inspeccions-edit', 'Edicion cs_elementos_inspeccions-edit', '0000-00-00 00:00:00', '0000-00-00 00:00:00', '0000-00-00 00:00:00'),
	(318, 'cs_elementos_inspeccions-update', 'cs_elementos_inspeccions-update', 'Actualizar cs_elementos_inspeccions-update', '0000-00-00 00:00:00', '0000-00-00 00:00:00', '0000-00-00 00:00:00'),
	(319, 'cs_elementos_inspeccions-destroy', 'cs_elementos_inspeccions-destroy', 'Eliminar cs_elementos_inspeccions-destroy', '0000-00-00 00:00:00', '0000-00-00 00:00:00', '0000-00-00 00:00:00'),
	(320, 'cs_elementos_inspeccions-recover', 'cs_elementos_inspeccions-recover', 'Recuperar cs_elementos_inspeccions-recover', '0000-00-00 00:00:00', '0000-00-00 00:00:00', '0000-00-00 00:00:00'),
	(321, 'cs_elementos_inspeccions-contentListIndex', 'cs_elementos_inspeccions-contentListIndex', 'Llena lista cs_elementos_inspeccions-contentListIndex', '0000-00-00 00:00:00', '0000-00-00 00:00:00', '0000-00-00 00:00:00'),
	(322, 'cs_cat_docs-index', 'cs_cat_docs-index', 'Llena lista de cs_cat_docs-index', '0000-00-00 00:00:00', '0000-00-00 00:00:00', '0000-00-00 00:00:00'),
	(323, 'cs_cat_docs-create', 'cs_cat_docs-create', 'Crear cs_cat_docs-create', '0000-00-00 00:00:00', '0000-00-00 00:00:00', '0000-00-00 00:00:00'),
	(324, 'cs_cat_docs-store', 'cs_cat_docs-store', 'Guardar cs_cat_docs-store', '0000-00-00 00:00:00', '0000-00-00 00:00:00', '0000-00-00 00:00:00'),
	(325, 'cs_cat_docs-show', 'cs_cat_docs-show', 'Mostrar cs_cat_docs-show', '0000-00-00 00:00:00', '0000-00-00 00:00:00', '0000-00-00 00:00:00'),
	(326, 'cs_cat_docs-edit', 'cs_cat_docs-edit', 'Edicion cs_cat_docs-edit', '0000-00-00 00:00:00', '0000-00-00 00:00:00', '0000-00-00 00:00:00'),
	(327, 'cs_cat_docs-update', 'cs_cat_docs-update', 'Actualizar cs_cat_docs-update', '0000-00-00 00:00:00', '0000-00-00 00:00:00', '0000-00-00 00:00:00'),
	(328, 'cs_cat_docs-destroy', 'cs_cat_docs-destroy', 'Eliminar cs_cat_docs-destroy', '0000-00-00 00:00:00', '0000-00-00 00:00:00', '0000-00-00 00:00:00'),
	(329, 'cs_cat_docs-recover', 'cs_cat_docs-recover', 'Recuperar cs_cat_docs-recover', '0000-00-00 00:00:00', '0000-00-00 00:00:00', '0000-00-00 00:00:00'),
	(330, 'cs_cat_docs-contentListIndex', 'cs_cat_docs-contentListIndex', 'Llena lista cs_cat_docs-contentListIndex', '0000-00-00 00:00:00', '0000-00-00 00:00:00', '0000-00-00 00:00:00'),
	(331, 'cs_accidentes-index', 'cs_accidentes-index', 'Llena lista de cs_accidentes-index', '0000-00-00 00:00:00', '0000-00-00 00:00:00', '0000-00-00 00:00:00'),
	(332, 'cs_accidentes-create', 'cs_accidentes-create', 'Crear cs_accidentes-create', '0000-00-00 00:00:00', '0000-00-00 00:00:00', '0000-00-00 00:00:00'),
	(333, 'cs_accidentes-store', 'cs_accidentes-store', 'Guardar cs_accidentes-store', '0000-00-00 00:00:00', '0000-00-00 00:00:00', '0000-00-00 00:00:00'),
	(334, 'cs_accidentes-show', 'cs_accidentes-show', 'Mostrar cs_accidentes-show', '0000-00-00 00:00:00', '0000-00-00 00:00:00', '0000-00-00 00:00:00'),
	(335, 'cs_accidentes-edit', 'cs_accidentes-edit', 'Edicion cs_accidentes-edit', '0000-00-00 00:00:00', '0000-00-00 00:00:00', '0000-00-00 00:00:00'),
	(336, 'cs_accidentes-update', 'cs_accidentes-update', 'Actualizar cs_accidentes-update', '0000-00-00 00:00:00', '0000-00-00 00:00:00', '0000-00-00 00:00:00'),
	(337, 'cs_accidentes-destroy', 'cs_accidentes-destroy', 'Eliminar cs_accidentes-destroy', '0000-00-00 00:00:00', '0000-00-00 00:00:00', '0000-00-00 00:00:00'),
	(338, 'cs_accidentes-recover', 'cs_accidentes-recover', 'Recuperar cs_accidentes-recover', '0000-00-00 00:00:00', '0000-00-00 00:00:00', '0000-00-00 00:00:00'),
	(339, 'cs_accidentes-contentListIndex', 'cs_accidentes-contentListIndex', 'Llena lista cs_accidentes-contentListIndex', '0000-00-00 00:00:00', '0000-00-00 00:00:00', '0000-00-00 00:00:00'),
	(340, 'cs_acciones-index', 'cs_acciones-index', 'Llena lista de cs_acciones-index', '0000-00-00 00:00:00', '0000-00-00 00:00:00', '0000-00-00 00:00:00'),
	(341, 'cs_acciones-create', 'cs_acciones-create', 'Crear cs_acciones-create', '0000-00-00 00:00:00', '0000-00-00 00:00:00', '0000-00-00 00:00:00'),
	(342, 'cs_acciones-store', 'cs_acciones-store', 'Guardar cs_acciones-store', '0000-00-00 00:00:00', '0000-00-00 00:00:00', '0000-00-00 00:00:00'),
	(343, 'cs_acciones-show', 'cs_acciones-show', 'Mostrar cs_acciones-show', '0000-00-00 00:00:00', '0000-00-00 00:00:00', '0000-00-00 00:00:00'),
	(344, 'cs_acciones-edit', 'cs_acciones-edit', 'Edicion cs_acciones-edit', '0000-00-00 00:00:00', '0000-00-00 00:00:00', '0000-00-00 00:00:00'),
	(345, 'cs_acciones-update', 'cs_acciones-update', 'Actualizar cs_acciones-update', '0000-00-00 00:00:00', '0000-00-00 00:00:00', '0000-00-00 00:00:00'),
	(346, 'cs_acciones-destroy', 'cs_acciones-destroy', 'Eliminar cs_acciones-destroy', '0000-00-00 00:00:00', '0000-00-00 00:00:00', '0000-00-00 00:00:00'),
	(347, 'cs_acciones-recover', 'cs_acciones-recover', 'Recuperar cs_acciones-recover', '0000-00-00 00:00:00', '0000-00-00 00:00:00', '0000-00-00 00:00:00'),
	(348, 'cs_acciones-contentListIndex', 'cs_acciones-contentListIndex', 'Llena lista cs_acciones-contentListIndex', '0000-00-00 00:00:00', '0000-00-00 00:00:00', '0000-00-00 00:00:00'),
	(349, 'cs_enfermedades-index', 'cs_enfermedades-index', 'Llena lista de cs_enfermedades-index', '0000-00-00 00:00:00', '0000-00-00 00:00:00', '0000-00-00 00:00:00'),
	(350, 'cs_enfermedades-create', 'cs_enfermedades-create', 'Crear cs_enfermedades-create', '0000-00-00 00:00:00', '0000-00-00 00:00:00', '0000-00-00 00:00:00'),
	(351, 'cs_enfermedades-store', 'cs_enfermedades-store', 'Guardar cs_enfermedades-store', '0000-00-00 00:00:00', '0000-00-00 00:00:00', '0000-00-00 00:00:00'),
	(352, 'cs_enfermedades-show', 'cs_enfermedades-show', 'Mostrar cs_enfermedades-show', '0000-00-00 00:00:00', '0000-00-00 00:00:00', '0000-00-00 00:00:00'),
	(353, 'cs_enfermedades-edit', 'cs_enfermedades-edit', 'Edicion cs_enfermedades-edit', '0000-00-00 00:00:00', '0000-00-00 00:00:00', '0000-00-00 00:00:00'),
	(354, 'cs_enfermedades-update', 'cs_enfermedades-update', 'Actualizar cs_enfermedades-update', '0000-00-00 00:00:00', '0000-00-00 00:00:00', '0000-00-00 00:00:00'),
	(355, 'cs_enfermedades-destroy', 'cs_enfermedades-destroy', 'Eliminar cs_enfermedades-destroy', '0000-00-00 00:00:00', '0000-00-00 00:00:00', '0000-00-00 00:00:00'),
	(356, 'cs_enfermedades-recover', 'cs_enfermedades-recover', 'Recuperar cs_enfermedades-recover', '0000-00-00 00:00:00', '0000-00-00 00:00:00', '0000-00-00 00:00:00'),
	(357, 'cs_enfermedades-contentListIndex', 'cs_enfermedades-contentListIndex', 'Llena lista cs_enfermedades-contentListIndex', '0000-00-00 00:00:00', '0000-00-00 00:00:00', '0000-00-00 00:00:00'),
	(358, 'cs_tpo_inconformidades-index', 'cs_tpo_inconformidades-index', 'Llena lista de cs_tpo_inconformidades-index', '0000-00-00 00:00:00', '0000-00-00 00:00:00', '0000-00-00 00:00:00'),
	(359, 'cs_tpo_inconformidades-create', 'cs_tpo_inconformidades-create', 'Crear cs_tpo_inconformidades-create', '0000-00-00 00:00:00', '0000-00-00 00:00:00', '0000-00-00 00:00:00'),
	(360, 'cs_tpo_inconformidades-store', 'cs_tpo_inconformidades-store', 'Guardar cs_tpo_inconformidades-store', '0000-00-00 00:00:00', '0000-00-00 00:00:00', '0000-00-00 00:00:00'),
	(361, 'cs_tpo_inconformidades-show', 'cs_tpo_inconformidades-show', 'Mostrar cs_tpo_inconformidades-show', '0000-00-00 00:00:00', '0000-00-00 00:00:00', '0000-00-00 00:00:00'),
	(362, 'cs_tpo_inconformidades-edit', 'cs_tpo_inconformidades-edit', 'Edicion cs_tpo_inconformidades-edit', '0000-00-00 00:00:00', '0000-00-00 00:00:00', '0000-00-00 00:00:00'),
	(363, 'cs_tpo_inconformidades-update', 'cs_tpo_inconformidades-update', 'Actualizar cs_tpo_inconformidades-update', '0000-00-00 00:00:00', '0000-00-00 00:00:00', '0000-00-00 00:00:00'),
	(364, 'cs_tpo_inconformidades-destroy', 'cs_tpo_inconformidades-destroy', 'Eliminar cs_tpo_inconformidades-destroy', '0000-00-00 00:00:00', '0000-00-00 00:00:00', '0000-00-00 00:00:00'),
	(365, 'cs_tpo_inconformidades-recover', 'cs_tpo_inconformidades-recover', 'Recuperar cs_tpo_inconformidades-recover', '0000-00-00 00:00:00', '0000-00-00 00:00:00', '0000-00-00 00:00:00'),
	(366, 'cs_tpo_inconformidades-contentListIndex', 'cs_tpo_inconformidades-contentListIndex', 'Llena lista cs_tpo_inconformidades-contentListIndex', '0000-00-00 00:00:00', '0000-00-00 00:00:00', '0000-00-00 00:00:00'),
	(367, 'puestos-index', 'puestos-index', 'Llena lista de puestos-index', '0000-00-00 00:00:00', '0000-00-00 00:00:00', '0000-00-00 00:00:00'),
	(368, 'puestos-create', 'puestos-create', 'Crear puestos-create', '0000-00-00 00:00:00', '0000-00-00 00:00:00', '0000-00-00 00:00:00'),
	(369, 'puestos-store', 'puestos-store', 'Guardar puestos-store', '0000-00-00 00:00:00', '0000-00-00 00:00:00', '0000-00-00 00:00:00'),
	(370, 'puestos-show', 'puestos-show', 'Mostrar puestos-show', '0000-00-00 00:00:00', '0000-00-00 00:00:00', '0000-00-00 00:00:00'),
	(371, 'puestos-edit', 'puestos-edit', 'Edicion puestos-edit', '0000-00-00 00:00:00', '0000-00-00 00:00:00', '0000-00-00 00:00:00'),
	(372, 'puestos-update', 'puestos-update', 'Actualizar puestos-update', '0000-00-00 00:00:00', '0000-00-00 00:00:00', '0000-00-00 00:00:00'),
	(373, 'puestos-destroy', 'puestos-destroy', 'Eliminar puestos-destroy', '0000-00-00 00:00:00', '0000-00-00 00:00:00', '0000-00-00 00:00:00'),
	(374, 'puestos-recover', 'puestos-recover', 'Recuperar puestos-recover', '0000-00-00 00:00:00', '0000-00-00 00:00:00', '0000-00-00 00:00:00'),
	(375, 'puestos-contentListIndex', 'puestos-contentListIndex', 'Llena lista puestos-contentListIndex', '0000-00-00 00:00:00', '0000-00-00 00:00:00', '0000-00-00 00:00:00'),
	(376, 'empleados-index', 'empleados-index', 'Llena lista de empleados-index', '0000-00-00 00:00:00', '0000-00-00 00:00:00', '0000-00-00 00:00:00'),
	(377, 'empleados-create', 'empleados-create', 'Crear empleados-create', '0000-00-00 00:00:00', '0000-00-00 00:00:00', '0000-00-00 00:00:00'),
	(378, 'empleados-store', 'empleados-store', 'Guardar empleados-store', '0000-00-00 00:00:00', '0000-00-00 00:00:00', '0000-00-00 00:00:00'),
	(379, 'empleados-show', 'empleados-show', 'Mostrar empleados-show', '0000-00-00 00:00:00', '0000-00-00 00:00:00', '0000-00-00 00:00:00'),
	(380, 'empleados-edit', 'empleados-edit', 'Edicion empleados-edit', '0000-00-00 00:00:00', '0000-00-00 00:00:00', '0000-00-00 00:00:00'),
	(381, 'empleados-update', 'empleados-update', 'Actualizar empleados-update', '0000-00-00 00:00:00', '0000-00-00 00:00:00', '0000-00-00 00:00:00'),
	(382, 'empleados-destroy', 'empleados-destroy', 'Eliminar empleados-destroy', '0000-00-00 00:00:00', '0000-00-00 00:00:00', '0000-00-00 00:00:00'),
	(383, 'empleados-recover', 'empleados-recover', 'Recuperar empleados-recover', '0000-00-00 00:00:00', '0000-00-00 00:00:00', '0000-00-00 00:00:00'),
	(384, 'empleados-contentListIndex', 'empleados-contentListIndex', 'Llena lista empleados-contentListIndex', '0000-00-00 00:00:00', '0000-00-00 00:00:00', '0000-00-00 00:00:00'),
	(385, 'a_archivos-index', 'a_archivos-index', 'Llena lista de a_archivos-index', '0000-00-00 00:00:00', '0000-00-00 00:00:00', '0000-00-00 00:00:00'),
	(386, 'a_archivos-create', 'a_archivos-create', 'Crear a_archivos-create', '0000-00-00 00:00:00', '0000-00-00 00:00:00', '0000-00-00 00:00:00'),
	(387, 'a_archivos-store', 'a_archivos-store', 'Guardar a_archivos-store', '0000-00-00 00:00:00', '0000-00-00 00:00:00', '0000-00-00 00:00:00'),
	(388, 'a_archivos-show', 'a_archivos-show', 'Mostrar a_archivos-show', '0000-00-00 00:00:00', '0000-00-00 00:00:00', '0000-00-00 00:00:00'),
	(389, 'a_archivos-edit', 'a_archivos-edit', 'Edicion a_archivos-edit', '0000-00-00 00:00:00', '0000-00-00 00:00:00', '0000-00-00 00:00:00'),
	(390, 'a_archivos-update', 'a_archivos-update', 'Actualizar a_archivos-update', '0000-00-00 00:00:00', '0000-00-00 00:00:00', '0000-00-00 00:00:00'),
	(391, 'a_archivos-destroy', 'a_archivos-destroy', 'Eliminar a_archivos-destroy', '0000-00-00 00:00:00', '0000-00-00 00:00:00', '0000-00-00 00:00:00'),
	(392, 'a_archivos-recover', 'a_archivos-recover', 'Recuperar a_archivos-recover', '0000-00-00 00:00:00', '0000-00-00 00:00:00', '0000-00-00 00:00:00'),
	(393, 'a_archivos-contentListIndex', 'a_archivos-contentListIndex', 'Llena lista a_archivos-contentListIndex', '0000-00-00 00:00:00', '0000-00-00 00:00:00', '0000-00-00 00:00:00'),
	(394, 'a_archivos-comentarioEstatus', 'a_archivos-comentarioEstatus', 'Cambio de estatatus de a_archivos.comentarioEstatus', '0000-00-00 00:00:00', '0000-00-00 00:00:00', NULL),
	(396, 'a_procedimientos-index', 'a_procedimientos-index', 'Llena lista de a_procedimientos-index', '0000-00-00 00:00:00', '0000-00-00 00:00:00', '0000-00-00 00:00:00'),
	(397, 'a_procedimientos-create', 'a_procedimientos-create', 'Crear a_procedimientos-create', '0000-00-00 00:00:00', '0000-00-00 00:00:00', '0000-00-00 00:00:00'),
	(398, 'a_procedimientos-store', 'a_procedimientos-store', 'Guardar a_procedimientos-store', '0000-00-00 00:00:00', '0000-00-00 00:00:00', '0000-00-00 00:00:00'),
	(399, 'a_procedimientos-show', 'a_procedimientos-show', 'Mostrar a_procedimientos-show', '0000-00-00 00:00:00', '0000-00-00 00:00:00', '0000-00-00 00:00:00'),
	(400, 'a_procedimientos-edit', 'a_procedimientos-edit', 'Edicion a_procedimientos-edit', '0000-00-00 00:00:00', '0000-00-00 00:00:00', '0000-00-00 00:00:00'),
	(401, 'a_procedimientos-update', 'a_procedimientos-update', 'Actualizar a_procedimientos-update', '0000-00-00 00:00:00', '0000-00-00 00:00:00', '0000-00-00 00:00:00'),
	(402, 'a_procedimientos-destroy', 'a_procedimientos-destroy', 'Eliminar a_procedimientos-destroy', '0000-00-00 00:00:00', '0000-00-00 00:00:00', '0000-00-00 00:00:00'),
	(403, 'a_procedimientos-recover', 'a_procedimientos-recover', 'Recuperar a_procedimientos-recover', '0000-00-00 00:00:00', '0000-00-00 00:00:00', '0000-00-00 00:00:00'),
	(404, 'a_procedimientos-contentListIndex', 'a_procedimientos-contentListIndex', 'Llena lista a_procedimientos-contentListIndex', '0000-00-00 00:00:00', '0000-00-00 00:00:00', '0000-00-00 00:00:00'),
	(405, 'a_procedimientos-comentarioEstatus', 'a_procedimientos-comentarioEstatus', 'Cambio de estatus de a_procedimientos-comentarioEstatus', '0000-00-00 00:00:00', '0000-00-00 00:00:00', NULL),
	(406, 'a_rr_ambientales-comentarioEstatus', 'a_rr_ambientales-comentarioEstatus', 'cambio de estatus en a_rr_ambientales', '0000-00-00 00:00:00', '0000-00-00 00:00:00', '0000-00-00 00:00:00'),
	(407, 'a_rr_ambientales-index', 'a_rr_ambientales-index', 'Llena lista de a_rr_ambientales-index', '0000-00-00 00:00:00', '0000-00-00 00:00:00', '0000-00-00 00:00:00'),
	(408, 'a_rr_ambientales-create', 'a_rr_ambientales-create', 'Crear a_rr_ambientales-create', '0000-00-00 00:00:00', '0000-00-00 00:00:00', '0000-00-00 00:00:00'),
	(409, 'a_rr_ambientales-store', 'a_rr_ambientales-store', 'Guardar a_rr_ambientales-store', '0000-00-00 00:00:00', '0000-00-00 00:00:00', '0000-00-00 00:00:00'),
	(410, 'a_rr_ambientales-show', 'a_rr_ambientales-show', 'Mostrar a_rr_ambientales-show', '0000-00-00 00:00:00', '0000-00-00 00:00:00', '0000-00-00 00:00:00'),
	(411, 'a_rr_ambientales-edit', 'a_rr_ambientales-edit', 'Edicion a_rr_ambientales-edit', '0000-00-00 00:00:00', '0000-00-00 00:00:00', '0000-00-00 00:00:00'),
	(412, 'a_rr_ambientales-update', 'a_rr_ambientales-update', 'Actualizar a_rr_ambientales-update', '0000-00-00 00:00:00', '0000-00-00 00:00:00', '0000-00-00 00:00:00'),
	(413, 'a_rr_ambientales-destroy', 'a_rr_ambientales-destroy', 'Eliminar a_rr_ambientales-destroy', '0000-00-00 00:00:00', '0000-00-00 00:00:00', '0000-00-00 00:00:00'),
	(414, 'a_rr_ambientales-recover', 'a_rr_ambientales-recover', 'Recuperar a_rr_ambientales-recover', '0000-00-00 00:00:00', '0000-00-00 00:00:00', '0000-00-00 00:00:00'),
	(415, 'a_rr_ambientales-contentListIndex', 'a_rr_ambientales-contentListIndex', 'Llena lista a_rr_ambientales-contentListIndex', '0000-00-00 00:00:00', '0000-00-00 00:00:00', '0000-00-00 00:00:00'),
	(416, 'bitacora_ffs-index', 'bitacora_ffs-index', 'Llena lista de bitacora_ffs-index', '0000-00-00 00:00:00', '0000-00-00 00:00:00', '0000-00-00 00:00:00'),
	(417, 'bitacora_ffs-create', 'bitacora_ffs-create', 'Crear bitacora_ffs-create', '0000-00-00 00:00:00', '0000-00-00 00:00:00', '0000-00-00 00:00:00'),
	(418, 'bitacora_ffs-store', 'bitacora_ffs-store', 'Guardar bitacora_ffs-store', '0000-00-00 00:00:00', '0000-00-00 00:00:00', '0000-00-00 00:00:00'),
	(419, 'bitacora_ffs-show', 'bitacora_ffs-show', 'Mostrar bitacora_ffs-show', '0000-00-00 00:00:00', '0000-00-00 00:00:00', '0000-00-00 00:00:00'),
	(420, 'bitacora_ffs-edit', 'bitacora_ffs-edit', 'Edicion bitacora_ffs-edit', '0000-00-00 00:00:00', '0000-00-00 00:00:00', '0000-00-00 00:00:00'),
	(421, 'bitacora_ffs-update', 'bitacora_ffs-update', 'Actualizar bitacora_ffs-update', '0000-00-00 00:00:00', '0000-00-00 00:00:00', '0000-00-00 00:00:00'),
	(422, 'bitacora_ffs-destroy', 'bitacora_ffs-destroy', 'Eliminar bitacora_ffs-destroy', '0000-00-00 00:00:00', '0000-00-00 00:00:00', '0000-00-00 00:00:00'),
	(423, 'bitacora_ffs-recover', 'bitacora_ffs-recover', 'Recuperar bitacora_ffs-recover', '0000-00-00 00:00:00', '0000-00-00 00:00:00', '0000-00-00 00:00:00'),
	(424, 'bitacora_ffs-contentListIndex', 'bitacora_ffs-contentListIndex', 'Llena lista bitacora_ffs-contentListIndex', '0000-00-00 00:00:00', '0000-00-00 00:00:00', '0000-00-00 00:00:00'),
	(425, 'bitacora_plantas-index', 'bitacora_plantas-index', 'Llena lista de bitacora_plantas-index', '0000-00-00 00:00:00', '0000-00-00 00:00:00', '0000-00-00 00:00:00'),
	(426, 'bitacora_plantas-create', 'bitacora_plantas-create', 'Crear bitacora_plantas-create', '0000-00-00 00:00:00', '0000-00-00 00:00:00', '0000-00-00 00:00:00'),
	(427, 'bitacora_plantas-store', 'bitacora_plantas-store', 'Guardar bitacora_plantas-store', '0000-00-00 00:00:00', '0000-00-00 00:00:00', '0000-00-00 00:00:00'),
	(428, 'bitacora_plantas-show', 'bitacora_plantas-show', 'Mostrar bitacora_plantas-show', '0000-00-00 00:00:00', '0000-00-00 00:00:00', '0000-00-00 00:00:00'),
	(429, 'bitacora_plantas-edit', 'bitacora_plantas-edit', 'Edicion bitacora_plantas-edit', '0000-00-00 00:00:00', '0000-00-00 00:00:00', '0000-00-00 00:00:00'),
	(430, 'bitacora_plantas-update', 'bitacora_plantas-update', 'Actualizar bitacora_plantas-update', '0000-00-00 00:00:00', '0000-00-00 00:00:00', '0000-00-00 00:00:00'),
	(431, 'bitacora_plantas-destroy', 'bitacora_plantas-destroy', 'Eliminar bitacora_plantas-destroy', '0000-00-00 00:00:00', '0000-00-00 00:00:00', '0000-00-00 00:00:00'),
	(432, 'bitacora_plantas-recover', 'bitacora_plantas-recover', 'Recuperar bitacora_plantas-recover', '0000-00-00 00:00:00', '0000-00-00 00:00:00', '0000-00-00 00:00:00'),
	(433, 'bitacora_plantas-contentListIndex', 'bitacora_plantas-contentListIndex', 'Llena lista bitacora_plantas-contentListIndex', '0000-00-00 00:00:00', '0000-00-00 00:00:00', '0000-00-00 00:00:00'),
	(434, 'bitacora_residuos-index', 'bitacora_residuos-index', 'Llena lista de bitacora_residuos-index', '0000-00-00 00:00:00', '0000-00-00 00:00:00', '0000-00-00 00:00:00'),
	(435, 'bitacora_residuos-create', 'bitacora_residuos-create', 'Crear bitacora_residuos-create', '0000-00-00 00:00:00', '0000-00-00 00:00:00', '0000-00-00 00:00:00'),
	(436, 'bitacora_residuos-store', 'bitacora_residuos-store', 'Guardar bitacora_residuos-store', '0000-00-00 00:00:00', '0000-00-00 00:00:00', '0000-00-00 00:00:00'),
	(437, 'bitacora_residuos-show', 'bitacora_residuos-show', 'Mostrar bitacora_residuos-show', '0000-00-00 00:00:00', '0000-00-00 00:00:00', '0000-00-00 00:00:00'),
	(438, 'bitacora_residuos-edit', 'bitacora_residuos-edit', 'Edicion bitacora_residuos-edit', '0000-00-00 00:00:00', '0000-00-00 00:00:00', '0000-00-00 00:00:00'),
	(439, 'bitacora_residuos-update', 'bitacora_residuos-update', 'Actualizar bitacora_residuos-update', '0000-00-00 00:00:00', '0000-00-00 00:00:00', '0000-00-00 00:00:00'),
	(440, 'bitacora_residuos-destroy', 'bitacora_residuos-destroy', 'Eliminar bitacora_residuos-destroy', '0000-00-00 00:00:00', '0000-00-00 00:00:00', '0000-00-00 00:00:00'),
	(441, 'bitacora_residuos-recover', 'bitacora_residuos-recover', 'Recuperar bitacora_residuos-recover', '0000-00-00 00:00:00', '0000-00-00 00:00:00', '0000-00-00 00:00:00'),
	(442, 'bitacora_residuos-contentListIndex', 'bitacora_residuos-contentListIndex', 'Llena lista bitacora_residuos-contentListIndex', '0000-00-00 00:00:00', '0000-00-00 00:00:00', '0000-00-00 00:00:00'),
	(443, 'bitacora_consumibles-index', 'bitacora_consumibles-index', 'Llena lista de bitacora_consumibles-index', '0000-00-00 00:00:00', '0000-00-00 00:00:00', '0000-00-00 00:00:00'),
	(444, 'bitacora_consumibles-create', 'bitacora_consumibles-create', 'Crear bitacora_consumibles-create', '0000-00-00 00:00:00', '0000-00-00 00:00:00', '0000-00-00 00:00:00'),
	(445, 'bitacora_consumibles-store', 'bitacora_consumibles-store', 'Guardar bitacora_consumibles-store', '0000-00-00 00:00:00', '0000-00-00 00:00:00', '0000-00-00 00:00:00'),
	(446, 'bitacora_consumibles-show', 'bitacora_consumibles-show', 'Mostrar bitacora_consumibles-show', '0000-00-00 00:00:00', '0000-00-00 00:00:00', '0000-00-00 00:00:00'),
	(447, 'bitacora_consumibles-edit', 'bitacora_consumibles-edit', 'Edicion bitacora_consumibles-edit', '0000-00-00 00:00:00', '0000-00-00 00:00:00', '0000-00-00 00:00:00'),
	(448, 'bitacora_consumibles-update', 'bitacora_consumibles-update', 'Actualizar bitacora_consumibles-update', '0000-00-00 00:00:00', '0000-00-00 00:00:00', '0000-00-00 00:00:00'),
	(449, 'bitacora_consumibles-destroy', 'bitacora_consumibles-destroy', 'Eliminar bitacora_consumibles-destroy', '0000-00-00 00:00:00', '0000-00-00 00:00:00', '0000-00-00 00:00:00'),
	(450, 'bitacora_consumibles-recover', 'bitacora_consumibles-recover', 'Recuperar bitacora_consumibles-recover', '0000-00-00 00:00:00', '0000-00-00 00:00:00', '0000-00-00 00:00:00'),
	(451, 'bitacora_consumibles-contentListIndex', 'bitacora_consumibles-contentListIndex', 'Llena lista bitacora_consumibles-contentListIndex', '0000-00-00 00:00:00', '0000-00-00 00:00:00', '0000-00-00 00:00:00'),
	(452, 'bitacora_pendientes-index', 'bitacora_pendientes-index', 'Llena lista de bitacora_pendientes-index', '0000-00-00 00:00:00', '0000-00-00 00:00:00', '0000-00-00 00:00:00'),
	(453, 'bitacora_pendientes-create', 'bitacora_pendientes-create', 'Crear bitacora_pendientes-create', '0000-00-00 00:00:00', '0000-00-00 00:00:00', '0000-00-00 00:00:00'),
	(454, 'bitacora_pendientes-store', 'bitacora_pendientes-store', 'Guardar bitacora_pendientes-store', '0000-00-00 00:00:00', '0000-00-00 00:00:00', '0000-00-00 00:00:00'),
	(455, 'bitacora_pendientes-show', 'bitacora_pendientes-show', 'Mostrar bitacora_pendientes-show', '0000-00-00 00:00:00', '0000-00-00 00:00:00', '0000-00-00 00:00:00'),
	(456, 'bitacora_pendientes-edit', 'bitacora_pendientes-edit', 'Edicion bitacora_pendientes-edit', '0000-00-00 00:00:00', '0000-00-00 00:00:00', '0000-00-00 00:00:00'),
	(457, 'bitacora_pendientes-update', 'bitacora_pendientes-update', 'Actualizar bitacora_pendientes-update', '0000-00-00 00:00:00', '0000-00-00 00:00:00', '0000-00-00 00:00:00'),
	(458, 'bitacora_pendientes-destroy', 'bitacora_pendientes-destroy', 'Eliminar bitacora_pendientes-destroy', '0000-00-00 00:00:00', '0000-00-00 00:00:00', '0000-00-00 00:00:00'),
	(459, 'bitacora_pendientes-recover', 'bitacora_pendientes-recover', 'Recuperar bitacora_pendientes-recover', '0000-00-00 00:00:00', '0000-00-00 00:00:00', '0000-00-00 00:00:00'),
	(460, 'bitacora_pendientes-contentListIndex', 'bitacora_pendientes-contentListIndex', 'Llena lista bitacora_pendientes-contentListIndex', '0000-00-00 00:00:00', '0000-00-00 00:00:00', '0000-00-00 00:00:00'),
	(461, 'bitacora_pendientes-comentarioEstatus', 'bitacora_pendientes-comentarioEstatus', 'Cambio de estatus en bitacora_pendiente.comentarioEstatus', '0000-00-00 00:00:00', '0000-00-00 00:00:00', '0000-00-00 00:00:00'),
	(462, 'a_no_conformidades-index', 'a_no_conformidades-index', 'Llena lista de a_no_conformidades-index', '0000-00-00 00:00:00', '0000-00-00 00:00:00', '0000-00-00 00:00:00'),
	(463, 'a_no_conformidades-create', 'a_no_conformidades-create', 'Crear a_no_conformidades-create', '0000-00-00 00:00:00', '0000-00-00 00:00:00', '0000-00-00 00:00:00'),
	(464, 'a_no_conformidades-store', 'a_no_conformidades-store', 'Guardar a_no_conformidades-store', '0000-00-00 00:00:00', '0000-00-00 00:00:00', '0000-00-00 00:00:00'),
	(465, 'a_no_conformidades-show', 'a_no_conformidades-show', 'Mostrar a_no_conformidades-show', '0000-00-00 00:00:00', '0000-00-00 00:00:00', '0000-00-00 00:00:00'),
	(466, 'a_no_conformidades-edit', 'a_no_conformidades-edit', 'Edicion a_no_conformidades-edit', '0000-00-00 00:00:00', '0000-00-00 00:00:00', '0000-00-00 00:00:00'),
	(467, 'a_no_conformidades-update', 'a_no_conformidades-update', 'Actualizar a_no_conformidades-update', '0000-00-00 00:00:00', '0000-00-00 00:00:00', '0000-00-00 00:00:00'),
	(468, 'a_no_conformidades-destroy', 'a_no_conformidades-destroy', 'Eliminar a_no_conformidades-destroy', '0000-00-00 00:00:00', '0000-00-00 00:00:00', '0000-00-00 00:00:00'),
	(469, 'a_no_conformidades-recover', 'a_no_conformidades-recover', 'Recuperar a_no_conformidades-recover', '0000-00-00 00:00:00', '0000-00-00 00:00:00', '0000-00-00 00:00:00'),
	(470, 'a_no_conformidades-contentListIndex', 'a_no_conformidades-contentListIndex', 'Llena lista a_no_conformidades-contentListIndex', '0000-00-00 00:00:00', '0000-00-00 00:00:00', '0000-00-00 00:00:00'),
	(471, 'a_no_conformidades-comentarioEstatus', 'a_no_conformidades-comentarioEstatus', 'Cambio de estatus a_no_conformidades-comentarioEstatus', '0000-00-00 00:00:00', '0000-00-00 00:00:00', '0000-00-00 00:00:00'),
	(472, 's_procedimientos-index', 's_procedimientos-index', 'Llena lista de s_procedimientos-index', '0000-00-00 00:00:00', '0000-00-00 00:00:00', '0000-00-00 00:00:00'),
	(473, 's_procedimientos-create', 's_procedimientos-create', 'Crear s_procedimientos-create', '0000-00-00 00:00:00', '0000-00-00 00:00:00', '0000-00-00 00:00:00'),
	(474, 's_procedimientos-store', 's_procedimientos-store', 'Guardar s_procedimientos-store', '0000-00-00 00:00:00', '0000-00-00 00:00:00', '0000-00-00 00:00:00'),
	(475, 's_procedimientos-show', 's_procedimientos-show', 'Mostrar s_procedimientos-show', '0000-00-00 00:00:00', '0000-00-00 00:00:00', '0000-00-00 00:00:00'),
	(476, 's_procedimientos-edit', 's_procedimientos-edit', 'Edicion s_procedimientos-edit', '0000-00-00 00:00:00', '0000-00-00 00:00:00', '0000-00-00 00:00:00'),
	(477, 's_procedimientos-update', 's_procedimientos-update', 'Actualizar s_procedimientos-update', '0000-00-00 00:00:00', '0000-00-00 00:00:00', '0000-00-00 00:00:00'),
	(478, 's_procedimientos-destroy', 's_procedimientos-destroy', 'Eliminar s_procedimientos-destroy', '0000-00-00 00:00:00', '0000-00-00 00:00:00', '0000-00-00 00:00:00'),
	(479, 's_procedimientos-recover', 's_procedimientos-recover', 'Recuperar s_procedimientos-recover', '0000-00-00 00:00:00', '0000-00-00 00:00:00', '0000-00-00 00:00:00'),
	(480, 's_procedimientos-contentListIndex', 's_procedimientos-contentListIndex', 'Llena lista s_procedimientos-contentListIndex', '0000-00-00 00:00:00', '0000-00-00 00:00:00', '0000-00-00 00:00:00'),
	(481, 's_procedimiento-comentarioEstatus', 's_procedimiento-comentarioEstatus', 'Cambio de estatus a s_procedimiento-comentarioEstatus', '0000-00-00 00:00:00', '0000-00-00 00:00:00', NULL),
	(482, 's_registros-index', 's_registros-index', 'Llena lista de s_registros-index', '0000-00-00 00:00:00', '0000-00-00 00:00:00', '0000-00-00 00:00:00'),
	(483, 's_registros-create', 's_registros-create', 'Crear s_registros-create', '0000-00-00 00:00:00', '0000-00-00 00:00:00', '0000-00-00 00:00:00'),
	(484, 's_registros-store', 's_registros-store', 'Guardar s_registros-store', '0000-00-00 00:00:00', '0000-00-00 00:00:00', '0000-00-00 00:00:00'),
	(485, 's_registros-show', 's_registros-show', 'Mostrar s_registros-show', '0000-00-00 00:00:00', '0000-00-00 00:00:00', '0000-00-00 00:00:00'),
	(486, 's_registros-edit', 's_registros-edit', 'Edicion s_registros-edit', '0000-00-00 00:00:00', '0000-00-00 00:00:00', '0000-00-00 00:00:00'),
	(487, 's_registros-update', 's_registros-update', 'Actualizar s_registros-update', '0000-00-00 00:00:00', '0000-00-00 00:00:00', '0000-00-00 00:00:00'),
	(488, 's_registros-destroy', 's_registros-destroy', 'Eliminar s_registros-destroy', '0000-00-00 00:00:00', '0000-00-00 00:00:00', '0000-00-00 00:00:00'),
	(489, 's_registros-recover', 's_registros-recover', 'Recuperar s_registros-recover', '0000-00-00 00:00:00', '0000-00-00 00:00:00', '0000-00-00 00:00:00'),
	(490, 's_registros-contentListIndex', 's_registros-contentListIndex', 'Llena lista s_registros-contentListIndex', '0000-00-00 00:00:00', '0000-00-00 00:00:00', '0000-00-00 00:00:00'),
	(491, 's_registros-comentarioEstatus', 's_registros-comentarioEstatus', 'Cambia estatus de s_registros-comentarioEstatus', '0000-00-00 00:00:00', '0000-00-00 00:00:00', '0000-00-00 00:00:00'),
	(492, 'bitacora_seguridads-index', 'bitacora_seguridads-index', 'Llena lista de bitacora_seguridads-index', '0000-00-00 00:00:00', '0000-00-00 00:00:00', '0000-00-00 00:00:00'),
	(493, 'bitacora_seguridads-create', 'bitacora_seguridads-create', 'Crear bitacora_seguridads-create', '0000-00-00 00:00:00', '0000-00-00 00:00:00', '0000-00-00 00:00:00'),
	(494, 'bitacora_seguridads-store', 'bitacora_seguridads-store', 'Guardar bitacora_seguridads-store', '0000-00-00 00:00:00', '0000-00-00 00:00:00', '0000-00-00 00:00:00'),
	(495, 'bitacora_seguridads-show', 'bitacora_seguridads-show', 'Mostrar bitacora_seguridads-show', '0000-00-00 00:00:00', '0000-00-00 00:00:00', '0000-00-00 00:00:00'),
	(496, 'bitacora_seguridads-edit', 'bitacora_seguridads-edit', 'Edicion bitacora_seguridads-edit', '0000-00-00 00:00:00', '0000-00-00 00:00:00', '0000-00-00 00:00:00'),
	(497, 'bitacora_seguridads-update', 'bitacora_seguridads-update', 'Actualizar bitacora_seguridads-update', '0000-00-00 00:00:00', '0000-00-00 00:00:00', '0000-00-00 00:00:00'),
	(498, 'bitacora_seguridads-destroy', 'bitacora_seguridads-destroy', 'Eliminar bitacora_seguridads-destroy', '0000-00-00 00:00:00', '0000-00-00 00:00:00', '0000-00-00 00:00:00'),
	(499, 'bitacora_seguridads-recover', 'bitacora_seguridads-recover', 'Recuperar bitacora_seguridads-recover', '0000-00-00 00:00:00', '0000-00-00 00:00:00', '0000-00-00 00:00:00'),
	(500, 'bitacora_seguridads-contentListIndex', 'bitacora_seguridads-contentListIndex', 'Llena lista bitacora_seguridads-contentListIndex', '0000-00-00 00:00:00', '0000-00-00 00:00:00', '0000-00-00 00:00:00'),
	(501, 'bitacora_seguridad-comentarioEstatus', 'bitacora_seguridad-comentarioEstatus', 'Cambia estatus de bitacora_seguridad.comentarioEstatus', '0000-00-00 00:00:00', '0000-00-00 00:00:00', '0000-00-00 00:00:00'),
	(502, 's_documentos-index', 's_documentos-index', 'Llena lista de s_documentos-index', '0000-00-00 00:00:00', '0000-00-00 00:00:00', '0000-00-00 00:00:00'),
	(503, 's_documentos-create', 's_documentos-create', 'Crear s_documentos-create', '0000-00-00 00:00:00', '0000-00-00 00:00:00', '0000-00-00 00:00:00'),
	(504, 's_documentos-store', 's_documentos-store', 'Guardar s_documentos-store', '0000-00-00 00:00:00', '0000-00-00 00:00:00', '0000-00-00 00:00:00'),
	(505, 's_documentos-show', 's_documentos-show', 'Mostrar s_documentos-show', '0000-00-00 00:00:00', '0000-00-00 00:00:00', '0000-00-00 00:00:00'),
	(506, 's_documentos-edit', 's_documentos-edit', 'Edicion s_documentos-edit', '0000-00-00 00:00:00', '0000-00-00 00:00:00', '0000-00-00 00:00:00'),
	(507, 's_documentos-update', 's_documentos-update', 'Actualizar s_documentos-update', '0000-00-00 00:00:00', '0000-00-00 00:00:00', '0000-00-00 00:00:00'),
	(508, 's_documentos-destroy', 's_documentos-destroy', 'Eliminar s_documentos-destroy', '0000-00-00 00:00:00', '0000-00-00 00:00:00', '0000-00-00 00:00:00'),
	(509, 's_documentos-recover', 's_documentos-recover', 'Recuperar s_documentos-recover', '0000-00-00 00:00:00', '0000-00-00 00:00:00', '0000-00-00 00:00:00'),
	(510, 's_documentos-contentListIndex', 's_documentos-contentListIndex', 'Llena lista s_documentos-contentListIndex', '0000-00-00 00:00:00', '0000-00-00 00:00:00', '0000-00-00 00:00:00'),
	(511, 's_documentos-comentarioEstatus', 's_documentos-comentarioEstatus', 'cambia estatus de s_documentos-comentarioEstatus', '0000-00-00 00:00:00', '0000-00-00 00:00:00', NULL),
	(512, 'bitacora_accidentes-index', 'bitacora_accidentes-index', 'Llena lista de bitacora_accidentes-index', '0000-00-00 00:00:00', '0000-00-00 00:00:00', '0000-00-00 00:00:00'),
	(513, 'bitacora_accidentes-create', 'bitacora_accidentes-create', 'Crear bitacora_accidentes-create', '0000-00-00 00:00:00', '0000-00-00 00:00:00', '0000-00-00 00:00:00'),
	(514, 'bitacora_accidentes-store', 'bitacora_accidentes-store', 'Guardar bitacora_accidentes-store', '0000-00-00 00:00:00', '0000-00-00 00:00:00', '0000-00-00 00:00:00'),
	(515, 'bitacora_accidentes-show', 'bitacora_accidentes-show', 'Mostrar bitacora_accidentes-show', '0000-00-00 00:00:00', '0000-00-00 00:00:00', '0000-00-00 00:00:00'),
	(516, 'bitacora_accidentes-edit', 'bitacora_accidentes-edit', 'Edicion bitacora_accidentes-edit', '0000-00-00 00:00:00', '0000-00-00 00:00:00', '0000-00-00 00:00:00'),
	(517, 'bitacora_accidentes-update', 'bitacora_accidentes-update', 'Actualizar bitacora_accidentes-update', '0000-00-00 00:00:00', '0000-00-00 00:00:00', '0000-00-00 00:00:00'),
	(518, 'bitacora_accidentes-destroy', 'bitacora_accidentes-destroy', 'Eliminar bitacora_accidentes-destroy', '0000-00-00 00:00:00', '0000-00-00 00:00:00', '0000-00-00 00:00:00'),
	(519, 'bitacora_accidentes-recover', 'bitacora_accidentes-recover', 'Recuperar bitacora_accidentes-recover', '0000-00-00 00:00:00', '0000-00-00 00:00:00', '0000-00-00 00:00:00'),
	(520, 'bitacora_accidentes-contentListIndex', 'bitacora_accidentes-contentListIndex', 'Llena lista bitacora_accidentes-contentListIndex', '0000-00-00 00:00:00', '0000-00-00 00:00:00', '0000-00-00 00:00:00'),
	(521, 'bitacora_enfermedades-index', 'bitacora_enfermedades-index', 'Llena lista de bitacora_enfermedades-index', '0000-00-00 00:00:00', '0000-00-00 00:00:00', '0000-00-00 00:00:00'),
	(522, 'bitacora_enfermedades-create', 'bitacora_enfermedades-create', 'Crear bitacora_enfermedades-create', '0000-00-00 00:00:00', '0000-00-00 00:00:00', '0000-00-00 00:00:00'),
	(523, 'bitacora_enfermedades-store', 'bitacora_enfermedades-store', 'Guardar bitacora_enfermedades-store', '0000-00-00 00:00:00', '0000-00-00 00:00:00', '0000-00-00 00:00:00'),
	(524, 'bitacora_enfermedades-show', 'bitacora_enfermedades-show', 'Mostrar bitacora_enfermedades-show', '0000-00-00 00:00:00', '0000-00-00 00:00:00', '0000-00-00 00:00:00'),
	(525, 'bitacora_enfermedades-edit', 'bitacora_enfermedades-edit', 'Edicion bitacora_enfermedades-edit', '0000-00-00 00:00:00', '0000-00-00 00:00:00', '0000-00-00 00:00:00'),
	(526, 'bitacora_enfermedades-update', 'bitacora_enfermedades-update', 'Actualizar bitacora_enfermedades-update', '0000-00-00 00:00:00', '0000-00-00 00:00:00', '0000-00-00 00:00:00'),
	(527, 'bitacora_enfermedades-destroy', 'bitacora_enfermedades-destroy', 'Eliminar bitacora_enfermedades-destroy', '0000-00-00 00:00:00', '0000-00-00 00:00:00', '0000-00-00 00:00:00'),
	(528, 'bitacora_enfermedades-recover', 'bitacora_enfermedades-recover', 'Recuperar bitacora_enfermedades-recover', '0000-00-00 00:00:00', '0000-00-00 00:00:00', '0000-00-00 00:00:00'),
	(529, 'bitacora_enfermedades-contentListIndex', 'bitacora_enfermedades-contentListIndex', 'Llena lista bitacora_enfermedades-contentListIndex', '0000-00-00 00:00:00', '0000-00-00 00:00:00', '0000-00-00 00:00:00'),
	(530, 'cubos-fuentefija', 'cubos-fuentefija', 'Cubo de fuentes fjas', '0000-00-00 00:00:00', '0000-00-00 00:00:00', '0000-00-00 00:00:00'),
	(531, 'cubos-planta', 'cubos-planta', 'Cubo de plantas', '0000-00-00 00:00:00', '0000-00-00 00:00:00', '0000-00-00 00:00:00'),
	(532, 'cubos-residuo', 'cubos-residuo', 'Cubo de residuos', '0000-00-00 00:00:00', '0000-00-00 00:00:00', '0000-00-00 00:00:00'),
	(533, 'cubos-consumible', 'cubos-consumible', 'Cubo de consumibles', '0000-00-00 00:00:00', '0000-00-00 00:00:00', '0000-00-00 00:00:00'),
	(534, 'cubos-noconformidades', 'cubos-noconformidades', 'Cubo de no conformidades', '0000-00-00 00:00:00', '0000-00-00 00:00:00', '0000-00-00 00:00:00'),
	(535, 'cubos-accidentes', 'cubos-accidentes', 'Cubo de accidentes', '0000-00-00 00:00:00', '0000-00-00 00:00:00', '0000-00-00 00:00:00'),
	(536, 'cubos-enfermedades', 'cubos-enfermedades', 'Cubo de enfermedades', '0000-00-00 00:00:00', '0000-00-00 00:00:00', '0000-00-00 00:00:00'),
	(537, 'consultas-fuentefija', 'consultas-fuentefija', 'Consulta de fuentes fjas', '0000-00-00 00:00:00', '0000-00-00 00:00:00', '0000-00-00 00:00:00'),
	(538, 'consultas-planta', 'consultas-planta', 'Consulta de plantas', '0000-00-00 00:00:00', '0000-00-00 00:00:00', '0000-00-00 00:00:00'),
	(539, 'consultas-residuo', 'consultas-residuo', 'consulta de residuos', '0000-00-00 00:00:00', '0000-00-00 00:00:00', '0000-00-00 00:00:00'),
	(540, 'consultas-consumible', 'consultas-consumible', 'consulta de consumibles', '0000-00-00 00:00:00', '0000-00-00 00:00:00', '0000-00-00 00:00:00'),
	(541, 'consultas-noconformidad', 'consultas-noconformidad', 'consulta de no conformidades', '0000-00-00 00:00:00', '0000-00-00 00:00:00', '0000-00-00 00:00:00'),
	(542, 'consultas-accidente', 'consultas-accidente', 'consulta de accidentes', '0000-00-00 00:00:00', '0000-00-00 00:00:00', '0000-00-00 00:00:00'),
	(543, 'consultas-enfermedad', 'consultas-enfermedad', 'consulta de enfermedades', '0000-00-00 00:00:00', '0000-00-00 00:00:00', '0000-00-00 00:00:00'),
	(544, 'p_correo_bitacoras-index', 'p_correo_bitacoras-index', 'Lista de p_correo_bitacoras', '0000-00-00 00:00:00', '0000-00-00 00:00:00', '0000-00-00 00:00:00'),
	(545, 'p_correo_bitacoras-create', 'p_correo_bitacoras-create', 'Crear p_correo_bitacoras', '0000-00-00 00:00:00', '0000-00-00 00:00:00', '0000-00-00 00:00:00'),
	(546, 'p_correo_bitacoras-store', 'p_correo_bitacoras-store', 'Guardar p_correo_bitacoras', '0000-00-00 00:00:00', '0000-00-00 00:00:00', '0000-00-00 00:00:00'),
	(547, 'p_correo_bitacoras-show', 'p_correo_bitacoras-show', 'Mostrar p_correo_bitacoras', '0000-00-00 00:00:00', '0000-00-00 00:00:00', '0000-00-00 00:00:00'),
	(548, 'p_correo_bitacoras-edit', 'p_correo_bitacoras-edit', 'Edicion de p_correo_bitacoras', '0000-00-00 00:00:00', '0000-00-00 00:00:00', '0000-00-00 00:00:00'),
	(549, 'p_correo_bitacoras-update', 'p_correo_bitacoras-update', 'Actualizar p_correo_bitacoras', '0000-00-00 00:00:00', '0000-00-00 00:00:00', '0000-00-00 00:00:00'),
	(550, 'p_correo_bitacoras-destroy', 'p_correo_bitacoras-destroy', 'Eliminar p_correo_bitacoras', '0000-00-00 00:00:00', '0000-00-00 00:00:00', '0000-00-00 00:00:00'),
	(551, 'p_correo_bitacoras-recover', 'p_correo_bitacoras-recover', 'Recuperar p_correo_bitacoras', '0000-00-00 00:00:00', '0000-00-00 00:00:00', '0000-00-00 00:00:00'),
	(552, 'p_correo_bitacoras-contentListIndex', 'p_correo_bitacoras-contentListIndex', 'Llena lista de p_correo_bitacoras', '0000-00-00 00:00:00', '0000-00-00 00:00:00', '0000-00-00 00:00:00'),
	(553, 'ca_tpo_bitacoras-index', 'ca_tpo_bitacoras-index', 'Lista de ca_tpo_bitacoras', '0000-00-00 00:00:00', '0000-00-00 00:00:00', '0000-00-00 00:00:00'),
	(554, 'ca_tpo_bitacoras-create', 'ca_tpo_bitacoras-create', 'Crear ca_tpo_bitacoras', '0000-00-00 00:00:00', '0000-00-00 00:00:00', '0000-00-00 00:00:00'),
	(555, 'ca_tpo_bitacoras-store', 'ca_tpo_bitacoras-store', 'Guardar ca_tpo_bitacoras', '0000-00-00 00:00:00', '0000-00-00 00:00:00', '0000-00-00 00:00:00'),
	(556, 'ca_tpo_bitacoras-show', 'ca_tpo_bitacoras-show', 'Mostrar ca_tpo_bitacoras', '0000-00-00 00:00:00', '0000-00-00 00:00:00', '0000-00-00 00:00:00'),
	(557, 'ca_tpo_bitacoras-edit', 'ca_tpo_bitacoras-edit', 'Edicion de ca_tpo_bitacoras', '0000-00-00 00:00:00', '0000-00-00 00:00:00', '0000-00-00 00:00:00'),
	(558, 'ca_tpo_bitacoras-update', 'ca_tpo_bitacoras-update', 'Actualizar ca_tpo_bitacoras', '0000-00-00 00:00:00', '0000-00-00 00:00:00', '0000-00-00 00:00:00'),
	(559, 'ca_tpo_bitacoras-destroy', 'ca_tpo_bitacoras-destroy', 'Eliminar ca_tpo_bitacoras', '0000-00-00 00:00:00', '0000-00-00 00:00:00', '0000-00-00 00:00:00'),
	(560, 'ca_tpo_bitacoras-recover', 'ca_tpo_bitacoras-recover', 'Recuperar ca_tpo_bitacoras', '0000-00-00 00:00:00', '0000-00-00 00:00:00', '0000-00-00 00:00:00'),
	(561, 'ca_tpo_bitacoras-contentListIndex', 'ca_tpo_bitacoras-contentListIndex', 'Llena lista de ca_tpo_bitacoras', '0000-00-00 00:00:00', '0000-00-00 00:00:00', '0000-00-00 00:00:00'),
	(562, 'cs_tpo_bitacoras-index', 'cs_tpo_bitacoras-index', 'Lista de cs_tpo_bitacoras', '0000-00-00 00:00:00', '0000-00-00 00:00:00', '0000-00-00 00:00:00'),
	(563, 'cs_tpo_bitacoras-create', 'cs_tpo_bitacoras-create', 'Crear cs_tpo_bitacoras', '0000-00-00 00:00:00', '0000-00-00 00:00:00', '0000-00-00 00:00:00'),
	(564, 'cs_tpo_bitacoras-store', 'cs_tpo_bitacoras-store', 'Guardar cs_tpo_bitacoras', '0000-00-00 00:00:00', '0000-00-00 00:00:00', '0000-00-00 00:00:00'),
	(565, 'cs_tpo_bitacoras-show', 'cs_tpo_bitacoras-show', 'Mostrar cs_tpo_bitacoras', '0000-00-00 00:00:00', '0000-00-00 00:00:00', '0000-00-00 00:00:00'),
	(566, 'cs_tpo_bitacoras-edit', 'cs_tpo_bitacoras-edit', 'Edicion de cs_tpo_bitacoras', '0000-00-00 00:00:00', '0000-00-00 00:00:00', '0000-00-00 00:00:00'),
	(567, 'cs_tpo_bitacoras-update', 'cs_tpo_bitacoras-update', 'Actualizar cs_tpo_bitacoras', '0000-00-00 00:00:00', '0000-00-00 00:00:00', '0000-00-00 00:00:00'),
	(568, 'cs_tpo_bitacoras-destroy', 'cs_tpo_bitacoras-destroy', 'Eliminar cs_tpo_bitacoras', '0000-00-00 00:00:00', '0000-00-00 00:00:00', '0000-00-00 00:00:00'),
	(569, 'cs_tpo_bitacoras-recover', 'cs_tpo_bitacoras-recover', 'Recuperar cs_tpo_bitacoras', '0000-00-00 00:00:00', '0000-00-00 00:00:00', '0000-00-00 00:00:00'),
	(570, 'cs_tpo_bitacoras-contentListIndex', 'cs_tpo_bitacoras-contentListIndex', 'Llena lista de cs_tpo_bitacoras', '0000-00-00 00:00:00', '0000-00-00 00:00:00', '0000-00-00 00:00:00'),
	(571, 'ca_tpo_noconformidades-index', 'ca_tpo_noconformidades-index', 'Lista de ca_tpo_noconformidades', '0000-00-00 00:00:00', '0000-00-00 00:00:00', '0000-00-00 00:00:00'),
	(572, 'ca_tpo_noconformidades-create', 'ca_tpo_noconformidades-create', 'Crear ca_tpo_noconformidades', '0000-00-00 00:00:00', '0000-00-00 00:00:00', '0000-00-00 00:00:00'),
	(573, 'ca_tpo_noconformidades-store', 'ca_tpo_noconformidades-store', 'Guardar ca_tpo_noconformidades', '0000-00-00 00:00:00', '0000-00-00 00:00:00', '0000-00-00 00:00:00'),
	(574, 'ca_tpo_noconformidades-show', 'ca_tpo_noconformidades-show', 'Mostrar ca_tpo_noconformidades', '0000-00-00 00:00:00', '0000-00-00 00:00:00', '0000-00-00 00:00:00'),
	(575, 'ca_tpo_noconformidades-edit', 'ca_tpo_noconformidades-edit', 'Edicion de ca_tpo_noconformidades', '0000-00-00 00:00:00', '0000-00-00 00:00:00', '0000-00-00 00:00:00'),
	(576, 'ca_tpo_noconformidades-update', 'ca_tpo_noconformidades-update', 'Actualizar ca_tpo_noconformidades', '0000-00-00 00:00:00', '0000-00-00 00:00:00', '0000-00-00 00:00:00'),
	(577, 'ca_tpo_noconformidades-destroy', 'ca_tpo_noconformidades-destroy', 'Eliminar ca_tpo_noconformidades', '0000-00-00 00:00:00', '0000-00-00 00:00:00', '0000-00-00 00:00:00'),
	(578, 'ca_tpo_noconformidades-recover', 'ca_tpo_noconformidades-recover', 'Recuperar ca_tpo_noconformidades', '0000-00-00 00:00:00', '0000-00-00 00:00:00', '0000-00-00 00:00:00'),
	(579, 'ca_tpo_noconformidades-contentListIndex', 'ca_tpo_noconformidades-contentListIndex', 'Llena lista de ca_tpo_noconformidades', '0000-00-00 00:00:00', '0000-00-00 00:00:00', '0000-00-00 00:00:00'),
	(580, 'aa_procesos-index', 'aa_procesos-index', 'Lista de aa_procesos', '0000-00-00 00:00:00', '0000-00-00 00:00:00', '0000-00-00 00:00:00'),
	(582, 'aa_procesos-create', 'aa_procesos-create', 'Crear aa_procesos', '0000-00-00 00:00:00', '0000-00-00 00:00:00', '0000-00-00 00:00:00'),
	(584, 'aa_procesos-store', 'aa_procesos-store', 'Guardar aa_procesos', '0000-00-00 00:00:00', '0000-00-00 00:00:00', '0000-00-00 00:00:00'),
	(586, 'aa_procesos-show', 'aa_procesos-show', 'Mostrar aa_procesos', '0000-00-00 00:00:00', '0000-00-00 00:00:00', '0000-00-00 00:00:00'),
	(588, 'aa_procesos-edit', 'aa_procesos-edit', 'Edicion de aa_procesos', '0000-00-00 00:00:00', '0000-00-00 00:00:00', '0000-00-00 00:00:00'),
	(590, 'aa_procesos-update', 'aa_procesos-update', 'Actualizar aa_procesos', '0000-00-00 00:00:00', '0000-00-00 00:00:00', '0000-00-00 00:00:00'),
	(592, 'aa_procesos-destroy', 'aa_procesos-destroy', 'Eliminar aa_procesos', '0000-00-00 00:00:00', '0000-00-00 00:00:00', '0000-00-00 00:00:00'),
	(594, 'aa_procesos-recover', 'aa_procesos-recover', 'Recuperar aa_procesos', '0000-00-00 00:00:00', '0000-00-00 00:00:00', '0000-00-00 00:00:00'),
	(596, 'aa_procesos-contentListIndex', 'aa_procesos-contentListIndex', 'Llena lista de aa_procesos', '0000-00-00 00:00:00', '0000-00-00 00:00:00', '0000-00-00 00:00:00'),
	(597, 'aa_aspectos-index', 'aa_aspectos-index', 'Lista de aa_aspectos', '0000-00-00 00:00:00', '0000-00-00 00:00:00', '0000-00-00 00:00:00'),
	(598, 'aa_aspectos-create', 'aa_aspectos-create', 'Crear aa_aspectos', '0000-00-00 00:00:00', '0000-00-00 00:00:00', '0000-00-00 00:00:00'),
	(599, 'aa_aspectos-store', 'aa_aspectos-store', 'Guardar aa_aspectos', '0000-00-00 00:00:00', '0000-00-00 00:00:00', '0000-00-00 00:00:00'),
	(600, 'aa_aspectos-show', 'aa_aspectos-show', 'Mostrar aa_aspectos', '0000-00-00 00:00:00', '0000-00-00 00:00:00', '0000-00-00 00:00:00'),
	(601, 'aa_aspectos-edit', 'aa_aspectos-edit', 'Edicion de aa_aspectos', '0000-00-00 00:00:00', '0000-00-00 00:00:00', '0000-00-00 00:00:00'),
	(602, 'aa_aspectos-update', 'aa_aspectos-update', 'Actualizar aa_aspectos', '0000-00-00 00:00:00', '0000-00-00 00:00:00', '0000-00-00 00:00:00'),
	(603, 'aa_aspectos-destroy', 'aa_aspectos-destroy', 'Eliminar aa_aspectos', '0000-00-00 00:00:00', '0000-00-00 00:00:00', '0000-00-00 00:00:00'),
	(604, 'aa_aspectos-recover', 'aa_aspectos-recover', 'Recuperar aa_aspectos', '0000-00-00 00:00:00', '0000-00-00 00:00:00', '0000-00-00 00:00:00'),
	(605, 'aa_aspectos-contentListIndex', 'aa_aspectos-contentListIndex', 'Llena lista de aa_aspectos', '0000-00-00 00:00:00', '0000-00-00 00:00:00', '0000-00-00 00:00:00'),
	(606, 'aa_impactos-index', 'aa_impactos-index', 'Lista de aa_impactos', '0000-00-00 00:00:00', '0000-00-00 00:00:00', '0000-00-00 00:00:00'),
	(607, 'aa_impactos-create', 'aa_impactos-create', 'Crear aa_impactos', '0000-00-00 00:00:00', '0000-00-00 00:00:00', '0000-00-00 00:00:00'),
	(608, 'aa_impactos-store', 'aa_impactos-store', 'Guardar aa_impactos', '0000-00-00 00:00:00', '0000-00-00 00:00:00', '0000-00-00 00:00:00'),
	(609, 'aa_impactos-show', 'aa_impactos-show', 'Mostrar aa_impactos', '0000-00-00 00:00:00', '0000-00-00 00:00:00', '0000-00-00 00:00:00'),
	(610, 'aa_impactos-edit', 'aa_impactos-edit', 'Edicion de aa_impactos', '0000-00-00 00:00:00', '0000-00-00 00:00:00', '0000-00-00 00:00:00'),
	(611, 'aa_impactos-update', 'aa_impactos-update', 'Actualizar aa_impactos', '0000-00-00 00:00:00', '0000-00-00 00:00:00', '0000-00-00 00:00:00'),
	(612, 'aa_impactos-destroy', 'aa_impactos-destroy', 'Eliminar aa_impactos', '0000-00-00 00:00:00', '0000-00-00 00:00:00', '0000-00-00 00:00:00'),
	(613, 'aa_impactos-recover', 'aa_impactos-recover', 'Recuperar aa_impactos', '0000-00-00 00:00:00', '0000-00-00 00:00:00', '0000-00-00 00:00:00'),
	(614, 'aa_impactos-contentListIndex', 'aa_impactos-contentListIndex', 'Llena lista de aa_impactos', '0000-00-00 00:00:00', '0000-00-00 00:00:00', '0000-00-00 00:00:00'),
	(615, 'aspectos_ambientales-index', 'aspectos_ambientales-index', 'Lista de aspectos_ambientales', '0000-00-00 00:00:00', '0000-00-00 00:00:00', '0000-00-00 00:00:00'),
	(616, 'aspectos_ambientales-create', 'aspectos_ambientales-create', 'Crear aspectos_ambientales', '0000-00-00 00:00:00', '0000-00-00 00:00:00', '0000-00-00 00:00:00'),
	(617, 'aspectos_ambientales-store', 'aspectos_ambientales-store', 'Guardar aspectos_ambientales', '0000-00-00 00:00:00', '0000-00-00 00:00:00', '0000-00-00 00:00:00'),
	(618, 'aspectos_ambientales-show', 'aspectos_ambientales-show', 'Mostrar aspectos_ambientales', '0000-00-00 00:00:00', '0000-00-00 00:00:00', '0000-00-00 00:00:00'),
	(619, 'aspectos_ambientales-edit', 'aspectos_ambientales-edit', 'Edicion de aspectos_ambientales', '0000-00-00 00:00:00', '0000-00-00 00:00:00', '0000-00-00 00:00:00'),
	(620, 'aspectos_ambientales-update', 'aspectos_ambientales-update', 'Actualizar aspectos_ambientales', '0000-00-00 00:00:00', '0000-00-00 00:00:00', '0000-00-00 00:00:00'),
	(621, 'aspectos_ambientales-destroy', 'aspectos_ambientales-destroy', 'Eliminar aspectos_ambientales', '0000-00-00 00:00:00', '0000-00-00 00:00:00', '0000-00-00 00:00:00'),
	(622, 'aspectos_ambientales-recover', 'aspectos_ambientales-recover', 'Recuperar aspectos_ambientales', '0000-00-00 00:00:00', '0000-00-00 00:00:00', '0000-00-00 00:00:00'),
	(623, 'aspectos_ambientales-contentListIndex', 'aspectos_ambientales-contentListIndex', 'Llena lista de aspectos_ambientales', '0000-00-00 00:00:00', '0000-00-00 00:00:00', '0000-00-00 00:00:00'),
	(624, 'consultas-aspectosAmbientale', 'consultas-aspectosAmbientale', 'Consulta de Aspectos Ambientales', '0000-00-00 00:00:00', '0000-00-00 00:00:00', NULL),
	(625, 'tpo_docs-index', 'tpo_docs-index', 'Lista de tpo_docs', '0000-00-00 00:00:00', '0000-00-00 00:00:00', '0000-00-00 00:00:00'),
	(626, 'tpo_docs-create', 'tpo_docs-create', 'Crear tpo_docs', '0000-00-00 00:00:00', '0000-00-00 00:00:00', '0000-00-00 00:00:00'),
	(627, 'tpo_docs-store', 'tpo_docs-store', 'Guardar tpo_docs', '0000-00-00 00:00:00', '0000-00-00 00:00:00', '0000-00-00 00:00:00'),
	(628, 'tpo_docs-show', 'tpo_docs-show', 'Mostrar tpo_docs', '0000-00-00 00:00:00', '0000-00-00 00:00:00', '0000-00-00 00:00:00'),
	(629, 'tpo_docs-edit', 'tpo_docs-edit', 'Edicion de tpo_docs', '0000-00-00 00:00:00', '0000-00-00 00:00:00', '0000-00-00 00:00:00'),
	(630, 'tpo_docs-update', 'tpo_docs-update', 'Actualizar tpo_docs', '0000-00-00 00:00:00', '0000-00-00 00:00:00', '0000-00-00 00:00:00'),
	(631, 'tpo_docs-destroy', 'tpo_docs-destroy', 'Eliminar tpo_docs', '0000-00-00 00:00:00', '0000-00-00 00:00:00', '0000-00-00 00:00:00'),
	(632, 'tpo_docs-recover', 'tpo_docs-recover', 'Recuperar tpo_docs', '0000-00-00 00:00:00', '0000-00-00 00:00:00', '0000-00-00 00:00:00'),
	(633, 'tpo_docs-contentListIndex', 'tpo_docs-contentListIndex', 'Llena lista de tpo_docs', '0000-00-00 00:00:00', '0000-00-00 00:00:00', '0000-00-00 00:00:00'),
	(634, 'rev_requisitos-index', 'rev_requisitos-index', 'Lista de rev_requisitos', '0000-00-00 00:00:00', '0000-00-00 00:00:00', '0000-00-00 00:00:00'),
	(635, 'rev_requisitos-create', 'rev_requisitos-create', 'Crear rev_requisitos', '0000-00-00 00:00:00', '0000-00-00 00:00:00', '0000-00-00 00:00:00'),
	(636, 'rev_requisitos-store', 'rev_requisitos-store', 'Guardar rev_requisitos', '0000-00-00 00:00:00', '0000-00-00 00:00:00', '0000-00-00 00:00:00'),
	(637, 'rev_requisitos-show', 'rev_requisitos-show', 'Mostrar rev_requisitos', '0000-00-00 00:00:00', '0000-00-00 00:00:00', '0000-00-00 00:00:00'),
	(638, 'rev_requisitos-edit', 'rev_requisitos-edit', 'Edicion de rev_requisitos', '0000-00-00 00:00:00', '0000-00-00 00:00:00', '0000-00-00 00:00:00'),
	(639, 'rev_requisitos-update', 'rev_requisitos-update', 'Actualizar rev_requisitos', '0000-00-00 00:00:00', '0000-00-00 00:00:00', '0000-00-00 00:00:00'),
	(640, 'rev_requisitos-destroy', 'rev_requisitos-destroy', 'Eliminar rev_requisitos', '0000-00-00 00:00:00', '0000-00-00 00:00:00', '0000-00-00 00:00:00'),
	(641, 'rev_requisitos-recover', 'rev_requisitos-recover', 'Recuperar rev_requisitos', '0000-00-00 00:00:00', '0000-00-00 00:00:00', '0000-00-00 00:00:00'),
	(642, 'rev_requisitos-contentListIndex', 'rev_requisitos-contentListIndex', 'Llena lista de rev_requisitos', '0000-00-00 00:00:00', '0000-00-00 00:00:00', '0000-00-00 00:00:00'),
	(643, 'rev_requisitos-imprimir', 'rev_requisitos-imprimir', 'Imprimir reporte', '0000-00-00 00:00:00', '0000-00-00 00:00:00', NULL),
	(644, 'rev_requisitos_lns-index', 'rev_requisitos_lns-index', 'Lista de rev_requisitos_lns', '0000-00-00 00:00:00', '0000-00-00 00:00:00', '0000-00-00 00:00:00'),
	(645, 'rev_requisitos_lns-create', 'rev_requisitos_lns-create', 'Crear rev_requisitos_lns', '0000-00-00 00:00:00', '0000-00-00 00:00:00', '0000-00-00 00:00:00'),
	(646, 'rev_requisitos_lns-store', 'rev_requisitos_lns-store', 'Guardar rev_requisitos_lns', '0000-00-00 00:00:00', '0000-00-00 00:00:00', '0000-00-00 00:00:00'),
	(647, 'rev_requisitos_lns-show', 'rev_requisitos_lns-show', 'Mostrar rev_requisitos_lns', '0000-00-00 00:00:00', '0000-00-00 00:00:00', '0000-00-00 00:00:00'),
	(648, 'rev_requisitos_lns-edit', 'rev_requisitos_lns-edit', 'Edicion de rev_requisitos_lns', '0000-00-00 00:00:00', '0000-00-00 00:00:00', '0000-00-00 00:00:00'),
	(649, 'rev_requisitos_lns-update', 'rev_requisitos_lns-update', 'Actualizar rev_requisitos_lns', '0000-00-00 00:00:00', '0000-00-00 00:00:00', '0000-00-00 00:00:00'),
	(650, 'rev_requisitos_lns-destroy', 'rev_requisitos_lns-destroy', 'Eliminar rev_requisitos_lns', '0000-00-00 00:00:00', '0000-00-00 00:00:00', '0000-00-00 00:00:00'),
	(651, 'rev_requisitos_lns-recover', 'rev_requisitos_lns-recover', 'Recuperar rev_requisitos_lns', '0000-00-00 00:00:00', '0000-00-00 00:00:00', '0000-00-00 00:00:00'),
	(652, 'rev_requisitos_lns-contentListIndex', 'rev_requisitos_lns-contentListIndex', 'Llena lista de rev_requisitos_lns', '0000-00-00 00:00:00', '0000-00-00 00:00:00', '0000-00-00 00:00:00'),
	(653, 'rev_documentals-index', 'rev_documentals-index', 'Lista de rev_documentals', '0000-00-00 00:00:00', '0000-00-00 00:00:00', '0000-00-00 00:00:00'),
	(654, 'rev_documentals-create', 'rev_documentals-create', 'Crear rev_documentals', '0000-00-00 00:00:00', '0000-00-00 00:00:00', '0000-00-00 00:00:00'),
	(655, 'rev_documentals-store', 'rev_documentals-store', 'Guardar rev_documentals', '0000-00-00 00:00:00', '0000-00-00 00:00:00', '0000-00-00 00:00:00'),
	(656, 'rev_documentals-show', 'rev_documentals-show', 'Mostrar rev_documentals', '0000-00-00 00:00:00', '0000-00-00 00:00:00', '0000-00-00 00:00:00'),
	(657, 'rev_documentals-edit', 'rev_documentals-edit', 'Edicion de rev_documentals', '0000-00-00 00:00:00', '0000-00-00 00:00:00', '0000-00-00 00:00:00'),
	(658, 'rev_documentals-update', 'rev_documentals-update', 'Actualizar rev_documentals', '0000-00-00 00:00:00', '0000-00-00 00:00:00', '0000-00-00 00:00:00'),
	(659, 'rev_documentals-destroy', 'rev_documentals-destroy', 'Eliminar rev_documentals', '0000-00-00 00:00:00', '0000-00-00 00:00:00', '0000-00-00 00:00:00'),
	(660, 'rev_documentals-recover', 'rev_documentals-recover', 'Recuperar rev_documentals', '0000-00-00 00:00:00', '0000-00-00 00:00:00', '0000-00-00 00:00:00'),
	(661, 'rev_documentals-contentListIndex', 'rev_documentals-contentListIndex', 'Llena lista de rev_documentals', '0000-00-00 00:00:00', '0000-00-00 00:00:00', '0000-00-00 00:00:00'),
	(662, 'rev_documentals-imprimir', 'rev_documentals-imprimir', 'Imprimir listado', '0000-00-00 00:00:00', '0000-00-00 00:00:00', NULL),
	(663, 'rev_documentoal_lns-index', 'rev_documentoal_lns-index', 'Lista de rev_documentoal_lns', '0000-00-00 00:00:00', '0000-00-00 00:00:00', '0000-00-00 00:00:00'),
	(664, 'rev_documentoal_lns-create', 'rev_documentoal_lns-create', 'Crear rev_documentoal_lns', '0000-00-00 00:00:00', '0000-00-00 00:00:00', '0000-00-00 00:00:00'),
	(665, 'rev_documentoal_lns-store', 'rev_documentoal_lns-store', 'Guardar rev_documentoal_lns', '0000-00-00 00:00:00', '0000-00-00 00:00:00', '0000-00-00 00:00:00'),
	(666, 'rev_documentoal_lns-show', 'rev_documentoal_lns-show', 'Mostrar rev_documentoal_lns', '0000-00-00 00:00:00', '0000-00-00 00:00:00', '0000-00-00 00:00:00'),
	(667, 'rev_documentoal_lns-edit', 'rev_documentoal_lns-edit', 'Edicion de rev_documentoal_lns', '0000-00-00 00:00:00', '0000-00-00 00:00:00', '0000-00-00 00:00:00'),
	(668, 'rev_documentoal_lns-update', 'rev_documentoal_lns-update', 'Actualizar rev_documentoal_lns', '0000-00-00 00:00:00', '0000-00-00 00:00:00', '0000-00-00 00:00:00'),
	(669, 'rev_documentoal_lns-destroy', 'rev_documentoal_lns-destroy', 'Eliminar rev_documentoal_lns', '0000-00-00 00:00:00', '0000-00-00 00:00:00', '0000-00-00 00:00:00'),
	(670, 'rev_documentoal_lns-recover', 'rev_documentoal_lns-recover', 'Recuperar rev_documentoal_lns', '0000-00-00 00:00:00', '0000-00-00 00:00:00', '0000-00-00 00:00:00'),
	(671, 'rev_documentoal_lns-contentListIndex', 'rev_documentoal_lns-contentListIndex', 'Llena lista de rev_documentoal_lns', '0000-00-00 00:00:00', '0000-00-00 00:00:00', '0000-00-00 00:00:00'),
	(672, 'condiciones-index', 'condiciones-index', 'Lista de condiciones', '0000-00-00 00:00:00', '0000-00-00 00:00:00', '0000-00-00 00:00:00'),
	(673, 'condiciones-create', 'condiciones-create', 'Crear condiciones', '0000-00-00 00:00:00', '0000-00-00 00:00:00', '0000-00-00 00:00:00'),
	(674, 'condiciones-store', 'condiciones-store', 'Guardar condiciones', '0000-00-00 00:00:00', '0000-00-00 00:00:00', '0000-00-00 00:00:00'),
	(675, 'condiciones-show', 'condiciones-show', 'Mostrar condiciones', '0000-00-00 00:00:00', '0000-00-00 00:00:00', '0000-00-00 00:00:00'),
	(676, 'condiciones-edit', 'condiciones-edit', 'Edicion de condiciones', '0000-00-00 00:00:00', '0000-00-00 00:00:00', '0000-00-00 00:00:00'),
	(677, 'condiciones-update', 'condiciones-update', 'Actualizar condiciones', '0000-00-00 00:00:00', '0000-00-00 00:00:00', '0000-00-00 00:00:00'),
	(678, 'condiciones-destroy', 'condiciones-destroy', 'Eliminar condiciones', '0000-00-00 00:00:00', '0000-00-00 00:00:00', '0000-00-00 00:00:00'),
	(679, 'condiciones-recover', 'condiciones-recover', 'Recuperar condiciones', '0000-00-00 00:00:00', '0000-00-00 00:00:00', '0000-00-00 00:00:00'),
	(680, 'condiciones-contentListIndex', 'condiciones-contentListIndex', 'Llena lista de condiciones', '0000-00-00 00:00:00', '0000-00-00 00:00:00', '0000-00-00 00:00:00'),
	(681, 'r_documentos-index', 'r_documentos-index', 'Lista de r_documentos', '0000-00-00 00:00:00', '0000-00-00 00:00:00', '0000-00-00 00:00:00'),
	(682, 'r_documentos-create', 'r_documentos-create', 'Crear r_documentos', '0000-00-00 00:00:00', '0000-00-00 00:00:00', '0000-00-00 00:00:00'),
	(683, 'r_documentos-store', 'r_documentos-store', 'Guardar r_documentos', '0000-00-00 00:00:00', '0000-00-00 00:00:00', '0000-00-00 00:00:00'),
	(684, 'r_documentos-show', 'r_documentos-show', 'Mostrar r_documentos', '0000-00-00 00:00:00', '0000-00-00 00:00:00', '0000-00-00 00:00:00'),
	(685, 'r_documentos-edit', 'r_documentos-edit', 'Edicion de r_documentos', '0000-00-00 00:00:00', '0000-00-00 00:00:00', '0000-00-00 00:00:00'),
	(686, 'r_documentos-update', 'r_documentos-update', 'Actualizar r_documentos', '0000-00-00 00:00:00', '0000-00-00 00:00:00', '0000-00-00 00:00:00'),
	(687, 'r_documentos-destroy', 'r_documentos-destroy', 'Eliminar r_documentos', '0000-00-00 00:00:00', '0000-00-00 00:00:00', '0000-00-00 00:00:00'),
	(688, 'r_documentos-recover', 'r_documentos-recover', 'Recuperar r_documentos', '0000-00-00 00:00:00', '0000-00-00 00:00:00', '0000-00-00 00:00:00'),
	(689, 'r_documentos-contentListIndex', 'r_documentos-contentListIndex', 'Llena lista de r_documentos', '0000-00-00 00:00:00', '0000-00-00 00:00:00', '0000-00-00 00:00:00'),
	(690, 'm_objetivos-index', 'm_objetivos-index', 'Lista de m_objetivos', '0000-00-00 00:00:00', '0000-00-00 00:00:00', '0000-00-00 00:00:00'),
	(691, 'm_objetivos-create', 'm_objetivos-create', 'Crear m_objetivos', '0000-00-00 00:00:00', '0000-00-00 00:00:00', '0000-00-00 00:00:00'),
	(692, 'm_objetivos-store', 'm_objetivos-store', 'Guardar m_objetivos', '0000-00-00 00:00:00', '0000-00-00 00:00:00', '0000-00-00 00:00:00'),
	(693, 'm_objetivos-show', 'm_objetivos-show', 'Mostrar m_objetivos', '0000-00-00 00:00:00', '0000-00-00 00:00:00', '0000-00-00 00:00:00'),
	(694, 'm_objetivos-edit', 'm_objetivos-edit', 'Edicion de m_objetivos', '0000-00-00 00:00:00', '0000-00-00 00:00:00', '0000-00-00 00:00:00'),
	(695, 'm_objetivos-update', 'm_objetivos-update', 'Actualizar m_objetivos', '0000-00-00 00:00:00', '0000-00-00 00:00:00', '0000-00-00 00:00:00'),
	(696, 'm_objetivos-destroy', 'm_objetivos-destroy', 'Eliminar m_objetivos', '0000-00-00 00:00:00', '0000-00-00 00:00:00', '0000-00-00 00:00:00'),
	(697, 'm_objetivos-recover', 'm_objetivos-recover', 'Recuperar m_objetivos', '0000-00-00 00:00:00', '0000-00-00 00:00:00', '0000-00-00 00:00:00'),
	(698, 'm_objetivos-contentListIndex', 'm_objetivos-contentListIndex', 'Llena lista de m_objetivos', '0000-00-00 00:00:00', '0000-00-00 00:00:00', '0000-00-00 00:00:00'),
	(699, 'm_clase_mantos-index', 'm_clase_mantos-index', 'Lista de m_clase_mantos', '0000-00-00 00:00:00', '0000-00-00 00:00:00', '0000-00-00 00:00:00'),
	(700, 'm_clase_mantos-create', 'm_clase_mantos-create', 'Crear m_clase_mantos', '0000-00-00 00:00:00', '0000-00-00 00:00:00', '0000-00-00 00:00:00'),
	(701, 'm_clase_mantos-store', 'm_clase_mantos-store', 'Guardar m_clase_mantos', '0000-00-00 00:00:00', '0000-00-00 00:00:00', '0000-00-00 00:00:00'),
	(702, 'm_clase_mantos-show', 'm_clase_mantos-show', 'Mostrar m_clase_mantos', '0000-00-00 00:00:00', '0000-00-00 00:00:00', '0000-00-00 00:00:00'),
	(703, 'm_clase_mantos-edit', 'm_clase_mantos-edit', 'Edicion de m_clase_mantos', '0000-00-00 00:00:00', '0000-00-00 00:00:00', '0000-00-00 00:00:00'),
	(704, 'm_clase_mantos-update', 'm_clase_mantos-update', 'Actualizar m_clase_mantos', '0000-00-00 00:00:00', '0000-00-00 00:00:00', '0000-00-00 00:00:00'),
	(705, 'm_clase_mantos-destroy', 'm_clase_mantos-destroy', 'Eliminar m_clase_mantos', '0000-00-00 00:00:00', '0000-00-00 00:00:00', '0000-00-00 00:00:00'),
	(706, 'm_clase_mantos-recover', 'm_clase_mantos-recover', 'Recuperar m_clase_mantos', '0000-00-00 00:00:00', '0000-00-00 00:00:00', '0000-00-00 00:00:00'),
	(707, 'm_clase_mantos-contentListIndex', 'm_clase_mantos-contentListIndex', 'Llena lista de m_clase_mantos', '0000-00-00 00:00:00', '0000-00-00 00:00:00', '0000-00-00 00:00:00'),
	(708, 'm_tpo_mantos-index', 'm_tpo_mantos-index', 'Lista de m_tpo_mantos', '0000-00-00 00:00:00', '0000-00-00 00:00:00', '0000-00-00 00:00:00'),
	(709, 'm_tpo_mantos-create', 'm_tpo_mantos-create', 'Crear m_tpo_mantos', '0000-00-00 00:00:00', '0000-00-00 00:00:00', '0000-00-00 00:00:00'),
	(710, 'm_tpo_mantos-store', 'm_tpo_mantos-store', 'Guardar m_tpo_mantos', '0000-00-00 00:00:00', '0000-00-00 00:00:00', '0000-00-00 00:00:00'),
	(711, 'm_tpo_mantos-show', 'm_tpo_mantos-show', 'Mostrar m_tpo_mantos', '0000-00-00 00:00:00', '0000-00-00 00:00:00', '0000-00-00 00:00:00'),
	(712, 'm_tpo_mantos-edit', 'm_tpo_mantos-edit', 'Edicion de m_tpo_mantos', '0000-00-00 00:00:00', '0000-00-00 00:00:00', '0000-00-00 00:00:00'),
	(713, 'm_tpo_mantos-update', 'm_tpo_mantos-update', 'Actualizar m_tpo_mantos', '0000-00-00 00:00:00', '0000-00-00 00:00:00', '0000-00-00 00:00:00'),
	(714, 'm_tpo_mantos-destroy', 'm_tpo_mantos-destroy', 'Eliminar m_tpo_mantos', '0000-00-00 00:00:00', '0000-00-00 00:00:00', '0000-00-00 00:00:00'),
	(715, 'm_tpo_mantos-recover', 'm_tpo_mantos-recover', 'Recuperar m_tpo_mantos', '0000-00-00 00:00:00', '0000-00-00 00:00:00', '0000-00-00 00:00:00'),
	(716, 'm_tpo_mantos-contentListIndex', 'm_tpo_mantos-contentListIndex', 'Llena lista de m_tpo_mantos', '0000-00-00 00:00:00', '0000-00-00 00:00:00', '0000-00-00 00:00:00'),
	(717, 'm_mantenimientos-index', 'm_mantenimientos-index', 'Lista de m_mantenimientos', '0000-00-00 00:00:00', '0000-00-00 00:00:00', '0000-00-00 00:00:00'),
	(718, 'm_mantenimientos-create', 'm_mantenimientos-create', 'Crear m_mantenimientos', '0000-00-00 00:00:00', '0000-00-00 00:00:00', '0000-00-00 00:00:00'),
	(719, 'm_mantenimientos-store', 'm_mantenimientos-store', 'Guardar m_mantenimientos', '0000-00-00 00:00:00', '0000-00-00 00:00:00', '0000-00-00 00:00:00'),
	(720, 'm_mantenimientos-show', 'm_mantenimientos-show', 'Mostrar m_mantenimientos', '0000-00-00 00:00:00', '0000-00-00 00:00:00', '0000-00-00 00:00:00'),
	(721, 'm_mantenimientos-edit', 'm_mantenimientos-edit', 'Edicion de m_mantenimientos', '0000-00-00 00:00:00', '0000-00-00 00:00:00', '0000-00-00 00:00:00'),
	(722, 'm_mantenimientos-update', 'm_mantenimientos-update', 'Actualizar m_mantenimientos', '0000-00-00 00:00:00', '0000-00-00 00:00:00', '0000-00-00 00:00:00'),
	(723, 'm_mantenimientos-destroy', 'm_mantenimientos-destroy', 'Eliminar m_mantenimientos', '0000-00-00 00:00:00', '0000-00-00 00:00:00', '0000-00-00 00:00:00'),
	(724, 'm_mantenimientos-recover', 'm_mantenimientos-recover', 'Recuperar m_mantenimientos', '0000-00-00 00:00:00', '0000-00-00 00:00:00', '0000-00-00 00:00:00'),
	(725, 'm_mantenimientos-contentListIndex', 'm_mantenimientos-contentListIndex', 'Llena lista de m_mantenimientos', '0000-00-00 00:00:00', '0000-00-00 00:00:00', '0000-00-00 00:00:00'),
	(726, 'consultas-manto', 'consultas-manto', 'consulta de mantos', '0000-00-00 00:00:00', '0000-00-00 00:00:00', NULL),
	(727, 'subequipos-index', 'subequipos-index', 'Lista de subequipos', '0000-00-00 00:00:00', '0000-00-00 00:00:00', '0000-00-00 00:00:00'),
	(728, 'subequipos-create', 'subequipos-create', 'Crear subequipos', '0000-00-00 00:00:00', '0000-00-00 00:00:00', '0000-00-00 00:00:00'),
	(729, 'subequipos-store', 'subequipos-store', 'Guardar subequipos', '0000-00-00 00:00:00', '0000-00-00 00:00:00', '0000-00-00 00:00:00'),
	(730, 'subequipos-show', 'subequipos-show', 'Mostrar subequipos', '0000-00-00 00:00:00', '0000-00-00 00:00:00', '0000-00-00 00:00:00'),
	(731, 'subequipos-edit', 'subequipos-edit', 'Edicion de subequipos', '0000-00-00 00:00:00', '0000-00-00 00:00:00', '0000-00-00 00:00:00'),
	(732, 'subequipos-update', 'subequipos-update', 'Actualizar subequipos', '0000-00-00 00:00:00', '0000-00-00 00:00:00', '0000-00-00 00:00:00'),
	(733, 'subequipos-destroy', 'subequipos-destroy', 'Eliminar subequipos', '0000-00-00 00:00:00', '0000-00-00 00:00:00', '0000-00-00 00:00:00'),
	(734, 'subequipos-recover', 'subequipos-recover', 'Recuperar subequipos', '0000-00-00 00:00:00', '0000-00-00 00:00:00', '0000-00-00 00:00:00'),
	(735, 'subequipos-contentListIndex', 'subequipos-contentListIndex', 'Llena lista de subequipos', '0000-00-00 00:00:00', '0000-00-00 00:00:00', '0000-00-00 00:00:00'),
	(736, 'manto_docs-index', 'manto_docs-index', 'Lista de manto_docs', '0000-00-00 00:00:00', '0000-00-00 00:00:00', '0000-00-00 00:00:00'),
	(737, 'manto_docs-create', 'manto_docs-create', 'Crear manto_docs', '0000-00-00 00:00:00', '0000-00-00 00:00:00', '0000-00-00 00:00:00'),
	(738, 'manto_docs-store', 'manto_docs-store', 'Guardar manto_docs', '0000-00-00 00:00:00', '0000-00-00 00:00:00', '0000-00-00 00:00:00'),
	(739, 'manto_docs-show', 'manto_docs-show', 'Mostrar manto_docs', '0000-00-00 00:00:00', '0000-00-00 00:00:00', '0000-00-00 00:00:00'),
	(740, 'manto_docs-edit', 'manto_docs-edit', 'Edicion de manto_docs', '0000-00-00 00:00:00', '0000-00-00 00:00:00', '0000-00-00 00:00:00'),
	(741, 'manto_docs-update', 'manto_docs-update', 'Actualizar manto_docs', '0000-00-00 00:00:00', '0000-00-00 00:00:00', '0000-00-00 00:00:00'),
	(742, 'manto_docs-destroy', 'manto_docs-destroy', 'Eliminar manto_docs', '0000-00-00 00:00:00', '0000-00-00 00:00:00', '0000-00-00 00:00:00'),
	(743, 'manto_docs-recover', 'manto_docs-recover', 'Recuperar manto_docs', '0000-00-00 00:00:00', '0000-00-00 00:00:00', '0000-00-00 00:00:00'),
	(744, 'manto_docs-contentListIndex', 'manto_docs-contentListIndex', 'Llena lista de manto_docs', '0000-00-00 00:00:00', '0000-00-00 00:00:00', '0000-00-00 00:00:00'),
	(745, 'm_mantenimiento-formato', 'm_mantenimiento-formato', 'Imprime formato', '0000-00-00 00:00:00', '0000-00-00 00:00:00', NULL),
	(746, 'bit_doc_accidentes-index', 'bit_doc_accidentes-index', 'Lista de bit_doc_accidentes', '0000-00-00 00:00:00', '0000-00-00 00:00:00', '0000-00-00 00:00:00'),
	(747, 'bit_doc_accidentes-create', 'bit_doc_accidentes-create', 'Crear bit_doc_accidentes', '0000-00-00 00:00:00', '0000-00-00 00:00:00', '0000-00-00 00:00:00'),
	(748, 'bit_doc_accidentes-store', 'bit_doc_accidentes-store', 'Guardar bit_doc_accidentes', '0000-00-00 00:00:00', '0000-00-00 00:00:00', '0000-00-00 00:00:00'),
	(749, 'bit_doc_accidentes-show', 'bit_doc_accidentes-show', 'Mostrar bit_doc_accidentes', '0000-00-00 00:00:00', '0000-00-00 00:00:00', '0000-00-00 00:00:00'),
	(750, 'bit_doc_accidentes-edit', 'bit_doc_accidentes-edit', 'Edicion de bit_doc_accidentes', '0000-00-00 00:00:00', '0000-00-00 00:00:00', '0000-00-00 00:00:00'),
	(751, 'bit_doc_accidentes-update', 'bit_doc_accidentes-update', 'Actualizar bit_doc_accidentes', '0000-00-00 00:00:00', '0000-00-00 00:00:00', '0000-00-00 00:00:00'),
	(752, 'bit_doc_accidentes-destroy', 'bit_doc_accidentes-destroy', 'Eliminar bit_doc_accidentes', '0000-00-00 00:00:00', '0000-00-00 00:00:00', '0000-00-00 00:00:00'),
	(753, 'bit_doc_accidentes-recover', 'bit_doc_accidentes-recover', 'Recuperar bit_doc_accidentes', '0000-00-00 00:00:00', '0000-00-00 00:00:00', '0000-00-00 00:00:00'),
	(754, 'bit_doc_accidentes-contentListIndex', 'bit_doc_accidentes-contentListIndex', 'Llena lista de bit_doc_accidentes', '0000-00-00 00:00:00', '0000-00-00 00:00:00', '0000-00-00 00:00:00'),
	(755, 'a_rr_amb_doc-index', 'a_rr_amb_doc-index', 'Lista de a_rr_amb_doc', '0000-00-00 00:00:00', '0000-00-00 00:00:00', '0000-00-00 00:00:00'),
	(756, 'a_rr_amb_doc-create', 'a_rr_amb_doc-create', 'Crear a_rr_amb_doc', '0000-00-00 00:00:00', '0000-00-00 00:00:00', '0000-00-00 00:00:00'),
	(757, 'a_rr_amb_doc-store', 'a_rr_amb_doc-store', 'Guardar a_rr_amb_doc', '0000-00-00 00:00:00', '0000-00-00 00:00:00', '0000-00-00 00:00:00'),
	(758, 'a_rr_amb_doc-show', 'a_rr_amb_doc-show', 'Mostrar a_rr_amb_doc', '0000-00-00 00:00:00', '0000-00-00 00:00:00', '0000-00-00 00:00:00'),
	(759, 'a_rr_amb_doc-edit', 'a_rr_amb_doc-edit', 'Edicion de a_rr_amb_doc', '0000-00-00 00:00:00', '0000-00-00 00:00:00', '0000-00-00 00:00:00'),
	(760, 'a_rr_amb_doc-update', 'a_rr_amb_doc-update', 'Actualizar a_rr_amb_doc', '0000-00-00 00:00:00', '0000-00-00 00:00:00', '0000-00-00 00:00:00'),
	(761, 'a_rr_amb_doc-destroy', 'a_rr_amb_doc-destroy', 'Eliminar a_rr_amb_doc', '0000-00-00 00:00:00', '0000-00-00 00:00:00', '0000-00-00 00:00:00'),
	(762, 'a_rr_amb_doc-recover', 'a_rr_amb_doc-recover', 'Recuperar a_rr_amb_doc', '0000-00-00 00:00:00', '0000-00-00 00:00:00', '0000-00-00 00:00:00'),
	(763, 'a_rr_amb_doc-contentListIndex', 'a_rr_amb_doc-contentListIndex', 'Llena lista de a_rr_amb_doc', '0000-00-00 00:00:00', '0000-00-00 00:00:00', '0000-00-00 00:00:00');
/*!40000 ALTER TABLE `permissions` ENABLE KEYS */;


-- Volcando estructura para tabla siam_scribe.probabilidads
CREATE TABLE IF NOT EXISTS `probabilidads` (
  `id` int(10) unsigned NOT NULL AUTO_INCREMENT,
  `probabilidad` varchar(255) COLLATE utf8_unicode_ci NOT NULL,
  `usu_alta_id` int(10) unsigned NOT NULL,
  `usu_mod_id` int(10) unsigned NOT NULL,
  `created_at` timestamp NOT NULL DEFAULT '0000-00-00 00:00:00',
  `updated_at` timestamp NOT NULL DEFAULT '0000-00-00 00:00:00',
  `deleted_at` timestamp NULL DEFAULT NULL,
  PRIMARY KEY (`id`),
  KEY `probabilidads_usu_alta_id_foreign` (`usu_alta_id`),
  KEY `probabilidads_usu_mod_id_foreign` (`usu_mod_id`),
  CONSTRAINT `probabilidads_usu_alta_id_foreign` FOREIGN KEY (`usu_alta_id`) REFERENCES `users` (`id`),
  CONSTRAINT `probabilidads_usu_mod_id_foreign` FOREIGN KEY (`usu_mod_id`) REFERENCES `users` (`id`)
) ENGINE=InnoDB AUTO_INCREMENT=6 DEFAULT CHARSET=utf8 COLLATE=utf8_unicode_ci;

-- Volcando datos para la tabla siam_scribe.probabilidads: ~5 rows (aproximadamente)
/*!40000 ALTER TABLE `probabilidads` DISABLE KEYS */;
INSERT INTO `probabilidads` (`id`, `probabilidad`, `usu_alta_id`, `usu_mod_id`, `created_at`, `updated_at`, `deleted_at`) VALUES
	(1, 'NUNCA', 1, 1, '0000-00-00 00:00:00', '0000-00-00 00:00:00', NULL),
	(2, 'UNA VEZ', 1, 1, '0000-00-00 00:00:00', '0000-00-00 00:00:00', NULL),
	(3, 'MAS DE UNA VEZ', 1, 1, '0000-00-00 00:00:00', '0000-00-00 00:00:00', NULL),
	(4, 'RECURRENTE SIN CONTROLES OPERCIONALES', 1, 1, '0000-00-00 00:00:00', '0000-00-00 00:00:00', NULL),
	(5, 'N/A', 1, 1, '0000-00-00 00:00:00', '0000-00-00 00:00:00', NULL);
/*!40000 ALTER TABLE `probabilidads` ENABLE KEYS */;


-- Volcando estructura para tabla siam_scribe.puestos
CREATE TABLE IF NOT EXISTS `puestos` (
  `id` int(10) unsigned NOT NULL AUTO_INCREMENT,
  `puesto` varchar(255) COLLATE utf8_unicode_ci NOT NULL,
  `usu_alta_id` int(10) unsigned NOT NULL,
  `usu_mod_id` int(10) unsigned NOT NULL,
  `created_at` timestamp NOT NULL DEFAULT '0000-00-00 00:00:00',
  `updated_at` timestamp NOT NULL DEFAULT '0000-00-00 00:00:00',
  `deleted_at` timestamp NULL DEFAULT NULL,
  PRIMARY KEY (`id`),
  KEY `puestos_usu_alta_id_foreign` (`usu_alta_id`),
  KEY `puestos_usu_mod_id_foreign` (`usu_mod_id`),
  CONSTRAINT `puestos_usu_alta_id_foreign` FOREIGN KEY (`usu_alta_id`) REFERENCES `users` (`id`),
  CONSTRAINT `puestos_usu_mod_id_foreign` FOREIGN KEY (`usu_mod_id`) REFERENCES `users` (`id`)
) ENGINE=InnoDB AUTO_INCREMENT=2 DEFAULT CHARSET=utf8 COLLATE=utf8_unicode_ci;

-- Volcando datos para la tabla siam_scribe.puestos: ~0 rows (aproximadamente)
/*!40000 ALTER TABLE `puestos` DISABLE KEYS */;
INSERT INTO `puestos` (`id`, `puesto`, `usu_alta_id`, `usu_mod_id`, `created_at`, `updated_at`, `deleted_at`) VALUES
	(1, 'puesto e', 1, 1, '2015-02-25 17:36:17', '2015-02-25 17:36:29', NULL);
/*!40000 ALTER TABLE `puestos` ENABLE KEYS */;


-- Volcando estructura para tabla siam_scribe.p_ambiental_correos
CREATE TABLE IF NOT EXISTS `p_ambiental_correos` (
  `id` int(10) unsigned NOT NULL AUTO_INCREMENT,
  `bnd_envio` int(10) unsigned NOT NULL,
  `bnd_responsable` int(10) unsigned NOT NULL,
  `bnd_jefe` int(10) unsigned NOT NULL,
  `ccp` varchar(255) COLLATE utf8_unicode_ci NOT NULL,
  `fec_ult_envio` date NOT NULL,
  `usu_alta_id` int(10) unsigned NOT NULL,
  `usu_mod_id` int(10) unsigned NOT NULL,
  `created_at` timestamp NOT NULL DEFAULT '0000-00-00 00:00:00',
  `updated_at` timestamp NOT NULL DEFAULT '0000-00-00 00:00:00',
  `deleted_at` timestamp NULL DEFAULT NULL,
  PRIMARY KEY (`id`),
  KEY `p_ambiental_correos_usu_alta_id_foreign` (`usu_alta_id`),
  KEY `p_ambiental_correos_usu_mod_id_foreign` (`usu_mod_id`),
  KEY `p_ambiental_correos_bnd_jefe_foreign` (`bnd_jefe`),
  KEY `p_ambiental_correos_bnd_responsable_foreign` (`bnd_responsable`),
  KEY `p_ambiental_correos_bnd_envio_foreign` (`bnd_envio`),
  CONSTRAINT `p_ambiental_correos_bnd_envio_foreign` FOREIGN KEY (`bnd_envio`) REFERENCES `bnds` (`id`),
  CONSTRAINT `p_ambiental_correos_bnd_jefe_foreign` FOREIGN KEY (`bnd_jefe`) REFERENCES `bnds` (`id`),
  CONSTRAINT `p_ambiental_correos_bnd_responsable_foreign` FOREIGN KEY (`bnd_responsable`) REFERENCES `bnds` (`id`),
  CONSTRAINT `p_ambiental_correos_usu_alta_id_foreign` FOREIGN KEY (`usu_alta_id`) REFERENCES `users` (`id`),
  CONSTRAINT `p_ambiental_correos_usu_mod_id_foreign` FOREIGN KEY (`usu_mod_id`) REFERENCES `users` (`id`)
) ENGINE=InnoDB AUTO_INCREMENT=2 DEFAULT CHARSET=utf8 COLLATE=utf8_unicode_ci;

-- Volcando datos para la tabla siam_scribe.p_ambiental_correos: ~0 rows (aproximadamente)
/*!40000 ALTER TABLE `p_ambiental_correos` DISABLE KEYS */;
INSERT INTO `p_ambiental_correos` (`id`, `bnd_envio`, `bnd_responsable`, `bnd_jefe`, `ccp`, `fec_ult_envio`, `usu_alta_id`, `usu_mod_id`, `created_at`, `updated_at`, `deleted_at`) VALUES
	(1, 1, 1, 1, ' ', '2017-05-26', 1, 1, '0000-00-00 00:00:00', '2017-05-26 14:22:19', NULL);
/*!40000 ALTER TABLE `p_ambiental_correos` ENABLE KEYS */;


-- Volcando estructura para tabla siam_scribe.p_correo_bitacoras
CREATE TABLE IF NOT EXISTS `p_correo_bitacoras` (
  `id` int(10) unsigned NOT NULL AUTO_INCREMENT,
  `bnd_enviar` int(10) unsigned NOT NULL,
  `bitacora_id` int(10) unsigned NOT NULL,
  `empleado_id` int(10) unsigned NOT NULL,
  `bnd_jefe` int(10) unsigned NOT NULL,
  `dias_plazo` int(11) NOT NULL,
  `cia_id` int(10) unsigned NOT NULL,
  `usu_alta_id` int(10) unsigned NOT NULL,
  `usu_mod_id` int(10) unsigned NOT NULL,
  `created_at` timestamp NOT NULL DEFAULT '0000-00-00 00:00:00',
  `updated_at` timestamp NOT NULL DEFAULT '0000-00-00 00:00:00',
  `deleted_at` timestamp NULL DEFAULT NULL,
  PRIMARY KEY (`id`),
  KEY `p_correo_bitacoras_usu_alta_id_foreign` (`usu_alta_id`),
  KEY `p_correo_bitacoras_usu_mod_id_foreign` (`usu_mod_id`),
  KEY `p_correo_bitacoras_cia_id_foreign` (`cia_id`),
  KEY `p_correo_bitacoras_empleado_id_foreign` (`empleado_id`),
  KEY `p_correo_bitacoras_bnd_jefe_foreign` (`bnd_jefe`),
  KEY `p_correo_bitacoras_bnd_enviar_foreign` (`bnd_enviar`),
  KEY `p_correo_bitacoras_bitacora_id_foreign` (`bitacora_id`),
  CONSTRAINT `p_correo_bitacoras_bitacora_id_foreign` FOREIGN KEY (`bitacora_id`) REFERENCES `bitacoras` (`id`),
  CONSTRAINT `p_correo_bitacoras_bnd_enviar_foreign` FOREIGN KEY (`bnd_enviar`) REFERENCES `bnds` (`id`),
  CONSTRAINT `p_correo_bitacoras_bnd_jefe_foreign` FOREIGN KEY (`bnd_jefe`) REFERENCES `bnds` (`id`),
  CONSTRAINT `p_correo_bitacoras_cia_id_foreign` FOREIGN KEY (`cia_id`) REFERENCES `entidades` (`id`),
  CONSTRAINT `p_correo_bitacoras_empleado_id_foreign` FOREIGN KEY (`empleado_id`) REFERENCES `empleados` (`id`),
  CONSTRAINT `p_correo_bitacoras_usu_alta_id_foreign` FOREIGN KEY (`usu_alta_id`) REFERENCES `users` (`id`),
  CONSTRAINT `p_correo_bitacoras_usu_mod_id_foreign` FOREIGN KEY (`usu_mod_id`) REFERENCES `users` (`id`)
) ENGINE=InnoDB AUTO_INCREMENT=5 DEFAULT CHARSET=utf8 COLLATE=utf8_unicode_ci;

-- Volcando datos para la tabla siam_scribe.p_correo_bitacoras: ~4 rows (aproximadamente)
/*!40000 ALTER TABLE `p_correo_bitacoras` DISABLE KEYS */;
INSERT INTO `p_correo_bitacoras` (`id`, `bnd_enviar`, `bitacora_id`, `empleado_id`, `bnd_jefe`, `dias_plazo`, `cia_id`, `usu_alta_id`, `usu_mod_id`, `created_at`, `updated_at`, `deleted_at`) VALUES
	(1, 1, 1, 2, 1, 1, 1, 1, 1, '2015-03-19 20:20:39', '2015-03-19 20:20:39', NULL),
	(2, 1, 2, 2, 1, 1, 1, 1, 1, '2015-03-19 20:20:39', '2015-03-19 20:20:39', NULL),
	(3, 1, 3, 2, 1, 1, 1, 1, 1, '2015-03-19 20:20:39', '2015-03-20 02:39:20', NULL),
	(4, 1, 4, 2, 1, 1, 1, 1, 1, '2015-03-19 20:20:39', '2015-03-19 20:20:39', NULL);
/*!40000 ALTER TABLE `p_correo_bitacoras` ENABLE KEYS */;


-- Volcando estructura para tabla siam_scribe.reg_impactos
CREATE TABLE IF NOT EXISTS `reg_impactos` (
  `id` int(10) unsigned NOT NULL AUTO_INCREMENT,
  `enc_impacto_id` int(10) unsigned NOT NULL,
  `factor_id` int(10) unsigned NOT NULL,
  `rubro_id` int(10) unsigned NOT NULL,
  `especifico_id` int(10) unsigned NOT NULL,
  `estatus_id` int(10) unsigned NOT NULL,
  `usu_alta_id` int(10) unsigned NOT NULL,
  `usu_mod_id` int(10) unsigned NOT NULL,
  `created_at` timestamp NOT NULL DEFAULT '0000-00-00 00:00:00',
  `updated_at` timestamp NOT NULL DEFAULT '0000-00-00 00:00:00',
  `deleted_at` timestamp NULL DEFAULT NULL,
  PRIMARY KEY (`id`),
  KEY `reg_impactos_usu_alta_id_foreign` (`usu_alta_id`),
  KEY `reg_impactos_usu_mod_id_foreign` (`usu_mod_id`),
  KEY `reg_impactos_estatus_id_foreign` (`estatus_id`),
  KEY `reg_impactos_especifico_id_foreign` (`especifico_id`),
  KEY `reg_impactos_rubro_id_foreign` (`rubro_id`),
  KEY `reg_impactos_factor_id_foreign` (`factor_id`),
  KEY `reg_impactos_enc_impacto_id_foreign` (`enc_impacto_id`),
  CONSTRAINT `reg_impactos_enc_impacto_id_foreign` FOREIGN KEY (`enc_impacto_id`) REFERENCES `enc_impactos` (`id`),
  CONSTRAINT `reg_impactos_especifico_id_foreign` FOREIGN KEY (`especifico_id`) REFERENCES `especificos` (`id`),
  CONSTRAINT `reg_impactos_estatus_id_foreign` FOREIGN KEY (`estatus_id`) REFERENCES `st_reg_impactos` (`id`),
  CONSTRAINT `reg_impactos_factor_id_foreign` FOREIGN KEY (`factor_id`) REFERENCES `factors` (`id`),
  CONSTRAINT `reg_impactos_rubro_id_foreign` FOREIGN KEY (`rubro_id`) REFERENCES `rubros` (`id`),
  CONSTRAINT `reg_impactos_usu_alta_id_foreign` FOREIGN KEY (`usu_alta_id`) REFERENCES `users` (`id`),
  CONSTRAINT `reg_impactos_usu_mod_id_foreign` FOREIGN KEY (`usu_mod_id`) REFERENCES `users` (`id`)
) ENGINE=InnoDB AUTO_INCREMENT=37 DEFAULT CHARSET=utf8 COLLATE=utf8_unicode_ci;

-- Volcando datos para la tabla siam_scribe.reg_impactos: ~36 rows (aproximadamente)
/*!40000 ALTER TABLE `reg_impactos` DISABLE KEYS */;
INSERT INTO `reg_impactos` (`id`, `enc_impacto_id`, `factor_id`, `rubro_id`, `especifico_id`, `estatus_id`, `usu_alta_id`, `usu_mod_id`, `created_at`, `updated_at`, `deleted_at`) VALUES
	(1, 1, 1, 1, 1, 1, 1, 1, '2015-03-24 21:16:14', '2015-03-24 21:16:14', NULL),
	(2, 1, 1, 2, 2, 1, 1, 1, '2015-03-24 21:16:14', '2015-03-24 21:16:14', NULL),
	(3, 1, 1, 2, 3, 1, 1, 1, '2015-03-24 21:16:14', '2015-03-24 21:16:14', NULL),
	(4, 1, 1, 2, 4, 1, 1, 1, '2015-03-24 21:16:14', '2015-03-24 21:16:14', NULL),
	(5, 1, 1, 3, 5, 1, 1, 1, '2015-03-24 21:16:14', '2015-03-24 21:16:14', NULL),
	(6, 1, 1, 3, 6, 1, 1, 1, '2015-03-24 21:16:14', '2015-03-24 21:16:14', NULL),
	(7, 1, 1, 4, 7, 1, 1, 1, '2015-03-24 21:16:14', '2015-03-24 21:16:14', NULL),
	(8, 1, 1, 4, 8, 1, 1, 1, '2015-03-24 21:16:14', '2015-03-24 21:16:14', NULL),
	(9, 1, 2, 5, 9, 1, 1, 1, '2015-03-24 21:16:14', '2015-03-24 21:16:14', NULL),
	(10, 1, 2, 5, 10, 1, 1, 1, '2015-03-24 21:16:14', '2015-03-24 21:16:14', NULL),
	(11, 1, 2, 5, 11, 1, 1, 1, '2015-03-24 21:16:15', '2015-03-24 21:16:15', NULL),
	(12, 1, 2, 5, 12, 1, 1, 1, '2015-03-24 21:16:15', '2015-03-24 21:16:15', NULL),
	(13, 1, 2, 6, 13, 1, 1, 1, '2015-03-24 21:16:15', '2015-03-24 21:16:15', NULL),
	(14, 1, 2, 6, 14, 1, 1, 1, '2015-03-24 21:16:15', '2015-03-24 21:16:15', NULL),
	(15, 1, 2, 6, 15, 1, 1, 1, '2015-03-24 21:16:15', '2015-03-24 21:16:15', NULL),
	(16, 1, 2, 6, 16, 1, 1, 1, '2015-03-24 21:16:15', '2015-03-24 21:16:15', NULL),
	(17, 1, 2, 7, 17, 1, 1, 1, '2015-03-24 21:16:15', '2015-03-24 21:16:15', NULL),
	(18, 1, 2, 7, 18, 1, 1, 1, '2015-03-24 21:16:15', '2015-03-24 21:16:15', NULL),
	(19, 2, 1, 1, 1, 1, 1, 1, '2015-04-03 20:34:45', '2015-04-03 20:34:45', NULL),
	(20, 2, 1, 2, 2, 1, 1, 1, '2015-04-03 20:34:45', '2015-04-03 20:34:45', NULL),
	(21, 2, 1, 2, 3, 1, 1, 1, '2015-04-03 20:34:45', '2015-04-03 20:34:45', NULL),
	(22, 2, 1, 2, 4, 1, 1, 1, '2015-04-03 20:34:45', '2015-04-03 20:34:45', NULL),
	(23, 2, 1, 3, 5, 1, 1, 1, '2015-04-03 20:34:45', '2015-04-03 20:34:45', NULL),
	(24, 2, 1, 3, 6, 1, 1, 1, '2015-04-03 20:34:45', '2015-04-03 20:34:45', NULL),
	(25, 2, 1, 4, 7, 1, 1, 1, '2015-04-03 20:34:45', '2015-04-03 20:34:45', NULL),
	(26, 2, 1, 4, 8, 1, 1, 1, '2015-04-03 20:34:45', '2015-04-03 20:34:45', NULL),
	(27, 2, 2, 5, 9, 1, 1, 1, '2015-04-03 20:34:45', '2015-04-03 20:34:45', NULL),
	(28, 2, 2, 5, 10, 1, 1, 1, '2015-04-03 20:34:46', '2015-04-03 20:34:46', NULL),
	(29, 2, 2, 5, 11, 1, 1, 1, '2015-04-03 20:34:46', '2015-04-03 20:34:46', NULL),
	(30, 2, 2, 5, 12, 1, 1, 1, '2015-04-03 20:34:46', '2015-04-03 20:34:46', NULL),
	(31, 2, 2, 6, 13, 1, 1, 1, '2015-04-03 20:34:46', '2015-04-03 20:34:46', NULL),
	(32, 2, 2, 6, 14, 1, 1, 1, '2015-04-03 20:34:46', '2015-04-03 20:34:46', NULL),
	(33, 2, 2, 6, 15, 1, 1, 1, '2015-04-03 20:34:46', '2015-04-03 20:34:46', NULL),
	(34, 2, 2, 6, 16, 1, 1, 1, '2015-04-03 20:34:46', '2015-04-03 20:34:46', NULL),
	(35, 2, 2, 7, 17, 1, 1, 1, '2015-04-03 20:34:46', '2015-04-03 20:34:46', NULL),
	(36, 2, 2, 7, 18, 1, 1, 1, '2015-04-03 20:34:46', '2015-04-03 20:34:46', NULL);
/*!40000 ALTER TABLE `reg_impactos` ENABLE KEYS */;


-- Volcando estructura para tabla siam_scribe.reversibilidads
CREATE TABLE IF NOT EXISTS `reversibilidads` (
  `id` int(10) unsigned NOT NULL AUTO_INCREMENT,
  `reversibilidad` varchar(255) COLLATE utf8_unicode_ci NOT NULL,
  `usu_alta_id` int(10) unsigned NOT NULL,
  `usu_mod_id` int(10) unsigned NOT NULL,
  `created_at` timestamp NOT NULL DEFAULT '0000-00-00 00:00:00',
  `updated_at` timestamp NOT NULL DEFAULT '0000-00-00 00:00:00',
  `deleted_at` timestamp NULL DEFAULT NULL,
  PRIMARY KEY (`id`),
  KEY `reversibilidads_usu_alta_id_foreign` (`usu_alta_id`),
  KEY `reversibilidads_usu_mod_id_foreign` (`usu_mod_id`),
  CONSTRAINT `reversibilidads_usu_alta_id_foreign` FOREIGN KEY (`usu_alta_id`) REFERENCES `users` (`id`),
  CONSTRAINT `reversibilidads_usu_mod_id_foreign` FOREIGN KEY (`usu_mod_id`) REFERENCES `users` (`id`)
) ENGINE=InnoDB AUTO_INCREMENT=4 DEFAULT CHARSET=utf8 COLLATE=utf8_unicode_ci;

-- Volcando datos para la tabla siam_scribe.reversibilidads: ~3 rows (aproximadamente)
/*!40000 ALTER TABLE `reversibilidads` DISABLE KEYS */;
INSERT INTO `reversibilidads` (`id`, `reversibilidad`, `usu_alta_id`, `usu_mod_id`, `created_at`, `updated_at`, `deleted_at`) VALUES
	(1, 'CORTO\r\n', 1, 1, '0000-00-00 00:00:00', '0000-00-00 00:00:00', NULL),
	(2, 'MEDIANO \r\n', 1, 1, '0000-00-00 00:00:00', '0000-00-00 00:00:00', NULL),
	(3, 'LARGO\r\n', 1, 1, '0000-00-00 00:00:00', '0000-00-00 00:00:00', NULL);
/*!40000 ALTER TABLE `reversibilidads` ENABLE KEYS */;


-- Volcando estructura para tabla siam_scribe.revisions
CREATE TABLE IF NOT EXISTS `revisions` (
  `id` int(10) unsigned NOT NULL AUTO_INCREMENT,
  `revisionable_type` varchar(255) COLLATE utf8_unicode_ci NOT NULL,
  `revisionable_id` int(11) NOT NULL,
  `user_id` int(11) DEFAULT NULL,
  `key` varchar(255) COLLATE utf8_unicode_ci NOT NULL,
  `old_value` text COLLATE utf8_unicode_ci,
  `new_value` text COLLATE utf8_unicode_ci,
  `created_at` timestamp NOT NULL DEFAULT '0000-00-00 00:00:00',
  `updated_at` timestamp NOT NULL DEFAULT '0000-00-00 00:00:00',
  PRIMARY KEY (`id`),
  KEY `revisions_revisionable_id_revisionable_type_index` (`revisionable_id`,`revisionable_type`)
) ENGINE=InnoDB AUTO_INCREMENT=9 DEFAULT CHARSET=utf8 COLLATE=utf8_unicode_ci;

-- Volcando datos para la tabla siam_scribe.revisions: ~8 rows (aproximadamente)
/*!40000 ALTER TABLE `revisions` DISABLE KEYS */;
INSERT INTO `revisions` (`id`, `revisionable_type`, `revisionable_id`, `user_id`, `key`, `old_value`, `new_value`, `created_at`, `updated_at`) VALUES
	(1, 'Bitacora_pendiente', 3, 1, 'pendiente', 'pendiente edicion', 'pendiente edicion2\r\n', '2015-03-04 00:23:31', '2015-03-04 00:23:31'),
	(2, 'Bitacora_pendiente', 3, 1, 'bit_st_id', '1', '2', '2015-03-04 03:02:42', '2015-03-04 03:02:42'),
	(3, 'Bitacora_pendiente', 3, 1, 'bit_st_id', '2', '3', '2015-03-04 03:03:25', '2015-03-04 03:03:25'),
	(4, 'Bitacora_pendiente', 3, 1, 'bit_st_id', '3', '4', '2015-03-04 03:03:32', '2015-03-04 03:03:32'),
	(5, 'Bitacora_pendiente', 4, 1, 'bit_st_id', '1', '2', '2015-03-04 03:24:03', '2015-03-04 03:24:03'),
	(6, 'Bitacora_pendiente', 4, 1, 'fec_planeada', '2015-03-03', '2015-03-23', '2015-03-21 16:09:53', '2015-03-21 16:09:53'),
	(7, 'Bitacora_pendiente', 4, 1, 'aviso', '2', '1', '2015-03-21 16:09:53', '2015-03-21 16:09:53'),
	(8, 'Bitacora_pendiente', 4, 1, 'dias_aviso', '0', '5', '2015-03-21 16:09:53', '2015-03-21 16:09:53');
/*!40000 ALTER TABLE `revisions` ENABLE KEYS */;


-- Volcando estructura para tabla siam_scribe.rev_documentals
CREATE TABLE IF NOT EXISTS `rev_documentals` (
  `id` int(10) unsigned NOT NULL AUTO_INCREMENT,
  `cia_id` int(10) unsigned NOT NULL,
  `anio` int(11) NOT NULL,
  `mes_id` int(10) unsigned NOT NULL,
  `usu_alta_id` int(10) unsigned NOT NULL,
  `usu_mod_id` int(10) unsigned NOT NULL,
  `created_at` timestamp NOT NULL DEFAULT '0000-00-00 00:00:00',
  `updated_at` timestamp NOT NULL DEFAULT '0000-00-00 00:00:00',
  `deleted_at` timestamp NULL DEFAULT NULL,
  PRIMARY KEY (`id`),
  KEY `rev_documentals_usu_alta_id_foreign` (`usu_alta_id`),
  KEY `rev_documentals_usu_mod_id_foreign` (`usu_mod_id`),
  KEY `rev_documentals_mes_id_foreign` (`mes_id`),
  KEY `rev_documentals_cia_id_foreign` (`cia_id`),
  CONSTRAINT `rev_documentals_cia_id_foreign` FOREIGN KEY (`cia_id`) REFERENCES `entidades` (`id`),
  CONSTRAINT `rev_documentals_mes_id_foreign` FOREIGN KEY (`mes_id`) REFERENCES `meses` (`id`),
  CONSTRAINT `rev_documentals_usu_alta_id_foreign` FOREIGN KEY (`usu_alta_id`) REFERENCES `users` (`id`),
  CONSTRAINT `rev_documentals_usu_mod_id_foreign` FOREIGN KEY (`usu_mod_id`) REFERENCES `users` (`id`)
) ENGINE=InnoDB AUTO_INCREMENT=3 DEFAULT CHARSET=utf8 COLLATE=utf8_unicode_ci;

-- Volcando datos para la tabla siam_scribe.rev_documentals: ~2 rows (aproximadamente)
/*!40000 ALTER TABLE `rev_documentals` DISABLE KEYS */;
INSERT INTO `rev_documentals` (`id`, `cia_id`, `anio`, `mes_id`, `usu_alta_id`, `usu_mod_id`, `created_at`, `updated_at`, `deleted_at`) VALUES
	(1, 1, 2015, 1, 1, 1, '2015-04-02 20:13:17', '2015-04-02 20:14:31', NULL),
	(2, 1, 2015, 1, 1, 1, '2015-04-03 20:40:05', '2015-04-03 20:40:05', NULL);
/*!40000 ALTER TABLE `rev_documentals` ENABLE KEYS */;


-- Volcando estructura para tabla siam_scribe.rev_documentoal_lns
CREATE TABLE IF NOT EXISTS `rev_documentoal_lns` (
  `id` int(10) unsigned NOT NULL AUTO_INCREMENT,
  `rev_documental_id` int(10) unsigned NOT NULL,
  `tpo_documento_id` int(10) unsigned NOT NULL,
  `documento_id` int(10) unsigned NOT NULL,
  `grupo_norma_id` int(10) unsigned NOT NULL,
  `norma_id` int(10) unsigned NOT NULL,
  `estatus_id` int(10) unsigned NOT NULL,
  `importancia_id` int(10) unsigned NOT NULL,
  `responsable_id` int(10) unsigned NOT NULL,
  `dias_advertencia1` int(11) NOT NULL,
  `dias_advertencia2` int(11) NOT NULL,
  `dias_advertencia3` int(11) NOT NULL,
  `fec_cumplimiento` date NOT NULL,
  `fec_vencimiento` date NOT NULL,
  `archivo` varchar(255) COLLATE utf8_unicode_ci NOT NULL,
  `observaciones` varchar(255) COLLATE utf8_unicode_ci NOT NULL,
  `usu_alta_id` int(10) unsigned NOT NULL,
  `usu_mod_id` int(10) unsigned NOT NULL,
  `created_at` timestamp NOT NULL DEFAULT '0000-00-00 00:00:00',
  `updated_at` timestamp NOT NULL DEFAULT '0000-00-00 00:00:00',
  `deleted_at` timestamp NULL DEFAULT NULL,
  PRIMARY KEY (`id`),
  KEY `rev_documentoal_lns_usu_alta_id_foreign` (`usu_alta_id`),
  KEY `rev_documentoal_lns_usu_mod_id_foreign` (`usu_mod_id`),
  KEY `rev_documentoal_lns_responsable_id_foreign` (`responsable_id`),
  KEY `rev_documentoal_lns_importancia_id_foreign` (`importancia_id`),
  KEY `rev_documentoal_lns_estatus_id_foreign` (`estatus_id`),
  KEY `rev_documentoal_lns_norma_id_foreign` (`norma_id`),
  KEY `rev_documentoal_lns_grupo_norma_id_foreign` (`grupo_norma_id`),
  KEY `rev_documentoal_lns_tpo_documento_id_foreign` (`tpo_documento_id`),
  KEY `rev_documentoal_lns_documento_id_foreign` (`documento_id`),
  KEY `rev_documentoal_lns_rev_documental_id_foreign` (`rev_documental_id`),
  CONSTRAINT `rev_documentoal_lns_documento_id_foreign` FOREIGN KEY (`documento_id`) REFERENCES `r_documentos` (`id`),
  CONSTRAINT `rev_documentoal_lns_estatus_id_foreign` FOREIGN KEY (`estatus_id`) REFERENCES `estatus_requisitos` (`id`),
  CONSTRAINT `rev_documentoal_lns_grupo_norma_id_foreign` FOREIGN KEY (`grupo_norma_id`) REFERENCES `cs_grupo_normas` (`id`),
  CONSTRAINT `rev_documentoal_lns_importancia_id_foreign` FOREIGN KEY (`importancia_id`) REFERENCES `importancia` (`id`),
  CONSTRAINT `rev_documentoal_lns_norma_id_foreign` FOREIGN KEY (`norma_id`) REFERENCES `cs_normas` (`id`),
  CONSTRAINT `rev_documentoal_lns_responsable_id_foreign` FOREIGN KEY (`responsable_id`) REFERENCES `empleados` (`id`),
  CONSTRAINT `rev_documentoal_lns_rev_documental_id_foreign` FOREIGN KEY (`rev_documental_id`) REFERENCES `rev_documentals` (`id`),
  CONSTRAINT `rev_documentoal_lns_tpo_documento_id_foreign` FOREIGN KEY (`tpo_documento_id`) REFERENCES `tpo_docs` (`id`),
  CONSTRAINT `rev_documentoal_lns_usu_alta_id_foreign` FOREIGN KEY (`usu_alta_id`) REFERENCES `users` (`id`),
  CONSTRAINT `rev_documentoal_lns_usu_mod_id_foreign` FOREIGN KEY (`usu_mod_id`) REFERENCES `users` (`id`)
) ENGINE=InnoDB AUTO_INCREMENT=2 DEFAULT CHARSET=utf8 COLLATE=utf8_unicode_ci;

-- Volcando datos para la tabla siam_scribe.rev_documentoal_lns: ~0 rows (aproximadamente)
/*!40000 ALTER TABLE `rev_documentoal_lns` DISABLE KEYS */;
INSERT INTO `rev_documentoal_lns` (`id`, `rev_documental_id`, `tpo_documento_id`, `documento_id`, `grupo_norma_id`, `norma_id`, `estatus_id`, `importancia_id`, `responsable_id`, `dias_advertencia1`, `dias_advertencia2`, `dias_advertencia3`, `fec_cumplimiento`, `fec_vencimiento`, `archivo`, `observaciones`, `usu_alta_id`, `usu_mod_id`, `created_at`, `updated_at`, `deleted_at`) VALUES
	(1, 1, 1, 3, 3, 3, 1, 1, 1, 15, 10, 5, '2015-04-30', '2016-04-29', '', '', 1, 1, '2015-04-18 19:15:10', '2015-04-18 19:15:10', NULL);
/*!40000 ALTER TABLE `rev_documentoal_lns` ENABLE KEYS */;


-- Volcando estructura para tabla siam_scribe.rev_requisitos
CREATE TABLE IF NOT EXISTS `rev_requisitos` (
  `id` int(10) unsigned NOT NULL AUTO_INCREMENT,
  `cia_id` int(10) unsigned NOT NULL,
  `anio` int(11) NOT NULL,
  `mes_id` int(10) unsigned NOT NULL,
  `usu_alta_id` int(10) unsigned NOT NULL,
  `usu_mod_id` int(10) unsigned NOT NULL,
  `created_at` timestamp NOT NULL DEFAULT '0000-00-00 00:00:00',
  `updated_at` timestamp NOT NULL DEFAULT '0000-00-00 00:00:00',
  `deleted_at` timestamp NULL DEFAULT NULL,
  PRIMARY KEY (`id`),
  KEY `rev_requisitos_usu_alta_id_foreign` (`usu_alta_id`),
  KEY `rev_requisitos_usu_mod_id_foreign` (`usu_mod_id`),
  KEY `rev_requisitos_mes_id_foreign` (`mes_id`),
  KEY `rev_requisitos_cia_id_foreign` (`cia_id`),
  CONSTRAINT `rev_requisitos_cia_id_foreign` FOREIGN KEY (`cia_id`) REFERENCES `entidades` (`id`),
  CONSTRAINT `rev_requisitos_mes_id_foreign` FOREIGN KEY (`mes_id`) REFERENCES `meses` (`id`),
  CONSTRAINT `rev_requisitos_usu_alta_id_foreign` FOREIGN KEY (`usu_alta_id`) REFERENCES `users` (`id`),
  CONSTRAINT `rev_requisitos_usu_mod_id_foreign` FOREIGN KEY (`usu_mod_id`) REFERENCES `users` (`id`)
) ENGINE=InnoDB AUTO_INCREMENT=3 DEFAULT CHARSET=utf8 COLLATE=utf8_unicode_ci;

-- Volcando datos para la tabla siam_scribe.rev_requisitos: ~2 rows (aproximadamente)
/*!40000 ALTER TABLE `rev_requisitos` DISABLE KEYS */;
INSERT INTO `rev_requisitos` (`id`, `cia_id`, `anio`, `mes_id`, `usu_alta_id`, `usu_mod_id`, `created_at`, `updated_at`, `deleted_at`) VALUES
	(1, 1, 2015, 1, 1, 1, '2015-04-01 13:20:19', '2015-04-01 13:20:29', NULL),
	(2, 1, 2015, 1, 1, 1, '2015-04-03 19:25:16', '2015-04-03 19:25:16', NULL);
/*!40000 ALTER TABLE `rev_requisitos` ENABLE KEYS */;


-- Volcando estructura para tabla siam_scribe.rev_requisitos_lns
CREATE TABLE IF NOT EXISTS `rev_requisitos_lns` (
  `id` int(10) unsigned NOT NULL AUTO_INCREMENT,
  `rev_requisitos_id` int(10) unsigned NOT NULL,
  `impacto_id` int(10) unsigned NOT NULL,
  `condicion_id` int(10) unsigned NOT NULL,
  `area_id` int(10) unsigned NOT NULL,
  `norma` varchar(255) COLLATE utf8_unicode_ci NOT NULL,
  `estatus_id` int(10) unsigned NOT NULL,
  `importancia_id` int(10) unsigned NOT NULL,
  `responsable_id` int(10) unsigned NOT NULL,
  `dias_advertencia1` int(11) NOT NULL,
  `dias_advertencia2` int(11) NOT NULL,
  `dias_advertencia3` int(11) NOT NULL,
  `fec_cumplimiento` date NOT NULL,
  `observaciones` varchar(255) COLLATE utf8_unicode_ci NOT NULL,
  `usu_alta_id` int(10) unsigned NOT NULL,
  `usu_mod_id` int(10) unsigned NOT NULL,
  `created_at` timestamp NOT NULL DEFAULT '0000-00-00 00:00:00',
  `updated_at` timestamp NOT NULL DEFAULT '0000-00-00 00:00:00',
  `deleted_at` timestamp NULL DEFAULT NULL,
  PRIMARY KEY (`id`),
  KEY `rev_requisitos_lns_usu_alta_id_foreign` (`usu_alta_id`),
  KEY `rev_requisitos_lns_usu_mod_id_foreign` (`usu_mod_id`),
  KEY `rev_requisitos_lns_responsable_id_foreign` (`responsable_id`),
  KEY `rev_requisitos_lns_importancia_id_foreign` (`importancia_id`),
  KEY `rev_requisitos_lns_estatus_id_foreign` (`estatus_id`),
  KEY `rev_requisitos_lns_area_id_foreign` (`area_id`),
  KEY `rev_requisitos_lns_impacto_id_foreign` (`impacto_id`),
  KEY `rev_requisitos_lns_condicion_id_foreign` (`condicion_id`),
  KEY `rev_requisitos_lns_rev_requisitos_id_foreign` (`rev_requisitos_id`),
  CONSTRAINT `rev_requisitos_lns_area_id_foreign` FOREIGN KEY (`area_id`) REFERENCES `areas` (`id`),
  CONSTRAINT `rev_requisitos_lns_condicion_id_foreign` FOREIGN KEY (`condicion_id`) REFERENCES `condiciones` (`id`),
  CONSTRAINT `rev_requisitos_lns_estatus_id_foreign` FOREIGN KEY (`estatus_id`) REFERENCES `estatus_condiciones` (`id`),
  CONSTRAINT `rev_requisitos_lns_impacto_id_foreign` FOREIGN KEY (`impacto_id`) REFERENCES `aa_impactos` (`id`),
  CONSTRAINT `rev_requisitos_lns_importancia_id_foreign` FOREIGN KEY (`importancia_id`) REFERENCES `importancia` (`id`),
  CONSTRAINT `rev_requisitos_lns_responsable_id_foreign` FOREIGN KEY (`responsable_id`) REFERENCES `empleados` (`id`),
  CONSTRAINT `rev_requisitos_lns_rev_requisitos_id_foreign` FOREIGN KEY (`rev_requisitos_id`) REFERENCES `rev_requisitos` (`id`),
  CONSTRAINT `rev_requisitos_lns_usu_alta_id_foreign` FOREIGN KEY (`usu_alta_id`) REFERENCES `users` (`id`),
  CONSTRAINT `rev_requisitos_lns_usu_mod_id_foreign` FOREIGN KEY (`usu_mod_id`) REFERENCES `users` (`id`)
) ENGINE=InnoDB AUTO_INCREMENT=2 DEFAULT CHARSET=utf8 COLLATE=utf8_unicode_ci;

-- Volcando datos para la tabla siam_scribe.rev_requisitos_lns: ~0 rows (aproximadamente)
/*!40000 ALTER TABLE `rev_requisitos_lns` DISABLE KEYS */;
INSERT INTO `rev_requisitos_lns` (`id`, `rev_requisitos_id`, `impacto_id`, `condicion_id`, `area_id`, `norma`, `estatus_id`, `importancia_id`, `responsable_id`, `dias_advertencia1`, `dias_advertencia2`, `dias_advertencia3`, `fec_cumplimiento`, `observaciones`, `usu_alta_id`, `usu_mod_id`, `created_at`, `updated_at`, `deleted_at`) VALUES
	(1, 1, 1, 3, 1, 'norma', 1, 1, 2, 15, 10, 5, '2015-04-23', '', 1, 1, '2015-04-08 20:30:41', '2015-04-08 20:33:05', NULL);
/*!40000 ALTER TABLE `rev_requisitos_lns` ENABLE KEYS */;


-- Volcando estructura para tabla siam_scribe.rubros
CREATE TABLE IF NOT EXISTS `rubros` (
  `id` int(10) unsigned NOT NULL AUTO_INCREMENT,
  `rubro` varchar(255) COLLATE utf8_unicode_ci NOT NULL,
  `usu_alta_id` int(10) unsigned NOT NULL,
  `usu_mod_id` int(10) unsigned NOT NULL,
  `created_at` timestamp NOT NULL DEFAULT '0000-00-00 00:00:00',
  `updated_at` timestamp NOT NULL DEFAULT '0000-00-00 00:00:00',
  `deleted_at` timestamp NULL DEFAULT NULL,
  PRIMARY KEY (`id`),
  KEY `rubros_usu_alta_id_foreign` (`usu_alta_id`),
  KEY `rubros_usu_mod_id_foreign` (`usu_mod_id`),
  CONSTRAINT `rubros_usu_alta_id_foreign` FOREIGN KEY (`usu_alta_id`) REFERENCES `users` (`id`),
  CONSTRAINT `rubros_usu_mod_id_foreign` FOREIGN KEY (`usu_mod_id`) REFERENCES `users` (`id`)
) ENGINE=InnoDB AUTO_INCREMENT=8 DEFAULT CHARSET=utf8 COLLATE=utf8_unicode_ci;

-- Volcando datos para la tabla siam_scribe.rubros: ~7 rows (aproximadamente)
/*!40000 ALTER TABLE `rubros` DISABLE KEYS */;
INSERT INTO `rubros` (`id`, `rubro`, `usu_alta_id`, `usu_mod_id`, `created_at`, `updated_at`, `deleted_at`) VALUES
	(1, 'Social\r\n', 1, 1, '2014-10-06 23:55:52', '2014-10-06 23:57:22', NULL),
	(2, 'Suelo\r\n', 1, 1, '0000-00-00 00:00:00', '0000-00-00 00:00:00', NULL),
	(3, 'Agua\r\n', 1, 1, '0000-00-00 00:00:00', '0000-00-00 00:00:00', NULL),
	(4, 'Aire\r\n', 1, 1, '0000-00-00 00:00:00', '0000-00-00 00:00:00', NULL),
	(5, 'Vegetacion\r\n', 1, 1, '0000-00-00 00:00:00', '0000-00-00 00:00:00', NULL),
	(6, 'Fauna\r\n', 1, 1, '0000-00-00 00:00:00', '0000-00-00 00:00:00', NULL),
	(7, 'Paisaje\r\n', 1, 1, '0000-00-00 00:00:00', '0000-00-00 00:00:00', NULL);
/*!40000 ALTER TABLE `rubros` ENABLE KEYS */;


-- Volcando estructura para tabla siam_scribe.r_documentos
CREATE TABLE IF NOT EXISTS `r_documentos` (
  `id` int(10) unsigned NOT NULL AUTO_INCREMENT,
  `tpo_documento_id` int(10) unsigned NOT NULL,
  `r_documento` varchar(500) COLLATE utf8_unicode_ci NOT NULL,
  `usu_alta_id` int(10) unsigned NOT NULL,
  `usu_mod_id` int(10) unsigned NOT NULL,
  `created_at` timestamp NOT NULL DEFAULT '0000-00-00 00:00:00',
  `updated_at` timestamp NOT NULL DEFAULT '0000-00-00 00:00:00',
  `deleted_at` timestamp NULL DEFAULT NULL,
  PRIMARY KEY (`id`),
  KEY `r_documentos_usu_alta_id_foreign` (`usu_alta_id`),
  KEY `r_documentos_usu_mod_id_foreign` (`usu_mod_id`),
  KEY `r_documentos_tpo_documento_id_foreign` (`tpo_documento_id`),
  CONSTRAINT `r_documentos_tpo_documento_id_foreign` FOREIGN KEY (`tpo_documento_id`) REFERENCES `tpo_docs` (`id`),
  CONSTRAINT `r_documentos_usu_alta_id_foreign` FOREIGN KEY (`usu_alta_id`) REFERENCES `users` (`id`),
  CONSTRAINT `r_documentos_usu_mod_id_foreign` FOREIGN KEY (`usu_mod_id`) REFERENCES `users` (`id`)
) ENGINE=InnoDB AUTO_INCREMENT=284 DEFAULT CHARSET=utf8 COLLATE=utf8_unicode_ci;

-- Volcando datos para la tabla siam_scribe.r_documentos: ~283 rows (aproximadamente)
/*!40000 ALTER TABLE `r_documentos` DISABLE KEYS */;
INSERT INTO `r_documentos` (`id`, `tpo_documento_id`, `r_documento`, `usu_alta_id`, `usu_mod_id`, `created_at`, `updated_at`, `deleted_at`) VALUES
	(1, 1, 'Acta constitutiva de la empresa', 1, 1, '2015-04-08 14:09:58', '2015-04-08 14:09:53', NULL),
	(2, 1, 'Copia de escritura notariada del representante legal', 1, 1, '2015-04-08 14:09:58', '2015-04-08 14:09:53', NULL),
	(3, 1, 'Organigrama actualizado de la planta', 1, 1, '2015-04-08 14:09:58', '2015-04-08 14:09:53', NULL),
	(4, 1, 'Plano de ubicacion de la planta', 1, 1, '2015-04-08 14:09:58', '2015-04-08 14:09:53', NULL),
	(5, 1, 'Descripcion general de la planta', 1, 1, '2015-04-08 14:09:58', '2015-04-08 14:09:53', NULL),
	(6, 1, 'Plano de arreglo general actualizado de planta', 1, 1, '2015-04-08 14:09:58', '2015-04-08 14:09:53', NULL),
	(7, 1, 'Listado de productos señalando la produccion anual', 1, 1, '2015-04-08 14:09:58', '2015-04-08 14:09:53', NULL),
	(8, 1, 'Titulo de propiedad inscrito en RPP', 1, 1, '2015-04-08 14:09:58', '2015-04-08 14:09:53', NULL),
	(9, 1, 'Documento de servidumbre de paso con empresas vecinas', 1, 1, '2015-04-08 14:09:58', '2015-04-08 14:09:53', NULL),
	(10, 1, 'Registro ante la CNICP', 1, 1, '2015-04-08 14:09:58', '2015-04-08 14:09:53', NULL),
	(11, 1, 'Licencia Municipal de Funcionamiento o aviso de apertura', 1, 1, '2015-04-08 14:09:58', '2015-04-08 14:09:53', NULL),
	(12, 1, 'Licencia de uso de suelo municipal', 1, 1, '2015-04-08 14:09:58', '2015-04-08 14:09:53', NULL),
	(13, 1, 'Empadronamiento municipal', 1, 1, '2015-04-08 14:09:58', '2015-04-08 14:09:53', NULL),
	(14, 1, 'Alineamiento y Numero Oficial', 1, 1, '2015-04-08 14:09:58', '2015-04-08 14:09:53', NULL),
	(15, 1, 'Clave Catastral', 1, 1, '2015-04-08 14:09:58', '2015-04-08 14:09:53', NULL),
	(16, 1, 'Asignacion de cuenta predial', 1, 1, '2015-04-08 14:09:58', '2015-04-08 14:09:53', NULL),
	(17, 1, 'Constancia de no adeudo del predio', 1, 1, '2015-04-08 14:09:58', '2015-04-08 14:09:53', NULL),
	(18, 1, 'Registro patronal ante el IMSS, INFONAVIT y FONACOT', 1, 1, '2015-04-08 14:09:58', '2015-04-08 14:09:53', NULL),
	(19, 1, 'Aviso de funcionamiento de la empresa ante la SSA', 1, 1, '2015-04-08 14:09:58', '2015-04-08 14:09:53', NULL),
	(20, 1, 'Dictamen de PROFECO de las basculas', 1, 1, '2015-04-08 14:09:58', '2015-04-08 14:09:53', NULL),
	(21, 1, 'Contrato para uso de las espuelas del ferrocarril', 1, 1, '2015-04-08 14:09:58', '2015-04-08 14:09:53', NULL),
	(22, 2, 'bitacora de registro de emisiones contaminantes de cada  equipo generador (actualizada)', 1, 1, '2015-04-08 14:09:58', '2015-04-08 14:09:53', NULL),
	(23, 2, 'Reporte federal de la cedula de operacion anual - ultimos cinco años', 1, 1, '2015-04-08 14:09:58', '2015-04-08 14:09:53', NULL),
	(24, 2, 'Inventario de emisiones contaminantes a la atmosfera', 1, 1, '2015-04-08 14:09:58', '2015-04-08 14:09:53', NULL),
	(25, 2, 'Bitacora de monitoreo perimetral de emisiones a la atmosfera - (plantas en zonas urbanas y sub-urbanas)', 1, 1, '2015-04-08 14:09:58', '2015-04-08 14:09:53', NULL),
	(26, 2, 'Reporte estatal de la cedula de operacion anual - ultimos tres años', 1, 1, '2015-04-08 14:09:58', '2015-04-08 14:09:53', NULL),
	(27, 2, 'Bitacora de operacion y mantenimiento de equipos de proceso y control de emisiones a la atmosfera', 1, 1, '2015-04-08 14:09:58', '2015-04-08 14:09:53', NULL),
	(28, 2, 'Programa y/o evidencias de mantenimiento a plataformas y puertos de muestreo de chimeneas y ductos', 1, 1, '2015-04-08 14:09:58', '2015-04-08 14:09:53', NULL),
	(29, 2, 'Diagrama de flujo que identifica equipos y operaciones que generan emisiones contaminantes a la atmosfera', 1, 1, '2015-04-08 14:09:58', '2015-04-08 14:09:53', NULL),
	(30, 2, 'Licencia de funcionamiento o licencia ambiental unica', 1, 1, '2015-04-08 14:09:58', '2015-04-08 14:09:53', NULL),
	(31, 2, 'Memorias de calculo y mediciones de la COA - (metodos de muestreo, datos de laboratorio, factores usados, balances, etc.) - ultimos cinco años', 1, 1, '2015-04-08 14:09:58', '2015-04-08 14:09:53', NULL),
	(32, 2, 'Estudio justificativo de caracteristicas especiales para ductos y chimeneas (en caso que existan)', 1, 1, '2015-04-08 14:09:58', '2015-04-08 14:09:53', NULL),
	(33, 2, 'Documento de exencion de contingencia ambiental – fase I – plantas ubicadas en zona metropolitana del Valle de Mexico', 1, 1, '2015-04-08 14:09:58', '2015-04-08 14:09:53', NULL),
	(34, 2, 'Documento para eximir de puertos de muestreo en fuentes emisoras (en caso de no tener)', 1, 1, '2015-04-08 14:09:58', '2015-04-08 14:09:53', NULL),
	(35, 2, 'Avisos de paro/reinicio de operacion enviados a SEMARNAT en caso de paros programados o emergencias (en caso de aplicar)', 1, 1, '2015-04-08 14:09:58', '2015-04-08 14:09:53', NULL),
	(36, 2, 'Planos y memorias de calculo de equipos y sistemas de control de emisiones contaminantes a la atmosfera', 1, 1, '2015-04-08 14:09:58', '2015-04-08 14:09:53', NULL),
	(37, 3, 'Pagos por uso de zona federal para descarga aguas residuales - ultimos 3 años', 1, 1, '2015-04-08 14:09:58', '2015-04-08 14:09:53', NULL),
	(38, 3, 'Bitacora de reportes a CNA de calidad de aguas residuales - ultimos 3 años  - laboratorios con EMA y aprobacion CNA', 1, 1, '2015-04-08 14:09:58', '2015-04-08 14:09:53', NULL),
	(39, 3, 'Permiso para descargar aguas residuales en cauces, vasos o zonas federales', 1, 1, '2015-04-08 14:09:58', '2015-04-08 14:09:53', NULL),
	(40, 3, 'Permiso para riego de areas verdes con aguas residuales tratadas', 1, 1, '2015-04-08 14:09:58', '2015-04-08 14:09:53', NULL),
	(41, 3, 'Registro del titulo de concesion para descarga de aguas residuales en el RPDA', 1, 1, '2015-04-08 14:09:58', '2015-04-08 14:09:53', NULL),
	(42, 3, 'Registro del titulo de concesion de uso o aprovechamiento de aguas nacionales en el RPDA', 1, 1, '2015-04-08 14:09:58', '2015-04-08 14:09:53', NULL),
	(43, 3, 'Informe bianual de calidad de agua residual descargada', 1, 1, '2015-04-08 14:09:58', '2015-04-08 14:09:53', NULL),
	(44, 3, 'Bitacora de operacion de la planta de tratamiento de aguas residuales', 1, 1, '2015-04-08 14:09:58', '2015-04-08 14:09:53', NULL),
	(45, 3, 'Bitacora de consumo diario de agua fresca - ultimos 3 años', 1, 1, '2015-04-08 14:09:58', '2015-04-08 14:09:53', NULL),
	(46, 3, 'Bitacora para registro del volumen de descarga diario de aguas residuales - ultimos 3 años', 1, 1, '2015-04-08 14:09:58', '2015-04-08 14:09:53', NULL),
	(47, 3, 'Plano actualizado de drenajes - (pluvial, sanitario y de proceso) ', 1, 1, '2015-04-08 14:09:58', '2015-04-08 14:09:53', NULL),
	(48, 3, 'Programa de mantenimiento a medidores de agua fresca - (notificacion a CNA)', 1, 1, '2015-04-08 14:09:58', '2015-04-08 14:09:53', NULL),
	(49, 3, 'Programa de mantenimiento a medidores de aguas residuales - (notificacion a CNA)', 1, 1, '2015-04-08 14:09:58', '2015-04-08 14:09:53', NULL),
	(50, 3, 'Programa de ahorro de agua fresca - Fugas en valvulas y tuberia en mal estado, evitar el desperdicio. Modificaciones de equipo/proceso para reducir uso de agua', 1, 1, '2015-04-08 14:09:58', '2015-04-08 14:09:53', NULL),
	(51, 3, 'Programa de mantenimiento a tuberias, tanques de almacenamiento, equipos mecanicos y electricos del suministro de agua fresca - Uso eficiente de agua', 1, 1, '2015-04-08 14:09:58', '2015-04-08 14:09:53', NULL),
	(52, 3, 'Programa de mantenimiento a tuberias, drenajes, tanques de almacenamiento, equipos mecanicos y electricos del tratamiento de las aguas residuales - proteccion de la contaminacion del suelo', 1, 1, '2015-04-08 14:09:58', '2015-04-08 14:09:53', NULL),
	(53, 3, 'Programa de mantenimiento a sitios de muestreo de descarga de aguas residuales', 1, 1, '2015-04-08 14:09:58', '2015-04-08 14:09:53', NULL),
	(54, 3, 'Programa de reuso de agua', 1, 1, '2015-04-08 14:09:58', '2015-04-08 14:09:53', NULL),
	(55, 3, 'Acreditacion EMA/IMTA actualizada y aprobacion CNA del laboratorio que realiza analisis de las aguas residuales', 1, 1, '2015-04-08 14:09:58', '2015-04-08 14:09:53', NULL),
	(56, 3, 'Planos y memoria de calculo de la planta de tratamiento de aguas residuales', 1, 1, '2015-04-08 14:09:58', '2015-04-08 14:09:53', NULL),
	(57, 3, 'Descripcion del sistema de tratamiento de aguas residuales', 1, 1, '2015-04-08 14:09:58', '2015-04-08 14:09:53', NULL),
	(58, 3, 'Bitacora de analisis de la calidad del agua potable', 1, 1, '2015-04-08 14:09:58', '2015-04-08 14:09:53', NULL),
	(59, 3, 'Constancia de no adeudo de agua al municipio', 1, 1, '2015-04-08 14:09:58', '2015-04-08 14:09:53', NULL),
	(60, 3, 'Numero de registro para descarga de aguas residuales al sistema de alcantarillado (municipio)', 1, 1, '2015-04-08 14:09:58', '2015-04-08 14:09:53', NULL),
	(61, 3, 'Solicitud de no cancelacion de volumen de agua fresca no explotado', 1, 1, '2015-04-08 14:09:58', '2015-04-08 14:09:53', NULL),
	(62, 3, 'Dispositivos para monitoreo de la calidad del agua residual', 1, 1, '2015-04-08 14:09:58', '2015-04-08 14:09:53', NULL),
	(63, 3, 'Medidor en el sitio descarga de agua residual - Documento de aceptado por CNA', 1, 1, '2015-04-08 14:09:58', '2015-04-08 14:09:53', NULL),
	(64, 3, 'Aviso de suspension y reinicio de operaciones del sistema de tratamiento de aguas residuales en paros programados y emergentes', 1, 1, '2015-04-08 14:09:58', '2015-04-08 14:09:53', NULL),
	(65, 3, 'Medidas precautorias para aislar el agua residual en caso de accidente', 1, 1, '2015-04-08 14:09:58', '2015-04-08 14:09:53', NULL),
	(66, 3, 'Medidor de agua fresca - Documento de aceptado por CNA', 1, 1, '2015-04-08 14:09:58', '2015-04-08 14:09:53', NULL),
	(67, 4, 'Programa de mantenimiento a tanques de almacenamiento - identificacion de contenido, rombo de seguridad y capacidad de almacenamiento, asi como, inspeccion de las condiciones fisicas y resgistro de actividades preventivas y correctivas.', 1, 1, '2015-04-08 14:09:58', '2015-04-08 14:09:53', NULL),
	(68, 4, 'Programa de mantenimiento a pisos y diques de contencion donde se almacenan productos quimicos, combustibles o residuos peligrosos - Acciones preventivas, correctivas e inspeccion de las condiciones fisicas.', 1, 1, '2015-04-08 14:09:58', '2015-04-08 14:09:53', NULL),
	(69, 4, 'Estudios para determinar que no hay daño al suelo por derrames de aceite, productos quimicos, combustibles, solventes, en areas de almacenamiento y talleres - Sitios donde se sospecha que hay o hubo derrames', 1, 1, '2015-04-08 14:09:58', '2015-04-08 14:09:53', NULL),
	(70, 4, 'Procedimiento de emergencia para casos de contaminacion accidental del suelo y subsuelo', 1, 1, '2015-04-08 14:09:58', '2015-04-08 14:09:53', NULL),
	(71, 4, 'Descripcion de areas construidas, areas verdes, area de estacionamiento y el total de metros cuadrados del predio', 1, 1, '2015-04-08 14:09:58', '2015-04-08 14:09:53', NULL),
	(72, 4, 'Programa de supervision para evitar derrames de aceite, productos quimicos, combustibles o residuos peligrosos al drenaje o suelo', 1, 1, '2015-04-08 14:09:58', '2015-04-08 14:09:53', NULL),
	(73, 5, 'Listado de residuos peligrosos indicando las caracteristicas CRETIB, No. de catalogo del INE, No. clave de la NOM-052-SEMARNAT-2005', 1, 1, '2015-04-08 14:09:58', '2015-04-08 14:09:53', NULL),
	(74, 5, 'Procedimiento para almacenamiento, manejo, y disposicion de grasas y aceites lubricantes usados', 1, 1, '2015-04-08 14:09:58', '2015-04-08 14:09:53', NULL),
	(75, 5, 'Procedimiento para manejo, almacenamiento y disposicion  de solventes usados', 1, 1, '2015-04-08 14:09:58', '2015-04-08 14:09:53', NULL),
	(76, 5, 'Procedimiento para almacenamiento, manejo, y disposicion  de residuos de la DQO', 1, 1, '2015-04-08 14:09:58', '2015-04-08 14:09:53', NULL),
	(77, 5, 'Procedimiento para manejo y disposicion final de dispositivos con elementos radiactivos', 1, 1, '2015-04-08 14:09:58', '2015-04-08 14:09:53', NULL),
	(78, 5, 'Bitacora para registro de disposicion de desechos de enfermeria', 1, 1, '2015-04-08 14:09:58', '2015-04-08 14:09:53', NULL),
	(79, 5, 'Bitacora de analisis CRETIB de los residuos peligrosos - ultimos 5 años', 1, 1, '2015-04-08 14:09:58', '2015-04-08 14:09:53', NULL),
	(80, 5, 'Bitacora de los manifiestos de entrega, transporte y recepcion de residuos peligrosos - ultimos 5 años', 1, 1, '2015-04-08 14:09:58', '2015-04-08 14:09:53', NULL),
	(81, 5, 'Bitacora mensual de generacion de residuos peligrosos -  no se almacena por mas de 6 meses.', 1, 1, '2015-04-08 14:09:58', '2015-04-08 14:09:53', NULL),
	(82, 5, 'Informe anual sobre movimientos de residuos peligrosos (incluido en la COA) - conservar al menos 10 años', 1, 1, '2015-04-08 14:09:58', '2015-04-08 14:09:53', NULL),
	(83, 5, 'Registro como empresa generadora de residuos peligrosos', 1, 1, '2015-04-08 14:09:58', '2015-04-08 14:09:53', NULL),
	(84, 5, 'Autorizacion de SEMARNAT y SCT de la empresa que transporta los residuos peligrosos - Vigentes', 1, 1, '2015-04-08 14:09:58', '2015-04-08 14:09:53', NULL),
	(85, 5, 'Autorizacion de SEMARNAT a la empresa prestadora de servicio para recoleccion, almacenamiento, reuso, tratamiento, reciclaje, incineracion o disposicion final de residuos peligrosos - Vigente', 1, 1, '2015-04-08 14:09:58', '2015-04-08 14:09:53', NULL),
	(86, 5, 'Constancia de la PROFEPA de que no se generan o poseen bifenilos policlorados', 1, 1, '2015-04-08 14:09:58', '2015-04-08 14:09:53', NULL),
	(87, 5, 'Registro/autorizacion/permiso como poseedor de fuentes radiactivas y el inventario de las mismas', 1, 1, '2015-04-08 14:09:58', '2015-04-08 14:09:53', NULL),
	(88, 5, 'Procedimiento para manejo de los desechos de enfermeria', 1, 1, '2015-04-08 14:09:58', '2015-04-08 14:09:53', NULL),
	(89, 5, 'Contrato con el transportista de los residuos peligrosos', 1, 1, '2015-04-08 14:09:58', '2015-04-08 14:09:53', NULL),
	(90, 5, 'Constancia anual de disposicion final de los residuos peligrosos (lo debe dar el prestador del servicio)', 1, 1, '2015-04-08 14:09:58', '2015-04-08 14:09:53', NULL),
	(91, 5, 'Plan de manejo de residuos peligrosos presentado ante SEMARNAT y la correspondiente carta de aceptacion y condicionantes', 1, 1, '2015-04-08 14:09:58', '2015-04-08 14:09:53', NULL),
	(92, 5, 'Etiquetas para identificar recipientes de residuos peligrosos -  ¿cumplen la legislacion y normatividad mexicana?', 1, 1, '2015-04-08 14:09:58', '2015-04-08 14:09:53', NULL),
	(93, 5, 'Hojas de emergencia para transporte de residuos peligrosos', 1, 1, '2015-04-08 14:09:58', '2015-04-08 14:09:53', NULL),
	(94, 5, 'Procedimiento para accidentes por almacenamiento, manejo, o disposicion de residuos peligrosos', 1, 1, '2015-04-08 14:09:58', '2015-04-08 14:09:53', NULL),
	(95, 5, 'Procedimiento para manejo, almacenamiento y disposicion  de baterias automotrices usadas', 1, 1, '2015-04-08 14:09:58', '2015-04-08 14:09:53', NULL),
	(96, 5, 'Procedimiento para destruccion o disposicion de medicamentos caducos', 1, 1, '2015-04-08 14:09:58', '2015-04-08 14:09:53', NULL),
	(97, 5, '¿Existen residuos peligrosos que deban darse de alta o eliminarse del registro actual?', 1, 1, '2015-04-08 14:09:58', '2015-04-08 14:09:53', NULL),
	(98, 6, 'Plano o croquis de ubicacion del sitio de relleno sanitario', 1, 1, '2015-04-08 14:09:58', '2015-04-08 14:09:53', NULL),
	(99, 6, 'Analisis CRETIB, a los lodos del tratamiento de aguas residuales - actualizado', 1, 1, '2015-04-08 14:09:58', '2015-04-08 14:09:53', NULL),
	(100, 6, 'Autorizacion (al contratista) del gobierno municipal para disposicion final de residuos solidos urbanos', 1, 1, '2015-04-08 14:09:58', '2015-04-08 14:09:53', NULL),
	(101, 6, 'Autorizacion  (al contratista) del gobierno estatal para disposicion final de residuos de manejo especial', 1, 1, '2015-04-08 14:09:58', '2015-04-08 14:09:53', NULL),
	(102, 6, 'Bitacora para registro de generacion y disposicion de residuos de manejo especial - (lodos de tratamiento de aguas residuales, empaques, centros de bobinas, madera, alambre, flejes, plasticos, neumaticos usados, etc.)', 1, 1, '2015-04-08 14:09:58', '2015-04-08 14:09:53', NULL),
	(103, 6, 'Listado de residuos de manejo especial', 1, 1, '2015-04-08 14:09:58', '2015-04-08 14:09:53', NULL),
	(104, 6, 'Listado de residuos solidos urbanos', 1, 1, '2015-04-08 14:09:58', '2015-04-08 14:09:53', NULL),
	(105, 6, 'Procedimiento para favorecer el reciclo o reuso de residuos de manejo especial y solidos urbanos', 1, 1, '2015-04-08 14:09:58', '2015-04-08 14:09:53', NULL),
	(106, 6, 'Procedimiento para manejo y almacenamiento temporal de residuos de manejo especial y solidos urbanos', 1, 1, '2015-04-08 14:09:58', '2015-04-08 14:09:53', NULL),
	(107, 6, 'Registro como generador de residuos de manejo especial expedido por el estado', 1, 1, '2015-04-08 14:09:58', '2015-04-08 14:09:53', NULL),
	(108, 6, 'Registro como generador de residuos solidos urbanos expedido por el municipio', 1, 1, '2015-04-08 14:09:58', '2015-04-08 14:09:53', NULL),
	(109, 6, 'Registro como empresa prestadora de servicios, de la empresa que maneja los Residuos Solidos Urbanos', 1, 1, '2015-04-08 14:09:58', '2015-04-08 14:09:53', NULL),
	(110, 6, 'Registro como empresa prestadora de servicios, de la empresa que maneja los Residuos de Manejo Especial', 1, 1, '2015-04-08 14:09:58', '2015-04-08 14:09:53', NULL),
	(111, 6, 'Constancia anual de disposicion de residuos solidos urbanos', 1, 1, '2015-04-08 14:09:58', '2015-04-08 14:09:53', NULL),
	(112, 6, 'Constancia anual de disposicion de residuos de manejo especial', 1, 1, '2015-04-08 14:09:58', '2015-04-08 14:09:53', NULL),
	(113, 6, 'Plan de manejo de los residuos de manejo especial - oficio de aceptacion y condicionantes de la autoridad estatal', 1, 1, '2015-04-08 14:09:58', '2015-04-08 14:09:53', NULL),
	(114, 6, 'Autorizacion (del contratista) actualizada para recoleccion y transportes de residuos solidos urbanos', 1, 1, '2015-04-08 14:09:58', '2015-04-08 14:09:53', NULL),
	(115, 6, 'Plan de manejo de residuos solidos urbanos - sello de recibido por el municipio', 1, 1, '2015-04-08 14:09:58', '2015-04-08 14:09:53', NULL),
	(116, 6, 'Registro de los residuos de manejo especial que son reciclados o reusados fuera de la empresa', 1, 1, '2015-04-08 14:09:58', '2015-04-08 14:09:53', NULL),
	(117, 6, 'Procedimiento para manejo, almacenamiento y disposicion  de  neumaticos usados', 1, 1, '2015-04-08 14:09:58', '2015-04-08 14:09:53', NULL),
	(118, 6, 'Autorizacion (del contratista) actualizada para recoleccion y transporte de residuos de manejo especial', 1, 1, '2015-04-08 14:09:58', '2015-04-08 14:09:53', NULL),
	(119, 6, 'Documento de justificacion de la Secretaria Estatal de Medio Ambiente para no presentar el plan de manejo de residuos de manejo especial  - solamente para los casos en que  no se tien plan de manejo', 1, 1, '2015-04-08 14:09:58', '2015-04-08 14:09:53', NULL),
	(120, 6, 'Documento de justificacion del departamento de Ecologia del Municipio para no presentar plan de manejo de residuos solidos urbanos - solamente para los casos en que  no se tien plan de manejo', 1, 1, '2015-04-08 14:09:58', '2015-04-08 14:09:53', NULL),
	(121, 6, 'Bitacora para registro de generacion y disposicion de residuos solidos urbanos', 1, 1, '2015-04-08 14:09:58', '2015-04-08 14:09:53', NULL),
	(122, 7, 'Programa de conservacion de la audicion para las areas con niveles de exposicion igual o superior a 85 dB(A) - Debe incluir cronograma de actividades y registros de las acciones. La documentacion se debe conservar por lo menos durante cinco años.', 1, 1, '2015-04-08 14:09:58', '2015-04-08 14:09:53', NULL),
	(123, 7, 'Reconocimiento y evaluacion del ruido en todas las areas con niveles de exposicion igual o superior a 80 dB(A)', 1, 1, '2015-04-08 14:09:58', '2015-04-08 14:09:53', NULL),
	(124, 7, 'Inventario de fuentes que causan ruido o vibraciones bajo condiciones normales de operacion', 1, 1, '2015-04-08 14:09:58', '2015-04-08 14:09:53', NULL),
	(125, 7, 'Monitoreo de ruido ambiental - plantas ubicadas en zonas urbanas y sub-urbanas', 1, 1, '2015-04-08 14:09:58', '2015-04-08 14:09:53', NULL),
	(126, 7, 'Dictamen de ruido de areas operativas - La validez es de dos años', 1, 1, '2015-04-08 14:09:58', '2015-04-08 14:09:53', NULL),
	(127, 8, 'Estudio para la clasificacion de riesgo de incendio del centro de trabajo', 1, 1, '2015-04-08 14:09:58', '2015-04-08 14:09:53', NULL),
	(128, 8, 'Plano actualizado de las rutas de evacuacion, colocado en las areas de trabajo', 1, 1, '2015-04-08 14:09:58', '2015-04-08 14:09:53', NULL),
	(129, 8, 'Instrucciones de seguridad para la prevencion y proteccion de incendios aplicables en cada area del centro trabajo', 1, 1, '2015-04-08 14:09:58', '2015-04-08 14:09:53', NULL),
	(130, 8, 'Plan para atencion de emergencias de incendio', 1, 1, '2015-04-08 14:09:58', '2015-04-08 14:09:53', NULL),
	(131, 8, 'Documento que acredite que cuenta con brigadas contra incendio - centros de trabajo clasificados con riesgo de incendio alto', 1, 1, '2015-04-08 14:09:58', '2015-04-08 14:09:53', NULL),
	(132, 8, 'Registro de simulacros de incendio - Una vez por año para riesgo ordinario y dos veces para riesgo alto', 1, 1, '2015-04-08 14:09:58', '2015-04-08 14:09:53', NULL),
	(133, 8, 'Documento que acredite que se capacito a los trabajadores y a los integrantes de las brigadas contra incendio - programa de capacitacion anual teorico-practico, en materia de prevencion de incendios y atencion de emergencias.', 1, 1, '2015-04-08 14:09:58', '2015-04-08 14:09:53', NULL),
	(134, 8, 'Plano actualizado de la red contra incendios', 1, 1, '2015-04-08 14:09:58', '2015-04-08 14:09:53', NULL),
	(135, 8, 'Plan de notificacion para evacuacion de la poblacion civil circundante', 1, 1, '2015-04-08 14:09:58', '2015-04-08 14:09:53', NULL),
	(136, 8, 'Bitacora para registro de simulacros de emergencias y desastres', 1, 1, '2015-04-08 14:09:58', '2015-04-08 14:09:53', NULL),
	(137, 8, 'Registros que acreditan la organizacion y capacitacion de la brigada para evacuacion del personal', 1, 1, '2015-04-08 14:09:58', '2015-04-08 14:09:53', NULL),
	(138, 8, 'Registros que acreditan organizacion y capacitacion de la brigada de atencion de primeros auxilios', 1, 1, '2015-04-08 14:09:58', '2015-04-08 14:09:53', NULL),
	(139, 8, 'Estudio para analizar el riesgo potencial generado por la maquinaria y equipo', 1, 1, '2015-04-08 14:09:58', '2015-04-08 14:09:53', NULL),
	(140, 8, 'Programa especifico de seguridad e higiene para la operacion y mantenimiento de la maquinaria y equipo - Derivado del analisis de riesgo', 1, 1, '2015-04-08 14:09:58', '2015-04-08 14:09:53', NULL),
	(141, 8, 'Manual de primeros auxilios que define los procedimientos para atencion de emergencias', 1, 1, '2015-04-08 14:09:58', '2015-04-08 14:09:53', NULL),
	(142, 8, 'Documento que acredite que se capacita a los trabajadores para la atencion de emergencias', 1, 1, '2015-04-08 14:09:58', '2015-04-08 14:09:53', NULL),
	(143, 8, 'Registros que acrediten que se capacita a trabajadores para operacion segura de maquinaria y equipo', 1, 1, '2015-04-08 14:09:58', '2015-04-08 14:09:53', NULL),
	(144, 8, 'Estudio de analisis de riesgos potenciales de sustancias quimicas peligrosas', 1, 1, '2015-04-08 14:09:58', '2015-04-08 14:09:53', NULL),
	(145, 8, 'Programa especifico de seguridad e higiene para el manejo, transporte y almacenamiento de sustancias quimicas peligrosas', 1, 1, '2015-04-08 14:09:58', '2015-04-08 14:09:53', NULL),
	(146, 8, 'Procedimiento de autorizacion para realizar actividades peligrosas', 1, 1, '2015-04-08 14:09:58', '2015-04-08 14:09:53', NULL),
	(147, 8, 'Manual de primeros auxilios para la atencion de emergencias medicas por sustancias quimicas peligrosas', 1, 1, '2015-04-08 14:09:58', '2015-04-08 14:09:53', NULL),
	(148, 8, 'Constancias de  adiestramiento y capacitacion continua a los trabajadores - Conforme al Programa Especifico de Seguridad e Higiene para el manejo, transporte y almacenamiento de sustancias quimicas peligrosas', 1, 1, '2015-04-08 14:09:58', '2015-04-08 14:09:53', NULL),
	(149, 8, 'Registros que acrediten el adiestramiento y capacitacion de trabajadores para manejo, transporte y almacenamiento de sustancias quimicas peligrosas', 1, 1, '2015-04-08 14:09:58', '2015-04-08 14:09:53', NULL),
	(150, 8, 'Fichas MSDS de las sustancias quimicas que se manejan en la planta', 1, 1, '2015-04-08 14:09:58', '2015-04-08 14:09:53', NULL),
	(151, 8, 'Listado actualizado de los trabajadores autorizados y capacitados para la instalacion, operacion y mantenimiento de la maquinaria, utilizada para el manejo y almacenamiento de materiales peligrosos', 1, 1, '2015-04-08 14:09:58', '2015-04-08 14:09:53', NULL),
	(152, 8, 'Instructivos, manuales o procedimientos para la instalacion, operacion y mantenimiento de los sistemas o equipos utilizados en los trabajos en altura', 1, 1, '2015-04-08 14:09:58', '2015-04-08 14:09:53', NULL),
	(153, 8, 'Estudio de contaminantes del medio ambiente laboral que incluya el reconocimiento, la evaluacion y el control para prevenir alteraciones a la salud de los trabajadores - PM10 de cal, celulosa, carbonato de calcio, caolin, etc', 1, 1, '2015-04-08 14:09:58', '2015-04-08 14:09:53', NULL),
	(154, 8, 'Programa especifico de seguridad e higiene por posesion y operacion de fuenes radiactivas', 1, 1, '2015-04-08 14:09:58', '2015-04-08 14:09:53', NULL),
	(155, 8, 'Autorizaciones emitidas por la Comision Nacional de Seguridad Nuclear y Salvaguardias para la adquisicion, importacion, posesion y uso/operacion de material radiactivo y dispositivos generadores de radiacion ionizante', 1, 1, '2015-04-08 14:09:58', '2015-04-08 14:09:53', NULL),
	(156, 8, 'Reporte anual de material radiactivo', 1, 1, '2015-04-08 14:09:58', '2015-04-08 14:09:53', NULL),
	(157, 8, 'Inscripcion del encargado de seguridad radiologica ante la CNSNS', 1, 1, '2015-04-08 14:09:58', '2015-04-08 14:09:53', NULL),
	(158, 8, 'Licencia para posesion y operacion de fuentes radiactivas', 1, 1, '2015-04-08 14:09:58', '2015-04-08 14:09:53', NULL),
	(159, 8, 'Acta de integracion de la Comision de Seguridad e Higiene', 1, 1, '2015-04-08 14:09:58', '2015-04-08 14:09:53', NULL),
	(160, 8, 'Programa anual de recorridos de verificacion de la Comision de Seguridad e Higiene, entregado dentro de los primeros 30 dias naturales de cada año', 1, 1, '2015-04-08 14:09:58', '2015-04-08 14:09:53', NULL),
	(161, 8, 'Registros que acrediten que se da capacitacion y adiestramiento en materia de seguridad y salud en el centro de trabajo, a integrantes de la Comision de Seguridad e Higiene para el adecuado ejercicio de sus funciones, al menos una vez al año', 1, 1, '2015-04-08 14:09:58', '2015-04-08 14:09:53', NULL),
	(162, 8, 'Actas de sesion y recorrido de la comision mixta, registro en bitacora y listas para ser inspeccionadas - trimestral', 1, 1, '2015-04-08 14:09:58', '2015-04-08 14:09:53', NULL),
	(163, 8, 'Listado actualizado de recipientes sujetos a presion y calderas instalados en el centro de trabajo, independientemente de que requieran o no de autorizacion-aviso de funcionamiento', 1, 1, '2015-04-08 14:09:58', '2015-04-08 14:09:53', NULL),
	(164, 8, 'Expedientes de cada uno de los equipos sujetos a presion instalados en el centro de trabajo', 1, 1, '2015-04-08 14:09:58', '2015-04-08 14:09:53', NULL),
	(165, 8, 'Numero de registro de los equipos sujetos a presion clasificados en las categorias II y III', 1, 1, '2015-04-08 14:09:58', '2015-04-08 14:09:53', NULL),
	(166, 8, 'Autorizacion de funcionamiento de la STPS para los generadores de vapor - aviso de cumplimiento con la norma', 1, 1, '2015-04-08 14:09:58', '2015-04-08 14:09:53', NULL),
	(167, 8, 'Bitacora de inspeccion y mantenimiento a recipientes sujetos a presion y generadores de vapor', 1, 1, '2015-04-08 14:09:58', '2015-04-08 14:09:53', NULL),
	(168, 8, 'Documento que acredite que los trabajadores que realizan actividades de operacion, mantenimiento o reparacion de recipientes sujetos a presion y calderas, estan capacitados con base en los procedimientos correspondientes', 1, 1, '2015-04-08 14:09:58', '2015-04-08 14:09:53', NULL),
	(169, 8, 'Documento que acredite la capacitacion y adiestramiento a trabajadores que esten en riesgo de exposicion con elementos susceptibles de ser cargados electrostaticamente o acumular electricidad estatica', 1, 1, '2015-04-08 14:09:58', '2015-04-08 14:09:53', NULL),
	(170, 8, 'Registros de los valores de resistencia de la red de puesta a tierra y la continuidad en los puntos de conexion a tierra en el equipo que pueda generar o almacenar electricidad estatica', 1, 1, '2015-04-08 14:09:58', '2015-04-08 14:09:53', NULL),
	(171, 8, 'Constancias de habilidades de los trabajadores sobre la correcta interpretacion de los elementos de señalizacion', 1, 1, '2015-04-08 14:09:58', '2015-04-08 14:09:53', NULL),
	(172, 8, 'Analisis de riesgos potenciales para las actividades de soldadura y corte que se desarrollen en el centro de trabajo', 1, 1, '2015-04-08 14:09:58', '2015-04-08 14:09:53', NULL),
	(173, 8, 'Procedimientos de seguridad e higiene que deben ser aplicados por los trabajares que desarrollan actividades de soldadura y corte', 1, 1, '2015-04-08 14:09:58', '2015-04-08 14:09:53', NULL),
	(174, 8, 'Designacion oficial del responsable de seguridad y salud en el trabajo – interno o externo', 1, 1, '2015-04-08 14:09:58', '2015-04-08 14:09:53', NULL),
	(175, 8, 'Monitoreo anual de particulas respirables', 1, 1, '2015-04-08 14:09:58', '2015-04-08 14:09:53', NULL),
	(176, 8, 'Botiquin con los medicamentos y material de curacion necesarios para dar los primeros auxilios', 1, 1, '2015-04-08 14:09:58', '2015-04-08 14:09:53', NULL),
	(177, 8, 'Bitacora de inspeccion y mantenimiento a tanques de almacenamiento de combustibles y materiales corrosivos', 1, 1, '2015-04-08 14:09:58', '2015-04-08 14:09:53', NULL),
	(178, 8, 'Dictamen anual de verificacion de condiciones tecnicas y de seguridad de la estacion de regulacion y medicion de gas natural', 1, 1, '2015-04-08 14:09:58', '2015-04-08 14:09:53', NULL),
	(179, 8, 'Dictamen anual de verificacion de condiciones tecnicas y de seguridad de la estacion de carburacion de gas LP', 1, 1, '2015-04-08 14:09:58', '2015-04-08 14:09:53', NULL),
	(180, 8, 'Programa y bitacora de registro de mantenimiento a la caseta  de gas LP', 1, 1, '2015-04-08 14:09:58', '2015-04-08 14:09:53', NULL),
	(181, 8, 'Programa y bitacora de registro de inspeccion y mantenimiento a la caseta de Gas Natural', 1, 1, '2015-04-08 14:09:58', '2015-04-08 14:09:53', NULL),
	(182, 8, 'Programa y bitacora de registro de inspeccion y mantenimiento a la red de distribucion de gas natural', 1, 1, '2015-04-08 14:09:58', '2015-04-08 14:09:53', NULL),
	(183, 8, 'Documento que acredite que las valvulas de la estacion de carburacion no tienen mas de cinco años en operacion ni mas de siete desde la fecha de fabricacion', 1, 1, '2015-04-08 14:09:58', '2015-04-08 14:09:53', NULL),
	(184, 8, 'Monitoreo anual de polvo total en areas laborales', 1, 1, '2015-04-08 14:09:58', '2015-04-08 14:09:53', NULL),
	(185, 8, 'Estudio de polvo perimetral - plantas ubicadas en zonas urbanas y sub-urbanas', 1, 1, '2015-04-08 14:09:58', '2015-04-08 14:09:53', NULL),
	(186, 8, 'Programa de mantenimiento preventivo y correctivo a transformadores', 1, 1, '2015-04-08 14:09:58', '2015-04-08 14:09:53', NULL),
	(187, 8, 'Bitacora de registro de verificacion ocular realizada despues de ocurrir un evento que pudiera generar daños al centro de trabajo', 1, 1, '2015-04-08 14:09:58', '2015-04-08 14:09:53', NULL),
	(188, 8, 'Registros que acrediten que el personal que transporta las sustancias explosivas se encuentra debidamente capacitado', 1, 1, '2015-04-08 14:09:58', '2015-04-08 14:09:53', NULL),
	(189, 8, 'Registros que acreditan capacitacion a contratistas para ajustarse a los planes de respuesta a emergencias', 1, 1, '2015-04-08 14:09:58', '2015-04-08 14:09:53', NULL),
	(190, 8, 'Constancia de que los rociadores estan calibrados para responder entre 25 a 30 grados por encima de la temperatura ambiente', 1, 1, '2015-04-08 14:09:58', '2015-04-08 14:09:53', NULL),
	(191, 8, 'Instrucciones para el despliegue, tendido y guardado de las mangueras contra incendio', 1, 1, '2015-04-08 14:09:58', '2015-04-08 14:09:53', NULL),
	(192, 8, 'Programa de revision periodica del estado de las mangueras contra incendio', 1, 1, '2015-04-08 14:09:58', '2015-04-08 14:09:53', NULL),
	(193, 8, 'Programa de inspeccion y mantenimiento a la red contra incendio', 1, 1, '2015-04-08 14:09:58', '2015-04-08 14:09:53', NULL),
	(194, 8, 'Programa de inspeccion y mantenimiento de los rociadores, conforme a instrucciones del fabricante', 1, 1, '2015-04-08 14:09:58', '2015-04-08 14:09:53', NULL),
	(195, 8, 'Programa de mantenimiento a las bombas contra incendio', 1, 1, '2015-04-08 14:09:58', '2015-04-08 14:09:53', NULL),
	(196, 8, 'Plan de ayuda mutua con empresas vecinas', 1, 1, '2015-04-08 14:09:58', '2015-04-08 14:09:53', NULL),
	(197, 8, 'Listado y clasificacion de extintores, hidrantes y cañones de agua', 1, 1, '2015-04-08 14:09:58', '2015-04-08 14:09:53', NULL),
	(198, 8, 'Programa de inspeccion y mantenimiento a las boquillas de las mangueras contra incendio', 1, 1, '2015-04-08 14:09:58', '2015-04-08 14:09:53', NULL),
	(199, 8, 'Programa de pruebas no destructivas para detectar falla en espesores y corrosion en la tuberia del sistema contra incendio', 1, 1, '2015-04-08 14:09:58', '2015-04-08 14:09:53', NULL),
	(200, 8, 'Programa de inspeccion rutinaria para detectar fallas en la valvula de los gabinetes de manqueras', 1, 1, '2015-04-08 14:09:58', '2015-04-08 14:09:53', NULL),
	(201, 8, 'Programa de inspeccion rutinaria para asegurar que las puertas cortafuegos funcionen adecuadamente', 1, 1, '2015-04-08 14:09:58', '2015-04-08 14:09:53', NULL),
	(202, 8, 'Programa de inspeccion y mantenimiento a luces de emergencia', 1, 1, '2015-04-08 14:09:58', '2015-04-08 14:09:53', NULL),
	(203, 8, 'Programa de inspeccion y mantenimiento a tuberia que conduce productos quimicos', 1, 1, '2015-04-08 14:09:58', '2015-04-08 14:09:53', NULL),
	(204, 8, 'Programa de inspeccion y mantenimiento de la red del sistema electrico', 1, 1, '2015-04-08 14:09:58', '2015-04-08 14:09:53', NULL),
	(205, 8, 'Programa de inspeccion y mantenimiento a tanques de combustibles', 1, 1, '2015-04-08 14:09:58', '2015-04-08 14:09:53', NULL),
	(206, 8, 'Programa de inspeccion y mantenimiento de proteccion anodica de tanques y tuberias que lo requieren', 1, 1, '2015-04-08 14:09:58', '2015-04-08 14:09:53', NULL),
	(207, 8, 'Programa de inspeccion y mantenimiento de los equipos de respiracion autonoma', 1, 1, '2015-04-08 14:09:58', '2015-04-08 14:09:53', NULL),
	(208, 9, 'Plano actualizado de la acometida electrica', 1, 1, '2015-04-08 14:09:58', '2015-04-08 14:09:53', NULL),
	(209, 9, 'Cuantificacion de la cantidad de energia consumida por tipo de fuente', 1, 1, '2015-04-08 14:09:58', '2015-04-08 14:09:53', NULL),
	(210, 9, 'Listado de transformadores', 1, 1, '2015-04-08 14:09:58', '2015-04-08 14:09:53', NULL),
	(211, 9, 'Plano electrico de arreglo general', 1, 1, '2015-04-08 14:09:58', '2015-04-08 14:09:53', NULL),
	(212, 9, 'Programa de ahorro de energia', 1, 1, '2015-04-08 14:09:58', '2015-04-08 14:09:53', NULL),
	(213, 9, 'Procedimiento de emergencia para casos de accidentes asociados con el suministro de energia', 1, 1, '2015-04-08 14:09:58', '2015-04-08 14:09:53', NULL),
	(214, 9, 'Estudio actualizado de tierras electricas, realizado cada doce meses o cuando se modifique el sistema de puesta a tierra y/o el sistema de pararrayos', 1, 1, '2015-04-08 14:09:58', '2015-04-08 14:09:53', NULL),
	(215, 9, 'Diagrama unifilar de la instalacion electrica actualizado del centro de trabajo', 1, 1, '2015-04-08 14:09:58', '2015-04-08 14:09:53', NULL),
	(216, 9, 'Dictamen tecnico de las instalaciones electricas', 1, 1, '2015-04-08 14:09:58', '2015-04-08 14:09:53', NULL),
	(217, 9, 'Acreditacion del curso bianual sobre gas natural', 1, 1, '2015-04-08 14:09:58', '2015-04-08 14:09:53', NULL),
	(218, 9, 'Contrato de suministro de energia electrica con CFE acorde con la demanda actual de la planta', 1, 1, '2015-04-08 14:09:58', '2015-04-08 14:09:53', NULL),
	(219, 9, 'Contrato de suministro de energia electrica de proveedores distintos a la CFE, acorde con la demanda actual de la planta', 1, 1, '2015-04-08 14:09:58', '2015-04-08 14:09:53', NULL),
	(220, 9, 'Autorizacion para interconexion con lineas de CFE por contrato de energia con proveedores distintos a la CFE', 1, 1, '2015-04-08 14:09:58', '2015-04-08 14:09:53', NULL),
	(221, 9, 'Contrato de suministro de gas natural, acorde con el requerimiento actual de la planta', 1, 1, '2015-04-08 14:09:58', '2015-04-08 14:09:53', NULL),
	(222, 9, 'Alta de los equipos generadores de energia electrica ante la CRE', 1, 1, '2015-04-08 14:09:58', '2015-04-08 14:09:53', NULL),
	(223, 9, 'Autorizacion de operacion del equipo generador de energia electrica', 1, 1, '2015-04-08 14:09:58', '2015-04-08 14:09:53', NULL),
	(224, 9, 'Autorizacion de interconexion a la linea de CFE de los equipos generadores de energia electrica', 1, 1, '2015-04-08 14:09:58', '2015-04-08 14:09:53', NULL),
	(225, 9, 'Reportes trimestrales de operacion de los equipos generadores de energia electrica', 1, 1, '2015-04-08 14:09:58', '2015-04-08 14:09:53', NULL),
	(226, 9, ' Comprobantes de pago anual para revision de condiciones de instalaciones por equipo generador', 1, 1, '2015-04-08 14:09:58', '2015-04-08 14:09:53', NULL),
	(227, 10, 'Listado de maquinaria y equipo señalando la fase del proceso donde operan', 1, 1, '2015-04-08 14:09:58', '2015-04-08 14:09:53', NULL),
	(228, 10, 'Plano actualizado de distribucion de maquinaria y equipo', 1, 1, '2015-04-08 14:09:58', '2015-04-08 14:09:53', NULL),
	(229, 10, 'Manifestacion de impacto ambiental y la correspondiente autorizacion de obra y actividad, en su caso, informe preventivo', 1, 1, '2015-04-08 14:09:58', '2015-04-08 14:09:53', NULL),
	(230, 10, 'Estudio de riesgo ambiental', 1, 1, '2015-04-08 14:09:58', '2015-04-08 14:09:53', NULL),
	(231, 10, 'Resolucion al estudio de riesgo ambiental', 1, 1, '2015-04-08 14:09:58', '2015-04-08 14:09:53', NULL),
	(232, 10, 'Programa de prevencion de accidentes derivado del estudio de riesgo aprobado por el INE', 1, 1, '2015-04-08 14:09:58', '2015-04-08 14:09:53', NULL),
	(233, 10, 'Plan de contingencias aprobado por la SEMARNAT  y/o Proteccion Civil', 1, 1, '2015-04-08 14:09:58', '2015-04-08 14:09:53', NULL),
	(234, 10, 'Descripcion de los procesos', 1, 1, '2015-04-08 14:09:58', '2015-04-08 14:09:53', NULL),
	(235, 10, 'Listado de materias primas señalando la cantidad que se consume mensual o anualmente', 1, 1, '2015-04-08 14:09:58', '2015-04-08 14:09:53', NULL),
	(236, 10, 'Listado de productos quimicos, solventes y lubricantes', 1, 1, '2015-04-08 14:09:58', '2015-04-08 14:09:53', NULL),
	(237, 10, 'Seguro de riesgo ambiental', 1, 1, '2015-04-08 14:09:58', '2015-04-08 14:09:53', NULL),
	(238, 10, 'Licencia de posesion y uso de material explosivo (por ejemplo: clorato)', 1, 1, '2015-04-08 14:09:58', '2015-04-08 14:09:53', NULL),
	(239, 10, 'Registros que muestran que las alarmas sonoras y visibles funcionan adecuadamente', 1, 1, '2015-04-08 14:09:58', '2015-04-08 14:09:53', NULL),
	(240, 10, 'Estudios de impacto ambiental por modificaciones o ampliaciones de la planta', 1, 1, '2015-04-08 14:09:58', '2015-04-08 14:09:53', NULL),
	(241, 10, 'Plano de ubicacion de extintores, salidas de emergencia, hidrantes, alarmas, puntos de reunion, Etc.', 1, 1, '2015-04-08 14:09:58', '2015-04-08 14:09:53', NULL),
	(242, 10, 'Listado de sustancias de acuerdo al primero y segundo listado de sustancias que dan lugar a actividades altamente riesgosas', 1, 1, '2015-04-08 14:09:58', '2015-04-08 14:09:53', NULL),
	(243, 10, 'Acta y minuta de la STPS indicando el cumplimiento con la NOM-002-STPS-2010 - Tambien puede ser el acta circunstanciada de proteccion civil o el dictamen de una unidad verificadora', 1, 1, '2015-04-08 14:09:58', '2015-04-08 14:09:53', NULL),
	(244, 10, 'Analisis de riesgos potenciales asociados a las actividades por operacion de ferrocarriles', 1, 1, '2015-04-08 14:09:58', '2015-04-08 14:09:53', NULL),
	(245, 10, 'Plan de atencion de emergencias derivadas de la operacion de ferrocarriles, en donde se establece las acciones a seguir por los trabajadores y brigadistas', 1, 1, '2015-04-08 14:09:58', '2015-04-08 14:09:53', NULL),
	(246, 10, 'Programa de mantenimiento preventivo y correctivo a las espuelas de ferrocarril y a la locomotora', 1, 1, '2015-04-08 14:09:58', '2015-04-08 14:09:53', NULL),
	(247, 10, 'Registros de las evidencias del mantenimiento que se le da a las espuelas del ferrocarril y a la locomotora', 1, 1, '2015-04-08 14:09:58', '2015-04-08 14:09:53', NULL),
	(248, 10, 'Programa interno de proteccion civil y esta notificado al departamento de proteccion civil del municipio', 1, 1, '2015-04-08 14:09:58', '2015-04-08 14:09:53', NULL),
	(249, 10, 'Analisis de riesgos potenciales para actividades de mantenimiento a instalaciones electricas', 1, 1, '2015-04-08 14:09:58', '2015-04-08 14:09:53', NULL),
	(250, 10, 'Analisis de riesgos para cada uno de los procesos criticos donde se manejan sustancias quimicas peligrosas', 1, 1, '2015-04-08 14:09:58', '2015-04-08 14:09:53', NULL),
	(251, 11, 'Programa de capacitacion ambiental, incluyendo contenidos ecologicos en los programas de la comision mixta de seguridad e higiene', 1, 1, '2015-04-08 14:09:58', '2015-04-08 14:09:53', NULL),
	(252, 11, 'Politica general en materia ambiental', 1, 1, '2015-04-08 14:09:58', '2015-04-08 14:09:53', NULL),
	(253, 11, 'Reporte anual del desempeño ambiental de la planta, basado en los indicadores ambientales en donde se compara la mejora contra el año anterior', 1, 1, '2015-04-08 14:09:58', '2015-04-08 14:09:53', NULL),
	(254, 11, 'Plano actualizado de impactos ambientales', 1, 1, '2015-04-08 14:09:58', '2015-04-08 14:09:53', NULL),
	(255, 11, 'Designacion de un responsable para la gestion ambiental', 1, 1, '2015-04-08 14:09:58', '2015-04-08 14:09:53', NULL),
	(256, 11, 'Criterio ambiental para la compra de materiales de empaque', 1, 1, '2015-04-08 14:09:58', '2015-04-08 14:09:53', NULL),
	(257, 11, 'Guia que aplica criterio ambiental para compra de materia prima y materiales auxiliares, por ejemplo, comprar productos biodegradables', 1, 1, '2015-04-08 14:09:58', '2015-04-08 14:09:53', NULL),
	(258, 11, 'Lugar especifico para guardar documentacion relacionada con asuntos ambientales', 1, 1, '2015-04-08 14:09:58', '2015-04-08 14:09:53', NULL),
	(259, 11, 'Inventario de indicadores claves de desempeño ambiental de toda la planta', 1, 1, '2015-04-08 14:09:58', '2015-04-08 14:09:53', NULL),
	(260, 11, 'Documento donde se establecen los requisitos ambientales a contratistas, para realizar trabajos dentro de la planta', 1, 1, '2015-04-08 14:09:58', '2015-04-08 14:09:53', NULL),
	(261, 11, 'Controles ambientales solicitados por los vecinos o grupos ambientalistas de la localidad', 1, 1, '2015-04-08 14:09:58', '2015-04-08 14:09:53', NULL),
	(262, 11, 'Programa de actividades enfocadas al refrendo del Certificado de Industria Limpia', 1, 1, '2015-04-08 14:09:58', '2015-04-08 14:09:53', NULL),
	(263, 11, 'Listado de combustibles', 1, 1, '2015-04-08 14:09:58', '2015-04-08 14:09:53', NULL),
	(264, 11, 'Dictamen anual para uso de gas LP en montacargas - Listado de montacargas', 1, 1, '2015-04-08 14:09:58', '2015-04-08 14:09:53', NULL),
	(265, 11, 'Programa de ahorro de combustibles fosiles', 1, 1, '2015-04-08 14:09:58', '2015-04-08 14:09:53', NULL),
	(266, 11, 'Programa de cuidado de la flora dentro del predio', 1, 1, '2015-04-08 14:09:58', '2015-04-08 14:09:53', NULL),
	(267, 11, 'Programa para promover el cuidado forestal en la localidad', 1, 1, '2015-04-08 14:09:58', '2015-04-08 14:09:53', NULL),
	(268, 11, 'Evidencias de que ha llevado a cabo la EPR por lo menos una vez cada dos años', 1, 1, '2015-04-08 14:09:58', '2015-04-08 14:09:53', NULL),
	(269, 11, 'Documentos que acreditan que en el mantenimiento de los equipos de aire acondicionado no se usan sustancias agotadoras de la capa de ozono', 1, 1, '2015-04-08 14:09:58', '2015-04-08 14:09:53', NULL),
	(270, 11, 'Politica para evitar que los vehiculos  automotores que ingresan a la planta contaminen el piso o suelo con aceites y grasas lubricantes', 1, 1, '2015-04-08 14:09:58', '2015-04-08 14:09:53', NULL),
	(271, 11, 'Registros que acreditan que se da capacitacion a contratistas para apegarse al plan de manejo de residuos de la empresa', 1, 1, '2015-04-08 14:09:58', '2015-04-08 14:09:53', NULL),
	(272, 11, 'Registros que acreditan que se da capacitacion a contratistas para evitar desperdicio de materiales, desperdicio de agua fresca, evitar contaminacion del agua y desperdiciar energia', 1, 1, '2015-04-08 14:09:58', '2015-04-08 14:09:53', NULL),
	(273, 11, 'Indicador ambiental que se refiere a la cantidad de agua usada por unidad de produccion', 1, 1, '2015-04-08 14:09:58', '2015-04-08 14:09:53', NULL),
	(274, 11, 'Indicador ambiental que se refiere a la cantidad de agua residual generada por unidad de produccion', 1, 1, '2015-04-08 14:09:58', '2015-04-08 14:09:53', NULL),
	(275, 11, 'Indicador ambiental que se refiere a la cantidad de residuos peligrosos generados por unidad de produccion', 1, 1, '2015-04-08 14:09:58', '2015-04-08 14:09:53', NULL),
	(276, 11, 'Indicador ambiental que se refiere a la cantidad de residuos de manejo especial generados por unidad de produccion', 1, 1, '2015-04-08 14:09:58', '2015-04-08 14:09:53', NULL),
	(277, 11, 'Indicador ambiental que se refiere a la cantidad de residuos solidos urbanos generados por unidad de produccion', 1, 1, '2015-04-08 14:09:58', '2015-04-08 14:09:53', NULL),
	(278, 11, 'Indicador ambiental que se refiere a la cantidad de energia electrica usada por unidad de produccion', 1, 1, '2015-04-08 14:09:58', '2015-04-08 14:09:53', NULL),
	(279, 11, 'Indicador ambiental que se refiere a la cantidad de combustoleo usado por unidad de produccion', 1, 1, '2015-04-08 14:09:58', '2015-04-08 14:09:53', NULL),
	(280, 11, 'Indicador ambiental que se refiere a la cantidad de gas natural usado por unidad de produccion', 1, 1, '2015-04-08 14:09:58', '2015-04-08 14:09:53', NULL),
	(281, 11, 'Indicador ambiental que se refiere a la cantidad de gas LP usado por unidad de produccion', 1, 1, '2015-04-08 14:09:58', '2015-04-08 14:09:53', NULL),
	(282, 11, 'Indicador ambiental que se refiere a la cantidad de bioxido de carbono emitido por unidad de produccion', 1, 1, '2015-04-08 14:09:58', '2015-04-08 14:09:53', NULL),
	(283, 11, 'Indicador ambiental que se refiere a la cantidad de particulas PM10 emitidas por unidad de produccion', 1, 1, '2015-04-08 14:09:58', '2015-04-08 14:09:53', NULL);
/*!40000 ALTER TABLE `r_documentos` ENABLE KEYS */;


-- Volcando estructura para tabla siam_scribe.sms
CREATE TABLE IF NOT EXISTS `sms` (
  `id` int(10) unsigned NOT NULL AUTO_INCREMENT,
  `monto` decimal(8,2) NOT NULL,
  `usu_mod_id` int(10) unsigned NOT NULL,
  `created_at` timestamp NOT NULL DEFAULT '0000-00-00 00:00:00',
  `updated_at` timestamp NOT NULL DEFAULT '0000-00-00 00:00:00',
  `deleted_at` timestamp NULL DEFAULT NULL,
  PRIMARY KEY (`id`),
  KEY `sms_usu_mod_id_foreign` (`usu_mod_id`),
  CONSTRAINT `sms_usu_mod_id_foreign` FOREIGN KEY (`usu_mod_id`) REFERENCES `users` (`id`)
) ENGINE=InnoDB AUTO_INCREMENT=2 DEFAULT CHARSET=utf8 COLLATE=utf8_unicode_ci;

-- Volcando datos para la tabla siam_scribe.sms: ~0 rows (aproximadamente)
/*!40000 ALTER TABLE `sms` DISABLE KEYS */;
INSERT INTO `sms` (`id`, `monto`, `usu_mod_id`, `created_at`, `updated_at`, `deleted_at`) VALUES
	(1, 70.00, 1, '0000-00-00 00:00:00', '2015-01-16 00:45:04', NULL);
/*!40000 ALTER TABLE `sms` ENABLE KEYS */;


-- Volcando estructura para tabla siam_scribe.st_reg_impactos
CREATE TABLE IF NOT EXISTS `st_reg_impactos` (
  `id` int(10) unsigned NOT NULL AUTO_INCREMENT,
  `st_reg_impacto` varchar(250) COLLATE utf8_unicode_ci NOT NULL,
  `usu_alta_id` int(10) unsigned NOT NULL,
  `usu_mod_id` int(10) unsigned NOT NULL,
  `created_at` timestamp NOT NULL DEFAULT '0000-00-00 00:00:00',
  `updated_at` timestamp NOT NULL DEFAULT '0000-00-00 00:00:00',
  `deleted_at` timestamp NULL DEFAULT NULL,
  PRIMARY KEY (`id`),
  KEY `st_reg_impactos_usu_alta_id_foreign` (`usu_alta_id`),
  KEY `st_reg_impactos_usu_mod_id_foreign` (`usu_mod_id`),
  CONSTRAINT `st_reg_impactos_usu_alta_id_foreign` FOREIGN KEY (`usu_alta_id`) REFERENCES `users` (`id`),
  CONSTRAINT `st_reg_impactos_usu_mod_id_foreign` FOREIGN KEY (`usu_mod_id`) REFERENCES `users` (`id`)
) ENGINE=InnoDB AUTO_INCREMENT=3 DEFAULT CHARSET=utf8 COLLATE=utf8_unicode_ci;

-- Volcando datos para la tabla siam_scribe.st_reg_impactos: ~2 rows (aproximadamente)
/*!40000 ALTER TABLE `st_reg_impactos` DISABLE KEYS */;
INSERT INTO `st_reg_impactos` (`id`, `st_reg_impacto`, `usu_alta_id`, `usu_mod_id`, `created_at`, `updated_at`, `deleted_at`) VALUES
	(1, 'Creado', 1, 1, '0000-00-00 00:00:00', '0000-00-00 00:00:00', NULL),
	(2, 'Finalizado', 1, 1, '0000-00-00 00:00:00', '0000-00-00 00:00:00', NULL);
/*!40000 ALTER TABLE `st_reg_impactos` ENABLE KEYS */;


-- Volcando estructura para tabla siam_scribe.subequipos
CREATE TABLE IF NOT EXISTS `subequipos` (
  `id` int(10) unsigned NOT NULL AUTO_INCREMENT,
  `equipo_id` int(10) unsigned NOT NULL,
  `subequipo` varchar(255) COLLATE utf8_unicode_ci NOT NULL,
  `clase` varchar(255) COLLATE utf8_unicode_ci NOT NULL,
  `marca` varchar(255) COLLATE utf8_unicode_ci NOT NULL,
  `modelo` varchar(255) COLLATE utf8_unicode_ci NOT NULL,
  `no_serie` varchar(255) COLLATE utf8_unicode_ci NOT NULL,
  `fecha_carga` date NOT NULL,
  `area_id` int(10) unsigned NOT NULL,
  `ubicacion` varchar(255) COLLATE utf8_unicode_ci NOT NULL,
  `usu_alta_id` int(10) unsigned NOT NULL,
  `usu_mod_id` int(10) unsigned NOT NULL,
  `created_at` timestamp NOT NULL DEFAULT '0000-00-00 00:00:00',
  `updated_at` timestamp NOT NULL DEFAULT '0000-00-00 00:00:00',
  `deleted_at` timestamp NULL DEFAULT NULL,
  PRIMARY KEY (`id`),
  KEY `subequipos_usu_alta_id_foreign` (`usu_alta_id`),
  KEY `subequipos_usu_mod_id_foreign` (`usu_mod_id`),
  KEY `subequipos_area_id_foreign` (`area_id`),
  KEY `subequipos_equipo_id_foreign` (`equipo_id`),
  CONSTRAINT `subequipos_area_id_foreign` FOREIGN KEY (`area_id`) REFERENCES `areas` (`id`),
  CONSTRAINT `subequipos_equipo_id_foreign` FOREIGN KEY (`equipo_id`) REFERENCES `m_objetivos` (`id`),
  CONSTRAINT `subequipos_usu_alta_id_foreign` FOREIGN KEY (`usu_alta_id`) REFERENCES `users` (`id`),
  CONSTRAINT `subequipos_usu_mod_id_foreign` FOREIGN KEY (`usu_mod_id`) REFERENCES `users` (`id`)
) ENGINE=InnoDB AUTO_INCREMENT=2 DEFAULT CHARSET=utf8 COLLATE=utf8_unicode_ci;

-- Volcando datos para la tabla siam_scribe.subequipos: ~0 rows (aproximadamente)
/*!40000 ALTER TABLE `subequipos` DISABLE KEYS */;
INSERT INTO `subequipos` (`id`, `equipo_id`, `subequipo`, `clase`, `marca`, `modelo`, `no_serie`, `fecha_carga`, `area_id`, `ubicacion`, `usu_alta_id`, `usu_mod_id`, `created_at`, `updated_at`, `deleted_at`) VALUES
	(1, 1, 'TANQUE', 'MECANICO', 'TATSA', 'T500', 'TS8210830820', '2106-01-01', 1, 'UBICADA', 1, 1, '2017-01-15 18:58:08', '2017-01-15 18:58:08', NULL);
/*!40000 ALTER TABLE `subequipos` ENABLE KEYS */;


-- Volcando estructura para tabla siam_scribe.s_comentarios_documentos
CREATE TABLE IF NOT EXISTS `s_comentarios_documentos` (
  `id` int(10) unsigned NOT NULL AUTO_INCREMENT,
  `s_documento_id` int(10) unsigned NOT NULL,
  `comentario` varchar(255) COLLATE utf8_unicode_ci NOT NULL,
  `estatus_id` int(10) unsigned NOT NULL,
  `usu_alta_id` int(10) unsigned NOT NULL,
  `usu_mod_id` int(10) unsigned NOT NULL,
  `created_at` timestamp NOT NULL DEFAULT '0000-00-00 00:00:00',
  `updated_at` timestamp NOT NULL DEFAULT '0000-00-00 00:00:00',
  `deleted_at` timestamp NULL DEFAULT NULL,
  PRIMARY KEY (`id`),
  KEY `s_comentarios_documentos_usu_alta_id_foreign` (`usu_alta_id`),
  KEY `s_comentarios_documentos_usu_mod_id_foreign` (`usu_mod_id`),
  KEY `s_comentarios_documentos_estatus_id_foreign` (`estatus_id`),
  KEY `s_comentarios_documentos_s_documento_id_foreign` (`s_documento_id`),
  CONSTRAINT `s_comentarios_documentos_estatus_id_foreign` FOREIGN KEY (`estatus_id`) REFERENCES `s_estatus_procedimientos` (`id`),
  CONSTRAINT `s_comentarios_documentos_s_documento_id_foreign` FOREIGN KEY (`s_documento_id`) REFERENCES `s_documentos` (`id`),
  CONSTRAINT `s_comentarios_documentos_usu_alta_id_foreign` FOREIGN KEY (`usu_alta_id`) REFERENCES `users` (`id`),
  CONSTRAINT `s_comentarios_documentos_usu_mod_id_foreign` FOREIGN KEY (`usu_mod_id`) REFERENCES `users` (`id`)
) ENGINE=InnoDB AUTO_INCREMENT=7 DEFAULT CHARSET=utf8 COLLATE=utf8_unicode_ci;

-- Volcando datos para la tabla siam_scribe.s_comentarios_documentos: ~4 rows (aproximadamente)
/*!40000 ALTER TABLE `s_comentarios_documentos` DISABLE KEYS */;
INSERT INTO `s_comentarios_documentos` (`id`, `s_documento_id`, `comentario`, `estatus_id`, `usu_alta_id`, `usu_mod_id`, `created_at`, `updated_at`, `deleted_at`) VALUES
	(3, 1, 'cambio', 2, 1, 1, '2015-03-21 04:14:19', '2015-03-21 04:14:19', NULL),
	(4, 1, 'cambio\r\n', 3, 1, 1, '2015-03-21 04:14:44', '2015-03-21 04:14:44', NULL),
	(5, 1, 'c', 4, 1, 1, '2015-03-21 04:15:09', '2015-03-21 04:15:09', NULL),
	(6, 1, 'b', 2, 1, 1, '2015-03-21 04:15:46', '2015-03-21 04:15:46', NULL);
/*!40000 ALTER TABLE `s_comentarios_documentos` ENABLE KEYS */;


-- Volcando estructura para tabla siam_scribe.s_comentarios_procedimientos
CREATE TABLE IF NOT EXISTS `s_comentarios_procedimientos` (
  `id` int(10) unsigned NOT NULL AUTO_INCREMENT,
  `s_procedimiento_id` int(10) unsigned NOT NULL,
  `comentario` varchar(255) COLLATE utf8_unicode_ci NOT NULL,
  `estatus_id` int(10) unsigned NOT NULL,
  `usu_alta_id` int(10) unsigned NOT NULL,
  `usu_mod_id` int(10) unsigned NOT NULL,
  `created_at` timestamp NOT NULL DEFAULT '0000-00-00 00:00:00',
  `updated_at` timestamp NOT NULL DEFAULT '0000-00-00 00:00:00',
  `deleted_at` timestamp NULL DEFAULT NULL,
  PRIMARY KEY (`id`),
  KEY `s_comentarios_procedimientos_usu_alta_id_foreign` (`usu_alta_id`),
  KEY `s_comentarios_procedimientos_usu_mod_id_foreign` (`usu_mod_id`),
  KEY `s_comentarios_procedimientos_estatus_id_foreign` (`estatus_id`),
  KEY `s_comentarios_procedimientos_s_procedimiento_id_foreign` (`s_procedimiento_id`),
  CONSTRAINT `s_comentarios_procedimientos_estatus_id_foreign` FOREIGN KEY (`estatus_id`) REFERENCES `s_estatus_procedimientos` (`id`),
  CONSTRAINT `s_comentarios_procedimientos_s_procedimiento_id_foreign` FOREIGN KEY (`s_procedimiento_id`) REFERENCES `s_procedimientos` (`id`),
  CONSTRAINT `s_comentarios_procedimientos_usu_alta_id_foreign` FOREIGN KEY (`usu_alta_id`) REFERENCES `users` (`id`),
  CONSTRAINT `s_comentarios_procedimientos_usu_mod_id_foreign` FOREIGN KEY (`usu_mod_id`) REFERENCES `users` (`id`)
) ENGINE=InnoDB AUTO_INCREMENT=4 DEFAULT CHARSET=utf8 COLLATE=utf8_unicode_ci;

-- Volcando datos para la tabla siam_scribe.s_comentarios_procedimientos: ~0 rows (aproximadamente)
/*!40000 ALTER TABLE `s_comentarios_procedimientos` DISABLE KEYS */;
INSERT INTO `s_comentarios_procedimientos` (`id`, `s_procedimiento_id`, `comentario`, `estatus_id`, `usu_alta_id`, `usu_mod_id`, `created_at`, `updated_at`, `deleted_at`) VALUES
	(3, 1, 'en proceso', 2, 1, 1, '2015-03-21 04:05:16', '2015-03-21 04:05:16', NULL);
/*!40000 ALTER TABLE `s_comentarios_procedimientos` ENABLE KEYS */;


-- Volcando estructura para tabla siam_scribe.s_comentarios_registros
CREATE TABLE IF NOT EXISTS `s_comentarios_registros` (
  `id` int(10) unsigned NOT NULL AUTO_INCREMENT,
  `s_registros_id` int(10) unsigned NOT NULL,
  `comentario` varchar(255) COLLATE utf8_unicode_ci NOT NULL,
  `estatus_id` int(10) unsigned NOT NULL,
  `usu_alta_id` int(10) unsigned NOT NULL,
  `usu_mod_id` int(10) unsigned NOT NULL,
  `created_at` timestamp NOT NULL DEFAULT '0000-00-00 00:00:00',
  `updated_at` timestamp NOT NULL DEFAULT '0000-00-00 00:00:00',
  `deleted_at` timestamp NULL DEFAULT NULL,
  PRIMARY KEY (`id`),
  KEY `s_comentarios_registros_usu_alta_id_foreign` (`usu_alta_id`),
  KEY `s_comentarios_registros_usu_mod_id_foreign` (`usu_mod_id`),
  KEY `s_comentarios_registros_estatus_id_foreign` (`estatus_id`),
  KEY `s_comentarios_registros_s_registros_id_foreign` (`s_registros_id`),
  CONSTRAINT `s_comentarios_registros_estatus_id_foreign` FOREIGN KEY (`estatus_id`) REFERENCES `s_estatus_procedimientos` (`id`),
  CONSTRAINT `s_comentarios_registros_s_registros_id_foreign` FOREIGN KEY (`s_registros_id`) REFERENCES `s_registros` (`id`),
  CONSTRAINT `s_comentarios_registros_usu_alta_id_foreign` FOREIGN KEY (`usu_alta_id`) REFERENCES `users` (`id`),
  CONSTRAINT `s_comentarios_registros_usu_mod_id_foreign` FOREIGN KEY (`usu_mod_id`) REFERENCES `users` (`id`)
) ENGINE=InnoDB AUTO_INCREMENT=2 DEFAULT CHARSET=utf8 COLLATE=utf8_unicode_ci;

-- Volcando datos para la tabla siam_scribe.s_comentarios_registros: ~0 rows (aproximadamente)
/*!40000 ALTER TABLE `s_comentarios_registros` DISABLE KEYS */;
INSERT INTO `s_comentarios_registros` (`id`, `s_registros_id`, `comentario`, `estatus_id`, `usu_alta_id`, `usu_mod_id`, `created_at`, `updated_at`, `deleted_at`) VALUES
	(1, 1, 'g', 2, 1, 1, '2015-03-21 04:29:07', '2015-03-21 04:29:07', NULL);
/*!40000 ALTER TABLE `s_comentarios_registros` ENABLE KEYS */;


-- Volcando estructura para tabla siam_scribe.s_documentos
CREATE TABLE IF NOT EXISTS `s_documentos` (
  `id` int(10) unsigned NOT NULL AUTO_INCREMENT,
  `documento_id` int(10) unsigned NOT NULL,
  `descripcion` varchar(255) COLLATE utf8_unicode_ci NOT NULL,
  `fec_ini_vigencia` date NOT NULL,
  `fec_fin_vigencia` date NOT NULL,
  `aviso` int(10) unsigned NOT NULL,
  `dias_aviso` int(11) NOT NULL,
  `responsable_id` int(10) unsigned NOT NULL,
  `archivo` varchar(255) COLLATE utf8_unicode_ci NOT NULL,
  `observaciones` varchar(255) COLLATE utf8_unicode_ci NOT NULL,
  `estatus_id` int(10) unsigned NOT NULL,
  `cia_id` int(10) unsigned NOT NULL,
  `usu_alta_id` int(10) unsigned NOT NULL,
  `usu_mod_id` int(10) unsigned NOT NULL,
  `created_at` timestamp NOT NULL DEFAULT '0000-00-00 00:00:00',
  `updated_at` timestamp NOT NULL DEFAULT '0000-00-00 00:00:00',
  `deleted_at` timestamp NULL DEFAULT NULL,
  PRIMARY KEY (`id`),
  KEY `s_documentos_usu_alta_id_foreign` (`usu_alta_id`),
  KEY `s_documentos_usu_mod_id_foreign` (`usu_mod_id`),
  KEY `s_documentos_cia_id_foreign` (`cia_id`),
  KEY `s_documentos_estatus_id_foreign` (`estatus_id`),
  KEY `s_documentos_aviso_foreign` (`aviso`),
  KEY `s_documentos_documento_id_foreign` (`documento_id`),
  KEY `s_documentos_responsable_id_foreign` (`responsable_id`),
  CONSTRAINT `s_documentos_aviso_foreign` FOREIGN KEY (`aviso`) REFERENCES `bnds` (`id`),
  CONSTRAINT `s_documentos_cia_id_foreign` FOREIGN KEY (`cia_id`) REFERENCES `entidades` (`id`),
  CONSTRAINT `s_documentos_documento_id_foreign` FOREIGN KEY (`documento_id`) REFERENCES `cs_cat_docs` (`id`),
  CONSTRAINT `s_documentos_estatus_id_foreign` FOREIGN KEY (`estatus_id`) REFERENCES `s_estatus_procedimientos` (`id`),
  CONSTRAINT `s_documentos_responsable_id_foreign` FOREIGN KEY (`responsable_id`) REFERENCES `empleados` (`id`),
  CONSTRAINT `s_documentos_usu_alta_id_foreign` FOREIGN KEY (`usu_alta_id`) REFERENCES `users` (`id`),
  CONSTRAINT `s_documentos_usu_mod_id_foreign` FOREIGN KEY (`usu_mod_id`) REFERENCES `users` (`id`)
) ENGINE=InnoDB AUTO_INCREMENT=2 DEFAULT CHARSET=utf8 COLLATE=utf8_unicode_ci;

-- Volcando datos para la tabla siam_scribe.s_documentos: ~0 rows (aproximadamente)
/*!40000 ALTER TABLE `s_documentos` DISABLE KEYS */;
INSERT INTO `s_documentos` (`id`, `documento_id`, `descripcion`, `fec_ini_vigencia`, `fec_fin_vigencia`, `aviso`, `dias_aviso`, `responsable_id`, `archivo`, `observaciones`, `estatus_id`, `cia_id`, `usu_alta_id`, `usu_mod_id`, `created_at`, `updated_at`, `deleted_at`) VALUES
	(1, 1, 'desc', '2015-03-20', '2015-03-31', 1, 2, 2, 'carga_permisos_laravel.pdf', 'obs', 2, 1, 1, 1, '2015-03-21 04:12:30', '2015-03-21 04:17:50', NULL);
/*!40000 ALTER TABLE `s_documentos` ENABLE KEYS */;


-- Volcando estructura para tabla siam_scribe.s_estatus_procedimientos
CREATE TABLE IF NOT EXISTS `s_estatus_procedimientos` (
  `id` int(10) unsigned NOT NULL AUTO_INCREMENT,
  `estatus` varchar(255) COLLATE utf8_unicode_ci NOT NULL,
  `usu_alta_id` int(10) unsigned NOT NULL,
  `usu_mod_id` int(10) unsigned NOT NULL,
  `created_at` timestamp NOT NULL DEFAULT '0000-00-00 00:00:00',
  `updated_at` timestamp NOT NULL DEFAULT '0000-00-00 00:00:00',
  `deleted_at` timestamp NULL DEFAULT NULL,
  PRIMARY KEY (`id`),
  KEY `s_estatus_procedimientos_usu_alta_id_foreign` (`usu_alta_id`),
  KEY `s_estatus_procedimientos_usu_mod_id_foreign` (`usu_mod_id`),
  CONSTRAINT `s_estatus_procedimientos_usu_alta_id_foreign` FOREIGN KEY (`usu_alta_id`) REFERENCES `users` (`id`),
  CONSTRAINT `s_estatus_procedimientos_usu_mod_id_foreign` FOREIGN KEY (`usu_mod_id`) REFERENCES `users` (`id`)
) ENGINE=InnoDB AUTO_INCREMENT=5 DEFAULT CHARSET=utf8 COLLATE=utf8_unicode_ci;

-- Volcando datos para la tabla siam_scribe.s_estatus_procedimientos: ~4 rows (aproximadamente)
/*!40000 ALTER TABLE `s_estatus_procedimientos` DISABLE KEYS */;
INSERT INTO `s_estatus_procedimientos` (`id`, `estatus`, `usu_alta_id`, `usu_mod_id`, `created_at`, `updated_at`, `deleted_at`) VALUES
	(1, 'ACTIVO', 1, 1, '0000-00-00 00:00:00', '0000-00-00 00:00:00', NULL),
	(2, 'EN PROCESO', 1, 1, '0000-00-00 00:00:00', '0000-00-00 00:00:00', NULL),
	(3, 'TERMINADO', 1, 1, '0000-00-00 00:00:00', '0000-00-00 00:00:00', NULL),
	(4, 'INACTIVO', 1, 1, '0000-00-00 00:00:00', '0000-00-00 00:00:00', NULL);
/*!40000 ALTER TABLE `s_estatus_procedimientos` ENABLE KEYS */;


-- Volcando estructura para tabla siam_scribe.s_procedimientos
CREATE TABLE IF NOT EXISTS `s_procedimientos` (
  `id` int(10) unsigned NOT NULL AUTO_INCREMENT,
  `tpo_procedimiento_id` int(10) unsigned NOT NULL,
  `tpo_doc_id` int(10) unsigned NOT NULL,
  `descripcion` varchar(255) COLLATE utf8_unicode_ci NOT NULL,
  `archivo` varchar(255) COLLATE utf8_unicode_ci NOT NULL,
  `aviso` int(10) unsigned NOT NULL,
  `dias_aviso` int(11) NOT NULL,
  `responsable_id` int(10) unsigned NOT NULL,
  `fec_fin_vigencia` date NOT NULL,
  `estatus_id` int(10) unsigned NOT NULL,
  `cia_id` int(10) unsigned NOT NULL,
  `usu_alta_id` int(10) unsigned NOT NULL,
  `usu_mod_id` int(10) unsigned NOT NULL,
  `created_at` timestamp NOT NULL DEFAULT '0000-00-00 00:00:00',
  `updated_at` timestamp NOT NULL DEFAULT '0000-00-00 00:00:00',
  `deleted_at` timestamp NULL DEFAULT NULL,
  PRIMARY KEY (`id`),
  KEY `s_procedimientos_usu_alta_id_foreign` (`usu_alta_id`),
  KEY `s_procedimientos_usu_mod_id_foreign` (`usu_mod_id`),
  KEY `s_procedimientos_cia_id_foreign` (`cia_id`),
  KEY `s_procedimientos_estatus_id_foreign` (`estatus_id`),
  KEY `s_procedimientos_aviso_foreign` (`aviso`),
  KEY `s_procedimientos_tpo_doc_id_foreign` (`tpo_doc_id`),
  KEY `s_procedimientos_tpo_procedimiento_id_foreign` (`tpo_procedimiento_id`),
  KEY `s_procedimientos_responsable_id_foreign` (`responsable_id`),
  CONSTRAINT `s_procedimientos_aviso_foreign` FOREIGN KEY (`aviso`) REFERENCES `bnds` (`id`),
  CONSTRAINT `s_procedimientos_cia_id_foreign` FOREIGN KEY (`cia_id`) REFERENCES `entidades` (`id`),
  CONSTRAINT `s_procedimientos_estatus_id_foreign` FOREIGN KEY (`estatus_id`) REFERENCES `s_estatus_procedimientos` (`id`),
  CONSTRAINT `s_procedimientos_responsable_id_foreign` FOREIGN KEY (`responsable_id`) REFERENCES `empleados` (`id`),
  CONSTRAINT `s_procedimientos_tpo_doc_id_foreign` FOREIGN KEY (`tpo_doc_id`) REFERENCES `cs_tpo_docs` (`id`),
  CONSTRAINT `s_procedimientos_tpo_procedimiento_id_foreign` FOREIGN KEY (`tpo_procedimiento_id`) REFERENCES `cs_tpo_procedimientos` (`id`),
  CONSTRAINT `s_procedimientos_usu_alta_id_foreign` FOREIGN KEY (`usu_alta_id`) REFERENCES `users` (`id`),
  CONSTRAINT `s_procedimientos_usu_mod_id_foreign` FOREIGN KEY (`usu_mod_id`) REFERENCES `users` (`id`)
) ENGINE=InnoDB AUTO_INCREMENT=2 DEFAULT CHARSET=utf8 COLLATE=utf8_unicode_ci;

-- Volcando datos para la tabla siam_scribe.s_procedimientos: ~0 rows (aproximadamente)
/*!40000 ALTER TABLE `s_procedimientos` DISABLE KEYS */;
INSERT INTO `s_procedimientos` (`id`, `tpo_procedimiento_id`, `tpo_doc_id`, `descripcion`, `archivo`, `aviso`, `dias_aviso`, `responsable_id`, `fec_fin_vigencia`, `estatus_id`, `cia_id`, `usu_alta_id`, `usu_mod_id`, `created_at`, `updated_at`, `deleted_at`) VALUES
	(1, 1, 1, 'desc1', 'carga.pdf', 1, 2, 2, '2015-04-01', 2, 1, 1, 1, '2015-03-21 03:49:02', '2015-03-21 04:05:16', NULL);
/*!40000 ALTER TABLE `s_procedimientos` ENABLE KEYS */;


-- Volcando estructura para tabla siam_scribe.s_registros
CREATE TABLE IF NOT EXISTS `s_registros` (
  `id` int(10) unsigned NOT NULL AUTO_INCREMENT,
  `grupo_id` int(10) unsigned NOT NULL,
  `norma_id` int(10) unsigned NOT NULL,
  `elemento_id` int(10) unsigned NOT NULL,
  `detalle` varchar(255) COLLATE utf8_unicode_ci NOT NULL,
  `fec_registro` date NOT NULL,
  `aviso` int(10) unsigned NOT NULL,
  `dias_aviso` int(11) NOT NULL,
  `responsable_id` int(10) unsigned NOT NULL,
  `fec_fin_vigencia` date NOT NULL,
  `archivo` varchar(255) COLLATE utf8_unicode_ci NOT NULL,
  `estatus_id` int(10) unsigned NOT NULL,
  `cia_id` int(10) unsigned NOT NULL,
  `usu_alta_id` int(10) unsigned NOT NULL,
  `usu_mod_id` int(10) unsigned NOT NULL,
  `created_at` timestamp NOT NULL DEFAULT '0000-00-00 00:00:00',
  `updated_at` timestamp NOT NULL DEFAULT '0000-00-00 00:00:00',
  `deleted_at` timestamp NULL DEFAULT NULL,
  PRIMARY KEY (`id`),
  KEY `s_registros_usu_alta_id_foreign` (`usu_alta_id`),
  KEY `s_registros_usu_mod_id_foreign` (`usu_mod_id`),
  KEY `s_registros_cia_id_foreign` (`cia_id`),
  KEY `s_registros_estatus_id_foreign` (`estatus_id`),
  KEY `s_registros_aviso_foreign` (`aviso`),
  KEY `s_registros_elemento_id_foreign` (`elemento_id`),
  KEY `s_registros_norma_id_foreign` (`norma_id`),
  KEY `s_registros_grupo_id_foreign` (`grupo_id`),
  KEY `s_registros_responsable_id_foreign` (`responsable_id`),
  CONSTRAINT `s_registros_aviso_foreign` FOREIGN KEY (`aviso`) REFERENCES `bnds` (`id`),
  CONSTRAINT `s_registros_cia_id_foreign` FOREIGN KEY (`cia_id`) REFERENCES `entidades` (`id`),
  CONSTRAINT `s_registros_elemento_id_foreign` FOREIGN KEY (`elemento_id`) REFERENCES `cs_elementos_inspeccions` (`id`),
  CONSTRAINT `s_registros_estatus_id_foreign` FOREIGN KEY (`estatus_id`) REFERENCES `s_estatus_procedimientos` (`id`),
  CONSTRAINT `s_registros_grupo_id_foreign` FOREIGN KEY (`grupo_id`) REFERENCES `cs_grupo_normas` (`id`),
  CONSTRAINT `s_registros_norma_id_foreign` FOREIGN KEY (`norma_id`) REFERENCES `cs_normas` (`id`),
  CONSTRAINT `s_registros_responsable_id_foreign` FOREIGN KEY (`responsable_id`) REFERENCES `empleados` (`id`),
  CONSTRAINT `s_registros_usu_alta_id_foreign` FOREIGN KEY (`usu_alta_id`) REFERENCES `users` (`id`),
  CONSTRAINT `s_registros_usu_mod_id_foreign` FOREIGN KEY (`usu_mod_id`) REFERENCES `users` (`id`)
) ENGINE=InnoDB AUTO_INCREMENT=2 DEFAULT CHARSET=utf8 COLLATE=utf8_unicode_ci;

-- Volcando datos para la tabla siam_scribe.s_registros: ~0 rows (aproximadamente)
/*!40000 ALTER TABLE `s_registros` DISABLE KEYS */;
INSERT INTO `s_registros` (`id`, `grupo_id`, `norma_id`, `elemento_id`, `detalle`, `fec_registro`, `aviso`, `dias_aviso`, `responsable_id`, `fec_fin_vigencia`, `archivo`, `estatus_id`, `cia_id`, `usu_alta_id`, `usu_mod_id`, `created_at`, `updated_at`, `deleted_at`) VALUES
	(1, 1, 1, 1, 'detaller', '2015-03-20', 1, 3, 1, '2015-04-02', 'carga_permisos_laravel.pdf', 2, 1, 1, 1, '2015-03-21 04:28:15', '2015-03-21 04:29:07', NULL);
/*!40000 ALTER TABLE `s_registros` ENABLE KEYS */;


-- Volcando estructura para tabla siam_scribe.s_st_bs
CREATE TABLE IF NOT EXISTS `s_st_bs` (
  `id` int(10) unsigned NOT NULL AUTO_INCREMENT,
  `estatus` varchar(255) COLLATE utf8_unicode_ci NOT NULL,
  `usu_alta_id` int(10) unsigned NOT NULL,
  `usu_mod_id` int(10) unsigned NOT NULL,
  `created_at` timestamp NOT NULL DEFAULT '0000-00-00 00:00:00',
  `updated_at` timestamp NOT NULL DEFAULT '0000-00-00 00:00:00',
  `deleted_at` timestamp NULL DEFAULT NULL,
  PRIMARY KEY (`id`),
  KEY `s_st_bs_usu_alta_id_foreign` (`usu_alta_id`),
  KEY `s_st_bs_usu_mod_id_foreign` (`usu_mod_id`),
  CONSTRAINT `s_st_bs_usu_alta_id_foreign` FOREIGN KEY (`usu_alta_id`) REFERENCES `users` (`id`),
  CONSTRAINT `s_st_bs_usu_mod_id_foreign` FOREIGN KEY (`usu_mod_id`) REFERENCES `users` (`id`)
) ENGINE=InnoDB AUTO_INCREMENT=5 DEFAULT CHARSET=utf8 COLLATE=utf8_unicode_ci;

-- Volcando datos para la tabla siam_scribe.s_st_bs: ~4 rows (aproximadamente)
/*!40000 ALTER TABLE `s_st_bs` DISABLE KEYS */;
INSERT INTO `s_st_bs` (`id`, `estatus`, `usu_alta_id`, `usu_mod_id`, `created_at`, `updated_at`, `deleted_at`) VALUES
	(1, 'ALTA', 1, 1, '0000-00-00 00:00:00', '0000-00-00 00:00:00', NULL),
	(2, 'ATENDIENDO', 1, 1, '0000-00-00 00:00:00', '0000-00-00 00:00:00', NULL),
	(3, 'ATENDIDO', 1, 1, '0000-00-00 00:00:00', '0000-00-00 00:00:00', NULL),
	(4, 'FINALIZADO', 1, 1, '0000-00-00 00:00:00', '0000-00-00 00:00:00', NULL);
/*!40000 ALTER TABLE `s_st_bs` ENABLE KEYS */;


-- Volcando estructura para tabla siam_scribe.throttle
CREATE TABLE IF NOT EXISTS `throttle` (
  `id` int(10) unsigned NOT NULL AUTO_INCREMENT,
  `user_id` int(10) unsigned DEFAULT NULL,
  `ip_address` varchar(255) COLLATE utf8_unicode_ci DEFAULT NULL,
  `attempts` int(11) NOT NULL DEFAULT '0',
  `suspended` tinyint(1) NOT NULL DEFAULT '0',
  `banned` tinyint(1) NOT NULL DEFAULT '0',
  `last_attempt_at` timestamp NULL DEFAULT NULL,
  `suspended_at` timestamp NULL DEFAULT NULL,
  `banned_at` timestamp NULL DEFAULT NULL,
  PRIMARY KEY (`id`),
  KEY `throttle_user_id_index` (`user_id`)
) ENGINE=InnoDB AUTO_INCREMENT=7 DEFAULT CHARSET=utf8 COLLATE=utf8_unicode_ci;

-- Volcando datos para la tabla siam_scribe.throttle: ~6 rows (aproximadamente)
/*!40000 ALTER TABLE `throttle` DISABLE KEYS */;
INSERT INTO `throttle` (`id`, `user_id`, `ip_address`, `attempts`, `suspended`, `banned`, `last_attempt_at`, `suspended_at`, `banned_at`) VALUES
	(1, 1, '127.0.0.1', 0, 0, 0, NULL, NULL, NULL),
	(2, 2, NULL, 0, 0, 0, NULL, NULL, NULL),
	(3, 3, NULL, 0, 0, 0, NULL, NULL, NULL),
	(4, 4, '127.0.0.1', 3, 0, 0, '2017-01-18 03:41:51', NULL, NULL),
	(5, 1, '::1', 0, 0, 0, NULL, NULL, NULL),
	(6, 5, NULL, 0, 0, 0, NULL, NULL, NULL);
/*!40000 ALTER TABLE `throttle` ENABLE KEYS */;


-- Volcando estructura para tabla siam_scribe.tipo_impactos
CREATE TABLE IF NOT EXISTS `tipo_impactos` (
  `id` int(10) unsigned NOT NULL AUTO_INCREMENT,
  `tipo_impacto` varchar(255) COLLATE utf8_unicode_ci NOT NULL,
  `usu_alta_id` int(10) unsigned NOT NULL,
  `usu_mod_id` int(10) unsigned NOT NULL,
  `created_at` timestamp NOT NULL DEFAULT '0000-00-00 00:00:00',
  `updated_at` timestamp NOT NULL DEFAULT '0000-00-00 00:00:00',
  `deleted_at` timestamp NULL DEFAULT NULL,
  PRIMARY KEY (`id`),
  KEY `tipo_impactos_usu_alta_id_foreign` (`usu_alta_id`),
  KEY `tipo_impactos_usu_mod_id_foreign` (`usu_mod_id`),
  CONSTRAINT `tipo_impactos_usu_alta_id_foreign` FOREIGN KEY (`usu_alta_id`) REFERENCES `users` (`id`),
  CONSTRAINT `tipo_impactos_usu_mod_id_foreign` FOREIGN KEY (`usu_mod_id`) REFERENCES `users` (`id`)
) ENGINE=InnoDB AUTO_INCREMENT=4 DEFAULT CHARSET=utf8 COLLATE=utf8_unicode_ci;

-- Volcando datos para la tabla siam_scribe.tipo_impactos: ~3 rows (aproximadamente)
/*!40000 ALTER TABLE `tipo_impactos` DISABLE KEYS */;
INSERT INTO `tipo_impactos` (`id`, `tipo_impacto`, `usu_alta_id`, `usu_mod_id`, `created_at`, `updated_at`, `deleted_at`) VALUES
	(1, 'Impacto Ambiental cierre de operaciones', 1, 1, '2014-10-08 15:10:49', '2014-10-10 20:04:22', NULL),
	(2, 'Cierre', 5, 5, '2014-10-10 19:00:39', '2014-10-10 19:00:39', NULL),
	(3, 'General', 5, 5, '2014-10-14 18:20:34', '2014-10-14 18:20:34', NULL);
/*!40000 ALTER TABLE `tipo_impactos` ENABLE KEYS */;


-- Volcando estructura para tabla siam_scribe.tpo_docs
CREATE TABLE IF NOT EXISTS `tpo_docs` (
  `id` int(10) unsigned NOT NULL AUTO_INCREMENT,
  `tpo_doc` varchar(255) COLLATE utf8_unicode_ci NOT NULL,
  `usu_alta_id` int(10) unsigned NOT NULL,
  `usu_mod_id` int(10) unsigned NOT NULL,
  `created_at` timestamp NOT NULL DEFAULT '0000-00-00 00:00:00',
  `updated_at` timestamp NOT NULL DEFAULT '0000-00-00 00:00:00',
  `deleted_at` timestamp NULL DEFAULT NULL,
  PRIMARY KEY (`id`),
  KEY `tpo_docs_usu_alta_id_foreign` (`usu_alta_id`),
  KEY `tpo_docs_usu_mod_id_foreign` (`usu_mod_id`),
  CONSTRAINT `tpo_docs_usu_alta_id_foreign` FOREIGN KEY (`usu_alta_id`) REFERENCES `users` (`id`),
  CONSTRAINT `tpo_docs_usu_mod_id_foreign` FOREIGN KEY (`usu_mod_id`) REFERENCES `users` (`id`)
) ENGINE=InnoDB AUTO_INCREMENT=12 DEFAULT CHARSET=utf8 COLLATE=utf8_unicode_ci;

-- Volcando datos para la tabla siam_scribe.tpo_docs: ~11 rows (aproximadamente)
/*!40000 ALTER TABLE `tpo_docs` DISABLE KEYS */;
INSERT INTO `tpo_docs` (`id`, `tpo_doc`, `usu_alta_id`, `usu_mod_id`, `created_at`, `updated_at`, `deleted_at`) VALUES
	(1, 'DOCUMENTACIÓN GENERAL', 1, 1, '2015-04-01 12:47:36', '2015-04-01 12:52:20', NULL),
	(2, 'DOCUMENTACIÓN EN MATERIA DE AIRE', 1, 1, '0000-00-00 00:00:00', '0000-00-00 00:00:00', NULL),
	(3, 'DOCUMENTACIÓN EN MATERIA DE AGUA', 1, 1, '0000-00-00 00:00:00', '0000-00-00 00:00:00', NULL),
	(4, 'DOCUMENTACIÓN EN MATERIA DE SUELO Y SUBSUELO', 1, 1, '0000-00-00 00:00:00', '0000-00-00 00:00:00', NULL),
	(5, 'DOCUMENTACIÓN EN MATERIA DE RESIDUOS PELIGROSOS\n', 1, 1, '0000-00-00 00:00:00', '0000-00-00 00:00:00', NULL),
	(6, 'DOCUMENTACIÓN EN MATERIA DE RESIDUOS DE MANEJO ESPECIAL Y SÓLIDOS URBANOS\n', 1, 1, '0000-00-00 00:00:00', '0000-00-00 00:00:00', NULL),
	(7, 'DOCUMENTACIÓN EN MATERIA DE RUIDO\n', 1, 1, '0000-00-00 00:00:00', '0000-00-00 00:00:00', NULL),
	(8, 'DOCUMENTACIÓN EN MATERIA DE SEGURIDAD E HIGIENE\n', 1, 1, '0000-00-00 00:00:00', '0000-00-00 00:00:00', NULL),
	(9, 'DOCUMENTACIÓN EN MATERIA DE ENERGÍA\n', 1, 1, '0000-00-00 00:00:00', '0000-00-00 00:00:00', NULL),
	(10, 'DOCUMENTACIÓN EN MATERIA DE RIESGO AMBIENTAL\n', 1, 1, '0000-00-00 00:00:00', '0000-00-00 00:00:00', NULL),
	(11, 'DOCUMENTACIÓN EN MATERIA DE GESTIÓN AMBIENTAL\n', 1, 1, '0000-00-00 00:00:00', '0000-00-00 00:00:00', NULL);
/*!40000 ALTER TABLE `tpo_docs` ENABLE KEYS */;


-- Volcando estructura para tabla siam_scribe.turnos
CREATE TABLE IF NOT EXISTS `turnos` (
  `id` int(10) unsigned NOT NULL AUTO_INCREMENT,
  `turno` varchar(255) COLLATE utf8_unicode_ci NOT NULL,
  `usu_alta_id` int(10) unsigned NOT NULL,
  `usu_mod_id` int(10) unsigned NOT NULL,
  `created_at` timestamp NOT NULL DEFAULT '0000-00-00 00:00:00',
  `updated_at` timestamp NOT NULL DEFAULT '0000-00-00 00:00:00',
  `deleted_at` timestamp NULL DEFAULT NULL,
  PRIMARY KEY (`id`),
  KEY `turnos_usu_alta_id_foreign` (`usu_alta_id`),
  KEY `turnos_usu_mod_id_foreign` (`usu_mod_id`),
  CONSTRAINT `turnos_usu_alta_id_foreign` FOREIGN KEY (`usu_alta_id`) REFERENCES `users` (`id`),
  CONSTRAINT `turnos_usu_mod_id_foreign` FOREIGN KEY (`usu_mod_id`) REFERENCES `users` (`id`)
) ENGINE=InnoDB AUTO_INCREMENT=4 DEFAULT CHARSET=utf8 COLLATE=utf8_unicode_ci;

-- Volcando datos para la tabla siam_scribe.turnos: ~3 rows (aproximadamente)
/*!40000 ALTER TABLE `turnos` DISABLE KEYS */;
INSERT INTO `turnos` (`id`, `turno`, `usu_alta_id`, `usu_mod_id`, `created_at`, `updated_at`, `deleted_at`) VALUES
	(1, 'Matutino', 1, 1, '0000-00-00 00:00:00', '0000-00-00 00:00:00', NULL),
	(2, 'Vespertino', 1, 1, '0000-00-00 00:00:00', '0000-00-00 00:00:00', NULL),
	(3, 'Nocturno', 1, 1, '0000-00-00 00:00:00', '0000-00-00 00:00:00', NULL);
/*!40000 ALTER TABLE `turnos` ENABLE KEYS */;


-- Volcando estructura para tabla siam_scribe.tweets
CREATE TABLE IF NOT EXISTS `tweets` (
  `id` int(10) unsigned NOT NULL AUTO_INCREMENT,
  `mantenimiento_id` int(11) NOT NULL,
  `documento` varchar(255) COLLATE utf8_unicode_ci NOT NULL,
  `archivo` varchar(255) COLLATE utf8_unicode_ci NOT NULL,
  `usu_alta_id` int(11) NOT NULL,
  `usu_mod_id` int(11) NOT NULL,
  `created_at` timestamp NOT NULL DEFAULT '0000-00-00 00:00:00',
  `updated_at` timestamp NOT NULL DEFAULT '0000-00-00 00:00:00',
  PRIMARY KEY (`id`)
) ENGINE=InnoDB DEFAULT CHARSET=utf8 COLLATE=utf8_unicode_ci;

-- Volcando datos para la tabla siam_scribe.tweets: ~0 rows (aproximadamente)
/*!40000 ALTER TABLE `tweets` DISABLE KEYS */;
/*!40000 ALTER TABLE `tweets` ENABLE KEYS */;


-- Volcando estructura para tabla siam_scribe.users
CREATE TABLE IF NOT EXISTS `users` (
  `id` int(10) unsigned NOT NULL AUTO_INCREMENT,
  `email` varchar(255) COLLATE utf8_unicode_ci NOT NULL,
  `username` varchar(255) COLLATE utf8_unicode_ci NOT NULL,
  `password` varchar(255) COLLATE utf8_unicode_ci NOT NULL,
  `permissions` text COLLATE utf8_unicode_ci,
  `activated` tinyint(1) NOT NULL DEFAULT '0',
  `activation_code` varchar(255) COLLATE utf8_unicode_ci DEFAULT NULL,
  `activated_at` timestamp NULL DEFAULT NULL,
  `last_login` timestamp NULL DEFAULT NULL,
  `persist_code` varchar(255) COLLATE utf8_unicode_ci DEFAULT NULL,
  `reset_password_code` varchar(255) COLLATE utf8_unicode_ci DEFAULT NULL,
  `first_name` varchar(255) COLLATE utf8_unicode_ci DEFAULT NULL,
  `last_name` varchar(255) COLLATE utf8_unicode_ci DEFAULT NULL,
  `created_at` timestamp NOT NULL DEFAULT '0000-00-00 00:00:00',
  `updated_at` timestamp NOT NULL DEFAULT '0000-00-00 00:00:00',
  `multi_entidad` tinyint(4) NOT NULL DEFAULT '0',
  `entidad_id` int(10) unsigned DEFAULT NULL,
  `empleado_id` int(11) NOT NULL,
  PRIMARY KEY (`id`),
  UNIQUE KEY `users_email_unique` (`email`),
  UNIQUE KEY `users_username_unique` (`username`),
  KEY `users_activation_code_index` (`activation_code`),
  KEY `users_reset_password_code_index` (`reset_password_code`)
) ENGINE=InnoDB AUTO_INCREMENT=6 DEFAULT CHARSET=utf8 COLLATE=utf8_unicode_ci;

-- Volcando datos para la tabla siam_scribe.users: ~5 rows (aproximadamente)
/*!40000 ALTER TABLE `users` DISABLE KEYS */;
INSERT INTO `users` (`id`, `email`, `username`, `password`, `permissions`, `activated`, `activation_code`, `activated_at`, `last_login`, `persist_code`, `reset_password_code`, `first_name`, `last_name`, `created_at`, `updated_at`, `multi_entidad`, `entidad_id`, `empleado_id`) VALUES
	(1, 'fillinares@yahoo.com.mx', 'superusuario', '$2y$10$qks1/LPKnVCfCQC8H.WYhO53CdIruh4rdga5E0QzZ.1yaYZ0TRX.G', '', 1, NULL, '2014-08-20 19:35:05', '2017-05-26 14:22:02', '$2y$10$.BReepWdsfdM4HYLj7GTR.37Ki4PH0pNpMbKXDopUzcjGNtOaX.US', NULL, 'Fil', 'lin', '2014-08-20 19:35:05', '2017-05-26 14:22:02', 1, 1, 1),
	(2, 'demo1@demo1.com', 'demo11', '$2y$10$Q7uWU5HlKu1Nx9SIPCiYVeUANxi3G0PIYWfS80ayzOji2lxZlj3/y', '', 1, NULL, '2014-08-21 19:14:22', '2015-02-28 03:35:51', '$2y$10$tpIqYrUVyeGKLWTpmpLW1.eW.KKe6OE.FTIr.bYmOEJyLYU8Gmeuy', NULL, 'nueva', 'demostracion', '2014-08-21 19:14:22', '2015-02-28 03:35:51', 0, 1, 1),
	(3, 'invitado@invitado.com', 'invitado1', '$2y$10$yJmsmp0kURPMjOVAIrPWSe0l5jnZgAk11knTnuSO3nUVgz8qLIo3u', '', 1, NULL, '2014-09-17 14:29:34', '2014-09-17 14:31:09', '$2y$10$yhxAwj1JahoGgmPxCuTs9u4m4QiqTouUNPinCykOcrFfPksh4vip2', NULL, '', '', '2014-09-17 14:29:34', '2014-09-19 16:04:59', 0, 1, 1),
	(4, 'admin@admin.com', 'administrador', '$2y$10$65Hutr6OFwqgCV0gz6cQFOdNBegH4YsY4Scj8H/dua6Ropr9s5dGu', '{"s_documentos-comentarioEstatus":1}', 1, NULL, '2014-09-19 18:44:56', '2014-09-19 18:48:23', '$2y$10$VvsjK7CDAYjmV2jWbzMlu.FmaNMKfmnFZbuixnSvUkju4GE2wPfWe', NULL, '', '', '2014-09-19 18:44:56', '2015-03-12 01:40:27', 1, 1, 1),
	(5, 'ohpelayo@hotmail.com', 'ohpelayo', '$2y$10$boD8WmfZJNpbCac2UldkJugcnKgvjPhjZjBsbSnKG.qpN65Ce4tXe', '', 1, NULL, '2014-10-10 18:24:51', '2014-10-15 15:54:38', '$2y$10$ZucAD04ULtd12u1QK/nYYO7CYWl7z5aRkAUYlKz3628SfXbZrKazO', NULL, 'Oscar', 'Pelayo', '2014-10-10 18:24:51', '2015-03-10 03:14:08', 0, 1, 2);
/*!40000 ALTER TABLE `users` ENABLE KEYS */;


-- Volcando estructura para tabla siam_scribe.users_entidades
CREATE TABLE IF NOT EXISTS `users_entidades` (
  `user_id` int(10) unsigned NOT NULL,
  `entidades_id` int(10) unsigned NOT NULL,
  PRIMARY KEY (`user_id`,`entidades_id`)
) ENGINE=InnoDB DEFAULT CHARSET=utf8 COLLATE=utf8_unicode_ci;

-- Volcando datos para la tabla siam_scribe.users_entidades: ~0 rows (aproximadamente)
/*!40000 ALTER TABLE `users_entidades` DISABLE KEYS */;
/*!40000 ALTER TABLE `users_entidades` ENABLE KEYS */;


-- Volcando estructura para tabla siam_scribe.users_groups
CREATE TABLE IF NOT EXISTS `users_groups` (
  `user_id` int(10) unsigned NOT NULL,
  `group_id` int(10) unsigned NOT NULL,
  PRIMARY KEY (`user_id`,`group_id`)
) ENGINE=InnoDB DEFAULT CHARSET=utf8;

-- Volcando datos para la tabla siam_scribe.users_groups: ~8 rows (aproximadamente)
/*!40000 ALTER TABLE `users_groups` DISABLE KEYS */;
INSERT INTO `users_groups` (`user_id`, `group_id`) VALUES
	(1, 1),
	(2, 2),
	(2, 3),
	(2, 4),
	(3, 5),
	(4, 3),
	(4, 4),
	(5, 1);
/*!40000 ALTER TABLE `users_groups` ENABLE KEYS */;
/*!40101 SET SQL_MODE=IFNULL(@OLD_SQL_MODE, '') */;
/*!40014 SET FOREIGN_KEY_CHECKS=IF(@OLD_FOREIGN_KEY_CHECKS IS NULL, 1, @OLD_FOREIGN_KEY_CHECKS) */;
/*!40101 SET CHARACTER_SET_CLIENT=@OLD_CHARACTER_SET_CLIENT */;
